ProductID,ProductName,Category,CurrentStock,ReorderLevel,UnitPrice,NewUnitPrice,StockValue,Supplier,LastRestockDate,NextRestockDate,WarehouseLocation,IsReorder,Shortage,OverStocked
93285,Door Frame,Hardware,164,100,$493.4,$49.3,"$8,092",FixRight Depot,30/12/2024,4/1/2025,Warehouse A,FALSE,,Other
48516,Switch Box,Electrical,305,50,$262.9,$26.3,"$8,020",Alpha Materials,30/12/2024,9/1/2025,Warehouse C,FALSE,,OverStock
91243,Shower Set,Hardware,420,50,$360.6,$36.1,"$15,143",Alpha Materials,30/12/2024,22/1/2025,Warehouse A,FALSE,,OverStock
56576,PVC Pipe,Plumbing,357,40,$347.8,$34.8,"$12,415",Konga Wholesale,30/12/2024,1/2/2025,Warehouse C,FALSE,,OverStock
81637,Shower Set,Hardware,90,50,$214.4,$21.4,"$1,930",Konga Wholesale,30/12/2024,7/1/2025,Warehouse A,FALSE,,Other
77526,Kitchen Sink,Plumbing,417,40,$228.9,$22.9,"$9,543",FixRight Depot,29/12/2024,26/1/2025,Warehouse B,FALSE,,OverStock
55648,Toilet Seat,Hardware,354,50,$487.4,$48.7,"$17,254",MegaBuild Ltd,29/12/2024,26/1/2025,Warehouse B,FALSE,,OverStock
53732,Water Heater,Plumbing,210,50,$160.6,$16.1,"$3,373",MegaBuild Ltd,29/12/2024,11/1/2025,Warehouse B,FALSE,,OverStock
63218,Roofing Sheet,Building Materials,44,30,$443.7,$44.4,"$1,952",MegaBuild Ltd,29/12/2024,18/1/2025,Warehouse B,FALSE,,Other
57315,Roofing Sheet,Building Materials,187,40,$335.0,$33.5,"$6,264",Alpha Materials,29/12/2024,14/1/2025,Warehouse A,FALSE,,OverStock
63331,Shower Set,Hardware,28,30,$101.5,$10.2,$284,FixRight Depot,29/12/2024,4/1/2025,Warehouse B,TRUE,2,Other
20482,Toilet Seat,Hardware,70,100,$34.4,$3.4,$241,MegaBuild Ltd,29/12/2024,20/1/2025,Warehouse A,TRUE,30,Other
50533,Bulb Pack,Electrical,373,30,$245.0,$24.5,"$9,140",Alpha Materials,29/12/2024,5/2/2025,Warehouse B,FALSE,,OverStock
29749,Toilet Seat,Hardware,454,20,$437.8,$43.8,"$19,874",Konga Wholesale,29/12/2024,1/2/2025,Warehouse B,FALSE,,OverStock
99786,Kitchen Sink,Plumbing,307,30,$151.0,$15.1,"$4,635",FixRight Depot,29/12/2024,25/1/2025,Warehouse A,FALSE,,OverStock
10576,Wallpaper Roll,Interior,313,150,$141.1,$14.1,"$4,417",MegaBuild Ltd,29/12/2024,24/1/2025,Warehouse A,FALSE,,Other
87362,Electrical Cable,Electrical,259,30,$24.3,$2.4,$629,MegaBuild Ltd,28/12/2024,28/1/2025,Warehouse B,FALSE,,OverStock
78906,Door Frame,Hardware,30,80,$484.1,$48.4,"$1,452",Jumia Supplies,28/12/2024,6/1/2025,Warehouse C,TRUE,50,Other
19039,Concrete Block,Building Materials,154,150,$478.2,$47.8,"$7,364",MegaBuild Ltd,28/12/2024,6/1/2025,Warehouse B,FALSE,,Other
83100,Cement Bag,Building Materials,229,40,$247.6,$24.8,"$5,670",FixRight Depot,28/12/2024,2/2/2025,Warehouse C,FALSE,,OverStock
61331,Door Frame,Hardware,143,40,$85.3,$8.5,"$1,220",Jumia Supplies,28/12/2024,18/1/2025,Warehouse C,FALSE,,OverStock
25313,Kitchen Sink,Plumbing,2,150,$265.6,$26.6,$53,FixRight Depot,27/12/2024,14/1/2025,Warehouse C,TRUE,148,Other
75095,Floor Tiles,Interior,280,80,$84.2,$8.4,"$2,359",Jumia Supplies,27/12/2024,16/1/2025,Warehouse A,FALSE,,OverStock
78056,Electrical Cable,Electrical,387,40,$203.7,$20.4,"$7,885",MegaBuild Ltd,27/12/2024,3/2/2025,Warehouse A,FALSE,,OverStock
79603,Water Heater,Plumbing,170,20,$476.7,$47.7,"$8,103",FixRight Depot,27/12/2024,9/1/2025,Warehouse B,FALSE,,OverStock
98284,Concrete Block,Building Materials,211,20,$361.5,$36.2,"$7,628",Jumia Supplies,27/12/2024,11/1/2025,Warehouse B,FALSE,,OverStock
51011,Door Frame,Hardware,173,100,$172.8,$17.3,"$2,989",FixRight Depot,27/12/2024,30/1/2025,Warehouse B,FALSE,,Other
95961,Bulb Pack,Electrical,359,50,$269.3,$26.9,"$9,668",MegaBuild Ltd,27/12/2024,5/1/2025,Warehouse A,FALSE,,OverStock
27986,Roofing Sheet,Building Materials,172,40,$166.8,$16.7,"$2,869",Jumia Supplies,27/12/2024,26/1/2025,Warehouse A,FALSE,,OverStock
94454,Wallpaper Roll,Interior,122,100,$299.0,$29.9,"$3,648",FixRight Depot,27/12/2024,11/1/2025,Warehouse A,FALSE,,Other
36649,Paint Bucket,Interior,75,100,$388.1,$38.8,"$2,911",FixRight Depot,26/12/2024,18/1/2025,Warehouse A,TRUE,25,Other
76537,Window Glass,Hardware,20,30,$38.4,$3.8,$77,MegaBuild Ltd,26/12/2024,30/1/2025,Warehouse B,TRUE,10,Other
76617,Door Frame,Hardware,41,150,$346.3,$34.6,"$1,420",MegaBuild Ltd,26/12/2024,26/1/2025,Warehouse A,TRUE,109,Other
13477,Ceiling Board,Interior,410,100,$202.5,$20.2,"$8,302",Konga Wholesale,26/12/2024,2/1/2025,Warehouse C,FALSE,,OverStock
31162,Roofing Sheet,Building Materials,120,80,$71.9,$7.2,$863,MegaBuild Ltd,26/12/2024,17/1/2025,Warehouse A,FALSE,,Other
30661,Concrete Block,Building Materials,162,150,$385.9,$38.6,"$6,252",Konga Wholesale,26/12/2024,30/1/2025,Warehouse A,FALSE,,Other
57025,Ceiling Board,Interior,139,100,$34.0,$3.4,$473,FixRight Depot,26/12/2024,23/1/2025,Warehouse C,FALSE,,Other
94436,Bulb Pack,Electrical,339,150,$197.9,$19.8,"$6,709",Alpha Materials,26/12/2024,15/1/2025,Warehouse B,FALSE,,Other
92205,Floor Tiles,Interior,103,100,$496.3,$49.6,"$5,112",Alpha Materials,25/12/2024,30/12/2024,Warehouse B,FALSE,,Other
35307,Water Heater,Plumbing,5,50,$95.0,$9.5,$47,FixRight Depot,25/12/2024,13/1/2025,Warehouse A,TRUE,45,Other
35479,Window Glass,Hardware,295,50,$142.8,$14.3,"$4,212",Alpha Materials,25/12/2024,9/1/2025,Warehouse B,FALSE,,OverStock
55852,Paint Bucket,Interior,121,80,$110.6,$11.1,"$1,338",FixRight Depot,25/12/2024,30/12/2024,Warehouse C,FALSE,,Other
60298,Bulb Pack,Electrical,45,100,$352.5,$35.3,"$1,586",Alpha Materials,25/12/2024,3/1/2025,Warehouse A,TRUE,55,Other
37785,Cement Bag,Building Materials,28,80,$167.5,$16.8,$469,Konga Wholesale,25/12/2024,30/1/2025,Warehouse C,TRUE,52,Other
20002,Window Glass,Hardware,457,80,$461.3,$46.1,"$21,080",Konga Wholesale,25/12/2024,6/1/2025,Warehouse B,FALSE,,OverStock
41052,Water Heater,Plumbing,195,80,$375.4,$37.5,"$7,320",MegaBuild Ltd,25/12/2024,30/1/2025,Warehouse C,FALSE,,Other
20234,Shower Set,Hardware,449,150,$25.5,$2.6,"$1,147",Jumia Supplies,24/12/2024,25/1/2025,Warehouse B,FALSE,,Other
11129,Cement Bag,Building Materials,129,20,$366.0,$36.6,"$4,722",Konga Wholesale,24/12/2024,25/1/2025,Warehouse B,FALSE,,OverStock
29768,Toilet Seat,Hardware,189,80,$374.9,$37.5,"$7,085",Konga Wholesale,24/12/2024,12/1/2025,Warehouse B,FALSE,,Other
28706,Window Glass,Hardware,333,50,$117.3,$11.7,"$3,904",Alpha Materials,24/12/2024,14/1/2025,Warehouse C,FALSE,,OverStock
64499,Water Heater,Plumbing,22,150,$323.2,$32.3,$711,MegaBuild Ltd,24/12/2024,1/2/2025,Warehouse B,TRUE,128,Other
15888,Shower Set,Hardware,85,40,$293.4,$29.3,"$2,494",FixRight Depot,24/12/2024,30/12/2024,Warehouse C,FALSE,,Other
29810,Concrete Block,Building Materials,429,100,$206.7,$20.7,"$8,869",Konga Wholesale,23/12/2024,7/1/2025,Warehouse B,FALSE,,OverStock
32923,Kitchen Sink,Plumbing,428,40,$323.6,$32.4,"$13,849",FixRight Depot,23/12/2024,29/1/2025,Warehouse C,FALSE,,OverStock
32873,Door Frame,Hardware,461,100,$214.1,$21.4,"$9,871",Jumia Supplies,23/12/2024,22/1/2025,Warehouse A,FALSE,,OverStock
26442,Wallpaper Roll,Interior,121,20,$350.2,$35.0,"$4,238",Alpha Materials,23/12/2024,21/1/2025,Warehouse A,FALSE,,OverStock
47437,Floor Tiles,Interior,234,20,$46.8,$4.7,"$1,094",Jumia Supplies,22/12/2024,16/1/2025,Warehouse C,FALSE,,OverStock
51831,Electrical Cable,Electrical,189,150,$462.7,$46.3,"$8,745",FixRight Depot,22/12/2024,12/1/2025,Warehouse A,FALSE,,Other
42322,Kitchen Sink,Plumbing,405,100,$160.4,$16.0,"$6,495",Alpha Materials,22/12/2024,11/1/2025,Warehouse B,FALSE,,OverStock
59999,Toilet Seat,Hardware,446,100,$232.1,$23.2,"$10,352",MegaBuild Ltd,22/12/2024,29/12/2024,Warehouse C,FALSE,,OverStock
13728,Paint Bucket,Interior,127,100,$414.4,$41.4,"$5,262",Jumia Supplies,22/12/2024,18/1/2025,Warehouse B,FALSE,,Other
67752,Wallpaper Roll,Interior,357,80,$12.2,$1.2,$437,MegaBuild Ltd,22/12/2024,27/1/2025,Warehouse C,FALSE,,OverStock
14225,Ceiling Board,Interior,200,40,$298.3,$29.8,"$5,965",Konga Wholesale,22/12/2024,4/1/2025,Warehouse B,FALSE,,OverStock
76904,Floor Tiles,Interior,200,20,$22.6,$2.3,$451,Konga Wholesale,22/12/2024,19/1/2025,Warehouse A,FALSE,,OverStock
92368,PVC Pipe,Plumbing,208,30,$415.2,$41.5,"$8,637",FixRight Depot,22/12/2024,4/1/2025,Warehouse B,FALSE,,OverStock
24418,Water Heater,Plumbing,367,40,$105.3,$10.5,"$3,865",MegaBuild Ltd,21/12/2024,31/12/2024,Warehouse B,FALSE,,OverStock
24328,Kitchen Sink,Plumbing,215,20,$231.1,$23.1,"$4,969",Konga Wholesale,21/12/2024,5/1/2025,Warehouse C,FALSE,,OverStock
95222,Wallpaper Roll,Interior,303,20,$412.1,$41.2,"$12,487",MegaBuild Ltd,21/12/2024,1/1/2025,Warehouse C,FALSE,,OverStock
56287,Wallpaper Roll,Interior,182,150,$258.3,$25.8,"$4,700",Alpha Materials,20/12/2024,27/12/2024,Warehouse A,FALSE,,Other
71381,Door Frame,Hardware,326,40,$481.3,$48.1,"$15,691",MegaBuild Ltd,20/12/2024,25/1/2025,Warehouse B,FALSE,,OverStock
81186,Shower Set,Hardware,141,30,$471.0,$47.1,"$6,642",MegaBuild Ltd,20/12/2024,26/1/2025,Warehouse A,FALSE,,OverStock
93402,Paint Bucket,Interior,324,30,$471.3,$47.1,"$15,270",Konga Wholesale,20/12/2024,25/1/2025,Warehouse C,FALSE,,OverStock
20862,Electrical Cable,Electrical,423,40,$18.6,$1.9,$787,Jumia Supplies,20/12/2024,7/1/2025,Warehouse B,FALSE,,OverStock
34502,Shower Set,Hardware,467,50,$62.1,$6.2,"$2,900",Konga Wholesale,19/12/2024,13/1/2025,Warehouse A,FALSE,,OverStock
29558,Floor Tiles,Interior,99,80,$56.9,$5.7,$563,MegaBuild Ltd,19/12/2024,22/1/2025,Warehouse A,FALSE,,Other
12589,Paint Bucket,Interior,150,50,$28.1,$2.8,$421,Jumia Supplies,19/12/2024,25/12/2024,Warehouse C,FALSE,,Other
28007,Ceiling Board,Interior,125,150,$227.4,$22.7,"$2,842",MegaBuild Ltd,19/12/2024,24/1/2025,Warehouse C,TRUE,25,Other
28206,Cement Bag,Building Materials,33,40,$102.3,$10.2,$338,MegaBuild Ltd,19/12/2024,4/1/2025,Warehouse A,TRUE,7,Other
42940,Cement Bag,Building Materials,492,50,$268.1,$26.8,"$13,190",Konga Wholesale,18/12/2024,7/1/2025,Warehouse C,FALSE,,OverStock
31630,Floor Tiles,Interior,199,80,$312.9,$31.3,"$6,226",Alpha Materials,18/12/2024,28/12/2024,Warehouse C,FALSE,,Other
15409,Bulb Pack,Electrical,228,150,$107.3,$10.7,"$2,446",Konga Wholesale,18/12/2024,3/1/2025,Warehouse C,FALSE,,Other
95283,Paint Bucket,Interior,403,30,$397.4,$39.7,"$16,014",Alpha Materials,18/12/2024,15/1/2025,Warehouse C,FALSE,,OverStock
39669,Cement Bag,Building Materials,378,100,$451.2,$45.1,"$17,056",Jumia Supplies,18/12/2024,4/1/2025,Warehouse C,FALSE,,OverStock
35727,Ceiling Board,Interior,278,50,$81.5,$8.2,"$2,266",Jumia Supplies,18/12/2024,6/1/2025,Warehouse B,FALSE,,OverStock
31873,Cement Bag,Building Materials,225,50,$169.6,$17.0,"$3,817",Alpha Materials,18/12/2024,30/12/2024,Warehouse A,FALSE,,OverStock
12026,Bulb Pack,Electrical,53,80,$466.0,$46.6,"$2,470",FixRight Depot,18/12/2024,23/1/2025,Warehouse B,TRUE,27,Other
97939,Water Heater,Plumbing,379,80,$104.9,$10.5,"$3,974",Alpha Materials,17/12/2024,22/1/2025,Warehouse C,FALSE,,OverStock
58320,PVC Pipe,Plumbing,128,150,$337.9,$33.8,"$4,326",MegaBuild Ltd,17/12/2024,26/12/2024,Warehouse C,TRUE,22,Other
25581,Bulb Pack,Electrical,46,80,$152.6,$15.3,$702,FixRight Depot,17/12/2024,22/1/2025,Warehouse A,TRUE,34,Other
37215,Shower Set,Hardware,435,30,$203.8,$20.4,"$8,867",MegaBuild Ltd,17/12/2024,26/12/2024,Warehouse B,FALSE,,OverStock
66878,PVC Pipe,Plumbing,246,100,$336.9,$33.7,"$8,287",MegaBuild Ltd,17/12/2024,31/12/2024,Warehouse C,FALSE,,Other
62433,Concrete Block,Building Materials,334,20,$16.4,$1.6,$549,MegaBuild Ltd,17/12/2024,23/1/2025,Warehouse B,FALSE,,OverStock
36296,Window Glass,Hardware,126,80,$247.7,$24.8,"$3,121",Jumia Supplies,17/12/2024,11/1/2025,Warehouse C,FALSE,,Other
45162,Bulb Pack,Electrical,388,30,$477.2,$47.7,"$18,517",Alpha Materials,17/12/2024,21/1/2025,Warehouse A,FALSE,,OverStock
81428,Paint Bucket,Interior,410,50,$167.3,$16.7,"$6,861",Alpha Materials,17/12/2024,25/12/2024,Warehouse B,FALSE,,OverStock
51057,Wallpaper Roll,Interior,191,80,$366.4,$36.6,"$6,998",MegaBuild Ltd,17/12/2024,8/1/2025,Warehouse C,FALSE,,Other
36401,Kitchen Sink,Plumbing,215,80,$133.0,$13.3,"$2,859",Jumia Supplies,17/12/2024,21/1/2025,Warehouse C,FALSE,,Other
83586,Toilet Seat,Hardware,466,150,$97.5,$9.7,"$4,543",FixRight Depot,17/12/2024,10/1/2025,Warehouse B,FALSE,,OverStock
65020,Concrete Block,Building Materials,33,30,$369.3,$36.9,"$1,219",Jumia Supplies,17/12/2024,2/1/2025,Warehouse B,FALSE,,Other
41247,Cement Bag,Building Materials,274,20,$407.3,$40.7,"$11,160",FixRight Depot,17/12/2024,9/1/2025,Warehouse A,FALSE,,OverStock
31016,Shower Set,Hardware,433,20,$115.7,$11.6,"$5,012",Jumia Supplies,17/12/2024,17/1/2025,Warehouse A,FALSE,,OverStock
30239,Concrete Block,Building Materials,345,30,$93.2,$9.3,"$3,216",MegaBuild Ltd,16/12/2024,16/1/2025,Warehouse B,FALSE,,OverStock
30325,Shower Set,Hardware,84,100,$359.2,$35.9,"$3,018",FixRight Depot,16/12/2024,8/1/2025,Warehouse B,TRUE,16,Other
84215,Floor Tiles,Interior,318,20,$456.3,$45.6,"$14,511",Konga Wholesale,16/12/2024,23/12/2024,Warehouse A,FALSE,,OverStock
47595,Water Heater,Plumbing,364,50,$114.1,$11.4,"$4,152",Jumia Supplies,16/12/2024,8/1/2025,Warehouse A,FALSE,,OverStock
53322,Door Frame,Hardware,344,100,$172.3,$17.2,"$5,928",Jumia Supplies,16/12/2024,6/1/2025,Warehouse C,FALSE,,OverStock
88928,Electrical Cable,Electrical,1,80,$37.9,$3.8,$4,Jumia Supplies,15/12/2024,21/12/2024,Warehouse B,TRUE,79,Other
20273,Concrete Block,Building Materials,142,50,$195.5,$19.6,"$2,776",FixRight Depot,15/12/2024,7/1/2025,Warehouse A,FALSE,,Other
25993,Concrete Block,Building Materials,343,30,$17.8,$1.8,$612,FixRight Depot,15/12/2024,2/1/2025,Warehouse C,FALSE,,OverStock
69179,Paint Bucket,Interior,94,40,$422.6,$42.3,"$3,973",Konga Wholesale,15/12/2024,8/1/2025,Warehouse A,FALSE,,Other
66648,PVC Pipe,Plumbing,48,50,$339.9,$34.0,"$1,632",Jumia Supplies,15/12/2024,4/1/2025,Warehouse C,TRUE,2,Other
59811,Cement Bag,Building Materials,123,40,$97.3,$9.7,"$1,197",FixRight Depot,14/12/2024,21/12/2024,Warehouse C,FALSE,,OverStock
95067,Cement Bag,Building Materials,486,150,$220.7,$22.1,"$10,724",MegaBuild Ltd,14/12/2024,21/12/2024,Warehouse C,FALSE,,OverStock
77042,Electrical Cable,Electrical,132,150,$346.6,$34.7,"$4,575",Alpha Materials,14/12/2024,2/1/2025,Warehouse C,TRUE,18,Other
45249,Roofing Sheet,Building Materials,243,100,$145.5,$14.6,"$3,537",Konga Wholesale,14/12/2024,12/1/2025,Warehouse B,FALSE,,Other
14138,Electrical Cable,Electrical,410,30,$498.2,$49.8,"$20,424",Jumia Supplies,13/12/2024,3/1/2025,Warehouse A,FALSE,,OverStock
51542,Door Frame,Hardware,387,30,$327.2,$32.7,"$12,661",Konga Wholesale,13/12/2024,3/1/2025,Warehouse A,FALSE,,OverStock
25957,Switch Box,Electrical,235,50,$210.8,$21.1,"$4,953",Jumia Supplies,13/12/2024,27/12/2024,Warehouse A,FALSE,,OverStock
72303,Wallpaper Roll,Interior,26,100,$429.9,$43.0,"$1,118",MegaBuild Ltd,13/12/2024,17/1/2025,Warehouse C,TRUE,74,Other
56303,Bulb Pack,Electrical,398,40,$499.8,$50.0,"$19,894",Jumia Supplies,13/12/2024,14/1/2025,Warehouse A,FALSE,,OverStock
43292,Water Heater,Plumbing,368,30,$441.7,$44.2,"$16,255",Jumia Supplies,13/12/2024,14/1/2025,Warehouse B,FALSE,,OverStock
74713,Kitchen Sink,Plumbing,152,20,$109.6,$11.0,"$1,665",Jumia Supplies,13/12/2024,28/12/2024,Warehouse A,FALSE,,OverStock
18338,Electrical Cable,Electrical,367,40,$249.8,$25.0,"$9,167",Alpha Materials,13/12/2024,8/1/2025,Warehouse B,FALSE,,OverStock
69763,Wallpaper Roll,Interior,440,20,$191.7,$19.2,"$8,433",MegaBuild Ltd,13/12/2024,12/1/2025,Warehouse C,FALSE,,OverStock
52287,Water Heater,Plumbing,315,30,$68.5,$6.9,"$2,158",Alpha Materials,12/12/2024,30/12/2024,Warehouse A,FALSE,,OverStock
37912,Cement Bag,Building Materials,68,100,$332.0,$33.2,"$2,257",FixRight Depot,12/12/2024,24/12/2024,Warehouse A,TRUE,32,Other
22279,Toilet Seat,Hardware,421,150,$266.1,$26.6,"$11,201",FixRight Depot,12/12/2024,14/1/2025,Warehouse C,FALSE,,Other
87219,Paint Bucket,Interior,269,30,$130.2,$13.0,"$3,503",MegaBuild Ltd,12/12/2024,10/1/2025,Warehouse A,FALSE,,OverStock
65427,Concrete Block,Building Materials,42,80,$27.7,$2.8,$116,MegaBuild Ltd,12/12/2024,17/1/2025,Warehouse C,TRUE,38,Other
25620,PVC Pipe,Plumbing,493,30,$342.8,$34.3,"$16,902",Konga Wholesale,11/12/2024,10/1/2025,Warehouse A,FALSE,,OverStock
63517,Concrete Block,Building Materials,185,20,$471.9,$47.2,"$8,731",Alpha Materials,11/12/2024,31/12/2024,Warehouse C,FALSE,,OverStock
93391,Concrete Block,Building Materials,164,80,$206.1,$20.6,"$3,380",Jumia Supplies,11/12/2024,1/1/2025,Warehouse C,FALSE,,Other
52548,Switch Box,Electrical,217,150,$412.0,$41.2,"$8,940",MegaBuild Ltd,11/12/2024,12/1/2025,Warehouse A,FALSE,,Other
41676,Roofing Sheet,Building Materials,50,80,$373.2,$37.3,"$1,866",Jumia Supplies,11/12/2024,27/12/2024,Warehouse A,TRUE,30,Other
82264,Concrete Block,Building Materials,339,30,$256.3,$25.6,"$8,689",Alpha Materials,11/12/2024,6/1/2025,Warehouse A,FALSE,,OverStock
71407,Wallpaper Roll,Interior,265,50,$38.5,$3.9,"$1,021",Konga Wholesale,11/12/2024,30/12/2024,Warehouse C,FALSE,,OverStock
71088,Door Frame,Hardware,467,40,$133.0,$13.3,"$6,210",Jumia Supplies,11/12/2024,19/12/2024,Warehouse B,FALSE,,OverStock
28764,Kitchen Sink,Plumbing,9,20,$106.5,$10.7,$96,Jumia Supplies,11/12/2024,10/1/2025,Warehouse C,TRUE,11,Other
44902,Window Glass,Hardware,205,80,$331.3,$33.1,"$6,792",FixRight Depot,11/12/2024,8/1/2025,Warehouse B,FALSE,,Other
33387,Wallpaper Roll,Interior,202,100,$377.8,$37.8,"$7,632",Alpha Materials,10/12/2024,5/1/2025,Warehouse A,FALSE,,Other
39055,PVC Pipe,Plumbing,471,20,$234.7,$23.5,"$11,052",FixRight Depot,10/12/2024,4/1/2025,Warehouse A,FALSE,,OverStock
13952,Cement Bag,Building Materials,355,80,$300.3,$30.0,"$10,662",Jumia Supplies,10/12/2024,3/1/2025,Warehouse B,FALSE,,OverStock
31803,Concrete Block,Building Materials,314,100,$383.6,$38.4,"$12,045",Jumia Supplies,10/12/2024,13/1/2025,Warehouse C,FALSE,,OverStock
24075,Window Glass,Hardware,256,150,$239.0,$23.9,"$6,119",FixRight Depot,10/12/2024,16/1/2025,Warehouse B,FALSE,,Other
71549,Roofing Sheet,Building Materials,286,150,$286.4,$28.6,"$8,192",MegaBuild Ltd,10/12/2024,15/12/2024,Warehouse C,FALSE,,Other
68005,Roofing Sheet,Building Materials,373,80,$487.7,$48.8,"$18,192",Alpha Materials,10/12/2024,15/12/2024,Warehouse B,FALSE,,OverStock
90468,Wallpaper Roll,Interior,316,20,$161.3,$16.1,"$5,098",MegaBuild Ltd,10/12/2024,19/12/2024,Warehouse A,FALSE,,OverStock
39759,Roofing Sheet,Building Materials,213,100,$166.3,$16.6,"$3,543",Alpha Materials,9/12/2024,21/12/2024,Warehouse A,FALSE,,Other
97318,Roofing Sheet,Building Materials,267,30,$188.6,$18.9,"$5,036",Jumia Supplies,9/12/2024,24/12/2024,Warehouse A,FALSE,,OverStock
28976,Ceiling Board,Interior,88,80,$6.9,$0.7,$61,MegaBuild Ltd,9/12/2024,15/12/2024,Warehouse C,FALSE,,Other
70289,Ceiling Board,Interior,367,20,$412.7,$41.3,"$15,146",FixRight Depot,9/12/2024,3/1/2025,Warehouse A,FALSE,,OverStock
35099,Door Frame,Hardware,68,80,$219.5,$22.0,"$1,493",FixRight Depot,9/12/2024,1/1/2025,Warehouse A,TRUE,12,Other
61341,Kitchen Sink,Plumbing,249,30,$359.8,$36.0,"$8,958",Konga Wholesale,9/12/2024,23/12/2024,Warehouse B,FALSE,,OverStock
12332,Shower Set,Hardware,105,30,$406.1,$40.6,"$4,264",Alpha Materials,9/12/2024,17/1/2025,Warehouse C,FALSE,,OverStock
25739,Window Glass,Hardware,195,150,$35.1,$3.5,$685,Jumia Supplies,9/12/2024,12/1/2025,Warehouse A,FALSE,,Other
68161,Water Heater,Plumbing,95,100,$355.0,$35.5,"$3,372",Jumia Supplies,8/12/2024,5/1/2025,Warehouse B,TRUE,5,Other
45517,Switch Box,Electrical,419,150,$210.9,$21.1,"$8,836",Alpha Materials,8/12/2024,11/1/2025,Warehouse A,FALSE,,Other
43418,Shower Set,Hardware,152,50,$286.9,$28.7,"$4,361",MegaBuild Ltd,8/12/2024,5/1/2025,Warehouse C,FALSE,,OverStock
88824,Kitchen Sink,Plumbing,74,80,$317.7,$31.8,"$2,351",MegaBuild Ltd,8/12/2024,6/1/2025,Warehouse B,TRUE,6,Other
83290,Floor Tiles,Interior,88,150,$242.6,$24.3,"$2,135",Konga Wholesale,8/12/2024,13/1/2025,Warehouse A,TRUE,62,Other
78682,Switch Box,Electrical,48,20,$108.6,$10.9,$521,MegaBuild Ltd,8/12/2024,15/1/2025,Warehouse A,FALSE,,Other
46572,Door Frame,Hardware,246,100,$215.7,$21.6,"$5,305",Jumia Supplies,8/12/2024,16/12/2024,Warehouse B,FALSE,,Other
52269,Concrete Block,Building Materials,13,100,$391.4,$39.1,$509,MegaBuild Ltd,8/12/2024,11/1/2025,Warehouse B,TRUE,87,Other
62342,Door Frame,Hardware,66,40,$462.3,$46.2,"$3,051",FixRight Depot,8/12/2024,14/1/2025,Warehouse A,FALSE,,Other
41795,Switch Box,Electrical,81,100,$101.3,$10.1,$821,MegaBuild Ltd,8/12/2024,14/1/2025,Warehouse B,TRUE,19,Other
13796,Wallpaper Roll,Interior,51,100,$490.4,$49.0,"$2,501",Jumia Supplies,8/12/2024,17/12/2024,Warehouse A,TRUE,49,Other
22735,Electrical Cable,Electrical,119,30,$242.4,$24.2,"$2,884",FixRight Depot,8/12/2024,30/12/2024,Warehouse C,FALSE,,OverStock
32623,Wallpaper Roll,Interior,416,40,$381.9,$38.2,"$15,888",Konga Wholesale,8/12/2024,8/1/2025,Warehouse B,FALSE,,OverStock
60098,Door Frame,Hardware,304,80,$273.1,$27.3,"$8,303",Konga Wholesale,7/12/2024,3/1/2025,Warehouse B,FALSE,,OverStock
87787,Door Frame,Hardware,211,40,$442.0,$44.2,"$9,325",FixRight Depot,7/12/2024,15/12/2024,Warehouse B,FALSE,,OverStock
27718,Paint Bucket,Interior,419,40,$350.1,$35.0,"$14,669",Alpha Materials,7/12/2024,23/12/2024,Warehouse C,FALSE,,OverStock
93591,Concrete Block,Building Materials,479,30,$78.0,$7.8,"$3,736",Konga Wholesale,7/12/2024,24/12/2024,Warehouse A,FALSE,,OverStock
76299,Electrical Cable,Electrical,184,40,$499.8,$50.0,"$9,195",MegaBuild Ltd,7/12/2024,31/12/2024,Warehouse C,FALSE,,OverStock
69453,Electrical Cable,Electrical,358,100,$462.7,$46.3,"$16,564",Jumia Supplies,7/12/2024,14/1/2025,Warehouse A,FALSE,,OverStock
82043,Bulb Pack,Electrical,467,20,$181.4,$18.1,"$8,473",Konga Wholesale,7/12/2024,6/1/2025,Warehouse C,FALSE,,OverStock
64345,Water Heater,Plumbing,433,80,$368.5,$36.8,"$15,955",MegaBuild Ltd,7/12/2024,2/1/2025,Warehouse C,FALSE,,OverStock
60486,Switch Box,Electrical,16,20,$251.2,$25.1,$402,Jumia Supplies,7/12/2024,15/1/2025,Warehouse A,TRUE,4,Other
21651,Concrete Block,Building Materials,152,40,$489.4,$48.9,"$7,439",Alpha Materials,7/12/2024,13/12/2024,Warehouse A,FALSE,,OverStock
72063,Switch Box,Electrical,95,150,$167.9,$16.8,"$1,595",Konga Wholesale,7/12/2024,24/12/2024,Warehouse B,TRUE,55,Other
69807,Paint Bucket,Interior,375,20,$105.8,$10.6,"$3,969",Jumia Supplies,7/12/2024,11/1/2025,Warehouse B,FALSE,,OverStock
70686,Kitchen Sink,Plumbing,53,30,$50.9,$5.1,$270,FixRight Depot,6/12/2024,4/1/2025,Warehouse A,FALSE,,Other
85319,Cement Bag,Building Materials,415,30,$340.3,$34.0,"$14,123",MegaBuild Ltd,6/12/2024,2/1/2025,Warehouse B,FALSE,,OverStock
33806,Door Frame,Hardware,57,80,$476.9,$47.7,"$2,718",Alpha Materials,6/12/2024,8/1/2025,Warehouse B,TRUE,23,Other
21017,Ceiling Board,Interior,476,80,$290.7,$29.1,"$13,838",Konga Wholesale,6/12/2024,15/12/2024,Warehouse A,FALSE,,OverStock
31966,Wallpaper Roll,Interior,320,100,$324.0,$32.4,"$10,369",Konga Wholesale,6/12/2024,3/1/2025,Warehouse A,FALSE,,OverStock
16590,Roofing Sheet,Building Materials,324,30,$167.8,$16.8,"$5,436",Jumia Supplies,6/12/2024,29/12/2024,Warehouse C,FALSE,,OverStock
65721,Window Glass,Hardware,399,40,$41.5,$4.1,"$1,655",MegaBuild Ltd,6/12/2024,9/1/2025,Warehouse C,FALSE,,OverStock
31773,Cement Bag,Building Materials,425,80,$327.0,$32.7,"$13,897",MegaBuild Ltd,6/12/2024,18/12/2024,Warehouse C,FALSE,,OverStock
89211,Shower Set,Hardware,120,100,$30.8,$3.1,$370,Alpha Materials,6/12/2024,7/1/2025,Warehouse A,FALSE,,Other
29589,PVC Pipe,Plumbing,97,30,$105.4,$10.5,"$1,023",MegaBuild Ltd,6/12/2024,30/12/2024,Warehouse B,FALSE,,OverStock
87700,Door Frame,Hardware,403,40,$361.9,$36.2,"$14,583",Jumia Supplies,6/12/2024,23/12/2024,Warehouse C,FALSE,,OverStock
20816,Concrete Block,Building Materials,413,20,$171.5,$17.2,"$7,083",Jumia Supplies,5/12/2024,14/12/2024,Warehouse C,FALSE,,OverStock
30566,Paint Bucket,Interior,174,30,$428.8,$42.9,"$7,461",Jumia Supplies,5/12/2024,21/12/2024,Warehouse B,FALSE,,OverStock
23780,Concrete Block,Building Materials,157,40,$174.3,$17.4,"$2,737",Alpha Materials,5/12/2024,31/12/2024,Warehouse A,FALSE,,OverStock
44523,Window Glass,Hardware,143,100,$460.4,$46.0,"$6,584",Konga Wholesale,5/12/2024,7/1/2025,Warehouse A,FALSE,,Other
28243,Concrete Block,Building Materials,7,50,$64.0,$6.4,$45,FixRight Depot,5/12/2024,27/12/2024,Warehouse B,TRUE,43,Other
43945,Bulb Pack,Electrical,255,40,$327.2,$32.7,"$8,344",Konga Wholesale,5/12/2024,8/1/2025,Warehouse C,FALSE,,OverStock
46843,Cement Bag,Building Materials,238,100,$233.1,$23.3,"$5,547",Konga Wholesale,5/12/2024,11/1/2025,Warehouse C,FALSE,,Other
51813,Wallpaper Roll,Interior,84,150,$304.9,$30.5,"$2,561",Konga Wholesale,5/12/2024,2/1/2025,Warehouse C,TRUE,66,Other
81739,Shower Set,Hardware,424,50,$79.6,$8.0,"$3,374",Jumia Supplies,5/12/2024,5/1/2025,Warehouse C,FALSE,,OverStock
28632,Electrical Cable,Electrical,233,40,$246.9,$24.7,"$5,753",FixRight Depot,4/12/2024,9/12/2024,Warehouse A,FALSE,,OverStock
29715,Electrical Cable,Electrical,290,150,$219.7,$22.0,"$6,371",Alpha Materials,4/12/2024,5/1/2025,Warehouse A,FALSE,,Other
57369,Window Glass,Hardware,144,40,$357.8,$35.8,"$5,152",Alpha Materials,4/12/2024,22/12/2024,Warehouse C,FALSE,,OverStock
34578,Cement Bag,Building Materials,378,30,$260.1,$26.0,"$9,830",Konga Wholesale,3/12/2024,24/12/2024,Warehouse B,FALSE,,OverStock
95961,Door Frame,Hardware,196,20,$30.2,$3.0,$593,Alpha Materials,3/12/2024,25/12/2024,Warehouse B,FALSE,,OverStock
28100,Concrete Block,Building Materials,153,100,$481.0,$48.1,"$7,359",Konga Wholesale,3/12/2024,8/1/2025,Warehouse B,FALSE,,Other
14535,Paint Bucket,Interior,83,40,$57.1,$5.7,$474,FixRight Depot,3/12/2024,2/1/2025,Warehouse A,FALSE,,Other
79000,Bulb Pack,Electrical,148,100,$340.4,$34.0,"$5,038",FixRight Depot,3/12/2024,12/12/2024,Warehouse B,FALSE,,Other
97110,Ceiling Board,Interior,360,20,$249.8,$25.0,"$8,994",Jumia Supplies,3/12/2024,26/12/2024,Warehouse C,FALSE,,OverStock
38702,PVC Pipe,Plumbing,260,100,$381.9,$38.2,"$9,929",Konga Wholesale,3/12/2024,12/12/2024,Warehouse A,FALSE,,Other
31661,Shower Set,Hardware,353,20,$218.2,$21.8,"$7,702",MegaBuild Ltd,3/12/2024,21/12/2024,Warehouse A,FALSE,,OverStock
48639,Toilet Seat,Hardware,434,30,$162.4,$16.2,"$7,048",Alpha Materials,3/12/2024,21/12/2024,Warehouse A,FALSE,,OverStock
57304,Kitchen Sink,Plumbing,147,40,$299.6,$30.0,"$4,404",MegaBuild Ltd,2/12/2024,9/1/2025,Warehouse B,FALSE,,OverStock
82307,Electrical Cable,Electrical,93,80,$27.5,$2.8,$256,Jumia Supplies,2/12/2024,25/12/2024,Warehouse B,FALSE,,Other
86106,Kitchen Sink,Plumbing,133,80,$167.4,$16.7,"$2,227",MegaBuild Ltd,2/12/2024,30/12/2024,Warehouse C,FALSE,,Other
36849,PVC Pipe,Plumbing,455,40,$143.3,$14.3,"$6,519",Konga Wholesale,2/12/2024,6/1/2025,Warehouse A,FALSE,,OverStock
65283,Switch Box,Electrical,162,40,$260.9,$26.1,"$4,227",MegaBuild Ltd,2/12/2024,3/1/2025,Warehouse C,FALSE,,OverStock
30125,Kitchen Sink,Plumbing,125,30,$152.7,$15.3,"$1,909",FixRight Depot,2/12/2024,30/12/2024,Warehouse A,FALSE,,OverStock
54397,Window Glass,Hardware,65,100,$370.8,$37.1,"$2,410",MegaBuild Ltd,2/12/2024,29/12/2024,Warehouse A,TRUE,35,Other
80423,Floor Tiles,Interior,106,40,$491.4,$49.1,"$5,209",FixRight Depot,2/12/2024,1/1/2025,Warehouse A,FALSE,,Other
97191,Kitchen Sink,Plumbing,65,150,$278.2,$27.8,"$1,808",FixRight Depot,2/12/2024,24/12/2024,Warehouse C,TRUE,85,Other
10891,Concrete Block,Building Materials,491,20,$348.6,$34.9,"$17,114",Alpha Materials,2/12/2024,8/1/2025,Warehouse B,FALSE,,OverStock
40497,Electrical Cable,Electrical,183,40,$277.0,$27.7,"$5,070",FixRight Depot,2/12/2024,9/12/2024,Warehouse B,FALSE,,OverStock
21116,Wallpaper Roll,Interior,453,50,$87.2,$8.7,"$3,950",Konga Wholesale,1/12/2024,8/12/2024,Warehouse C,FALSE,,OverStock
37564,Ceiling Board,Interior,419,100,$265.1,$26.5,"$11,108",FixRight Depot,1/12/2024,30/12/2024,Warehouse B,FALSE,,OverStock
47116,PVC Pipe,Plumbing,243,20,$362.8,$36.3,"$8,817",Alpha Materials,1/12/2024,29/12/2024,Warehouse C,FALSE,,OverStock
75206,Electrical Cable,Electrical,190,150,$494.5,$49.4,"$9,395",FixRight Depot,1/12/2024,26/12/2024,Warehouse A,FALSE,,Other
71483,Window Glass,Hardware,467,50,$419.9,$42.0,"$19,611",Jumia Supplies,1/12/2024,30/12/2024,Warehouse B,FALSE,,OverStock
25330,Roofing Sheet,Building Materials,334,50,$165.8,$16.6,"$5,537",Jumia Supplies,1/12/2024,31/12/2024,Warehouse C,FALSE,,OverStock
79768,PVC Pipe,Plumbing,85,30,$159.9,$16.0,"$1,359",Konga Wholesale,30/11/2024,11/12/2024,Warehouse B,FALSE,,Other
97999,Cement Bag,Building Materials,81,30,$259.1,$25.9,"$2,099",Alpha Materials,30/11/2024,24/12/2024,Warehouse C,FALSE,,Other
98757,Cement Bag,Building Materials,287,50,$44.1,$4.4,"$1,265",MegaBuild Ltd,30/11/2024,8/12/2024,Warehouse B,FALSE,,OverStock
82495,PVC Pipe,Plumbing,132,40,$258.8,$25.9,"$3,416",Konga Wholesale,30/11/2024,10/12/2024,Warehouse B,FALSE,,OverStock
28989,Toilet Seat,Hardware,431,80,$40.1,$4.0,"$1,726",Alpha Materials,30/11/2024,18/12/2024,Warehouse B,FALSE,,OverStock
89271,Cement Bag,Building Materials,116,150,$399.1,$39.9,"$4,629",MegaBuild Ltd,30/11/2024,19/12/2024,Warehouse B,TRUE,34,Other
24506,PVC Pipe,Plumbing,464,50,$66.0,$6.6,"$3,064",Alpha Materials,29/11/2024,26/12/2024,Warehouse C,FALSE,,OverStock
33649,Door Frame,Hardware,33,100,$131.5,$13.2,$434,MegaBuild Ltd,29/11/2024,1/1/2025,Warehouse B,TRUE,67,Other
99922,Cement Bag,Building Materials,217,80,$396.3,$39.6,"$8,600",Konga Wholesale,29/11/2024,27/12/2024,Warehouse C,FALSE,,Other
93247,Bulb Pack,Electrical,481,80,$490.9,$49.1,"$23,612",Konga Wholesale,29/11/2024,28/12/2024,Warehouse A,FALSE,,OverStock
85507,Cement Bag,Building Materials,31,100,$141.3,$14.1,$438,Jumia Supplies,29/11/2024,20/12/2024,Warehouse C,TRUE,69,Other
69902,Bulb Pack,Electrical,447,50,$28.8,$2.9,"$1,287",MegaBuild Ltd,28/11/2024,3/12/2024,Warehouse C,FALSE,,OverStock
45670,Ceiling Board,Interior,285,50,$127.5,$12.7,"$3,633",FixRight Depot,28/11/2024,2/1/2025,Warehouse C,FALSE,,OverStock
83664,Water Heater,Plumbing,91,40,$170.4,$17.0,"$1,550",FixRight Depot,28/11/2024,22/12/2024,Warehouse C,FALSE,,Other
24066,Door Frame,Hardware,162,50,$341.3,$34.1,"$5,528",Alpha Materials,28/11/2024,14/12/2024,Warehouse B,FALSE,,OverStock
68812,Switch Box,Electrical,454,100,$203.3,$20.3,"$9,230",Konga Wholesale,28/11/2024,4/12/2024,Warehouse B,FALSE,,OverStock
51316,Roofing Sheet,Building Materials,251,40,$490.7,$49.1,"$12,316",Jumia Supplies,27/11/2024,12/12/2024,Warehouse B,FALSE,,OverStock
16587,Electrical Cable,Electrical,81,80,$372.1,$37.2,"$3,014",Jumia Supplies,27/11/2024,20/12/2024,Warehouse C,FALSE,,Other
20956,Floor Tiles,Interior,29,40,$268.5,$26.8,$779,Konga Wholesale,27/11/2024,27/12/2024,Warehouse C,TRUE,11,Other
12365,Door Frame,Hardware,197,20,$293.8,$29.4,"$5,788",MegaBuild Ltd,27/11/2024,28/12/2024,Warehouse C,FALSE,,OverStock
71526,Water Heater,Plumbing,0,40,$166.7,$16.7,$0,Jumia Supplies,27/11/2024,21/12/2024,Warehouse B,TRUE,40,Other
46688,Cement Bag,Building Materials,23,40,$195.9,$19.6,$450,Konga Wholesale,27/11/2024,23/12/2024,Warehouse A,TRUE,17,Other
68543,Cement Bag,Building Materials,189,40,$442.1,$44.2,"$8,356",FixRight Depot,27/11/2024,27/12/2024,Warehouse A,FALSE,,OverStock
40367,Water Heater,Plumbing,238,50,$426.3,$42.6,"$10,146",Jumia Supplies,27/11/2024,9/12/2024,Warehouse A,FALSE,,OverStock
63913,Roofing Sheet,Building Materials,204,80,$205.1,$20.5,"$4,185",Alpha Materials,27/11/2024,17/12/2024,Warehouse A,FALSE,,Other
47879,Bulb Pack,Electrical,260,150,$293.9,$29.4,"$7,642",MegaBuild Ltd,27/11/2024,13/12/2024,Warehouse B,FALSE,,Other
79959,Roofing Sheet,Building Materials,275,20,$333.9,$33.4,"$9,181",Konga Wholesale,26/11/2024,15/12/2024,Warehouse C,FALSE,,OverStock
19719,Water Heater,Plumbing,278,40,$401.9,$40.2,"$11,173",MegaBuild Ltd,26/11/2024,28/12/2024,Warehouse C,FALSE,,OverStock
31818,Toilet Seat,Hardware,174,30,$7.2,$0.7,$125,MegaBuild Ltd,26/11/2024,11/12/2024,Warehouse C,FALSE,,OverStock
76714,Roofing Sheet,Building Materials,287,150,$85.1,$8.5,"$2,442",Konga Wholesale,26/11/2024,13/12/2024,Warehouse B,FALSE,,Other
32942,PVC Pipe,Plumbing,161,50,$265.9,$26.6,"$4,281",FixRight Depot,26/11/2024,13/12/2024,Warehouse A,FALSE,,OverStock
27905,Switch Box,Electrical,459,20,$357.8,$35.8,"$16,422",Konga Wholesale,26/11/2024,9/12/2024,Warehouse A,FALSE,,OverStock
96027,Toilet Seat,Hardware,322,20,$480.8,$48.1,"$15,481",MegaBuild Ltd,25/11/2024,28/12/2024,Warehouse A,FALSE,,OverStock
50097,Window Glass,Hardware,68,30,$36.3,$3.6,$247,Alpha Materials,25/11/2024,24/12/2024,Warehouse B,FALSE,,Other
30823,Electrical Cable,Electrical,33,50,$280.9,$28.1,$927,Alpha Materials,25/11/2024,9/12/2024,Warehouse C,TRUE,17,Other
52915,Wallpaper Roll,Interior,122,40,$94.7,$9.5,"$1,156",Konga Wholesale,25/11/2024,2/1/2025,Warehouse B,FALSE,,OverStock
95078,Roofing Sheet,Building Materials,78,80,$414.1,$41.4,"$3,230",Jumia Supplies,25/11/2024,31/12/2024,Warehouse A,TRUE,2,Other
48286,Toilet Seat,Hardware,162,20,$492.3,$49.2,"$7,975",MegaBuild Ltd,25/11/2024,22/12/2024,Warehouse A,FALSE,,OverStock
71829,Toilet Seat,Hardware,257,50,$82.4,$8.2,"$2,117",Alpha Materials,25/11/2024,2/12/2024,Warehouse B,FALSE,,OverStock
16405,Electrical Cable,Electrical,356,50,$249.5,$25.0,"$8,883",Konga Wholesale,25/11/2024,21/12/2024,Warehouse B,FALSE,,OverStock
78071,Window Glass,Hardware,414,100,$258.3,$25.8,"$10,692",Konga Wholesale,25/11/2024,8/12/2024,Warehouse B,FALSE,,OverStock
92035,Floor Tiles,Interior,364,40,$104.2,$10.4,"$3,794",Alpha Materials,24/11/2024,6/12/2024,Warehouse A,FALSE,,OverStock
23861,Toilet Seat,Hardware,21,50,$448.4,$44.8,$942,FixRight Depot,24/11/2024,17/12/2024,Warehouse C,TRUE,29,Other
71040,Door Frame,Hardware,249,20,$390.5,$39.0,"$9,723",Alpha Materials,24/11/2024,30/12/2024,Warehouse C,FALSE,,OverStock
75729,PVC Pipe,Plumbing,464,80,$295.2,$29.5,"$13,697",Jumia Supplies,24/11/2024,4/12/2024,Warehouse C,FALSE,,OverStock
23792,Cement Bag,Building Materials,325,50,$349.2,$34.9,"$11,350",MegaBuild Ltd,24/11/2024,10/12/2024,Warehouse C,FALSE,,OverStock
34610,Bulb Pack,Electrical,100,150,$156.2,$15.6,"$1,562",Alpha Materials,24/11/2024,9/12/2024,Warehouse A,TRUE,50,Other
96124,Roofing Sheet,Building Materials,460,20,$150.5,$15.1,"$6,923",Konga Wholesale,23/11/2024,24/12/2024,Warehouse B,FALSE,,OverStock
58821,Switch Box,Electrical,197,50,$414.6,$41.5,"$8,168",Jumia Supplies,23/11/2024,28/11/2024,Warehouse A,FALSE,,OverStock
25070,Concrete Block,Building Materials,422,150,$119.5,$11.9,"$5,042",MegaBuild Ltd,23/11/2024,22/12/2024,Warehouse A,FALSE,,Other
34172,Electrical Cable,Electrical,48,40,$381.2,$38.1,"$1,830",Alpha Materials,23/11/2024,29/12/2024,Warehouse C,FALSE,,Other
51474,Cement Bag,Building Materials,447,100,$487.4,$48.7,"$21,785",FixRight Depot,23/11/2024,20/12/2024,Warehouse A,FALSE,,OverStock
72592,Cement Bag,Building Materials,14,80,$41.9,$4.2,$59,FixRight Depot,22/11/2024,5/12/2024,Warehouse C,TRUE,66,Other
29446,Door Frame,Hardware,160,30,$361.4,$36.1,"$5,782",Jumia Supplies,22/11/2024,18/12/2024,Warehouse A,FALSE,,OverStock
54910,Electrical Cable,Electrical,394,150,$54.3,$5.4,"$2,139",MegaBuild Ltd,22/11/2024,22/12/2024,Warehouse C,FALSE,,Other
17436,Kitchen Sink,Plumbing,312,80,$315.0,$31.5,"$9,828",MegaBuild Ltd,22/11/2024,5/12/2024,Warehouse C,FALSE,,OverStock
88267,Concrete Block,Building Materials,235,100,$33.7,$3.4,$792,Jumia Supplies,22/11/2024,3/12/2024,Warehouse B,FALSE,,Other
70712,Concrete Block,Building Materials,164,100,$361.8,$36.2,"$5,934",FixRight Depot,22/11/2024,3/12/2024,Warehouse C,FALSE,,Other
25338,Water Heater,Plumbing,341,20,$23.5,$2.3,$801,FixRight Depot,21/11/2024,10/12/2024,Warehouse A,FALSE,,OverStock
43174,Wallpaper Roll,Interior,270,40,$383.6,$38.4,"$10,358",Konga Wholesale,21/11/2024,16/12/2024,Warehouse C,FALSE,,OverStock
53880,Water Heater,Plumbing,124,20,$254.2,$25.4,"$3,152",FixRight Depot,21/11/2024,17/12/2024,Warehouse A,FALSE,,OverStock
77906,Bulb Pack,Electrical,130,150,$19.0,$1.9,$247,MegaBuild Ltd,21/11/2024,14/12/2024,Warehouse C,TRUE,20,Other
84947,Floor Tiles,Interior,332,50,$201.8,$20.2,"$6,701",Alpha Materials,21/11/2024,3/12/2024,Warehouse A,FALSE,,OverStock
35905,Window Glass,Hardware,379,30,$14.8,$1.5,$559,Alpha Materials,21/11/2024,12/12/2024,Warehouse B,FALSE,,OverStock
45050,Electrical Cable,Electrical,73,20,$102.7,$10.3,$749,Jumia Supplies,21/11/2024,14/12/2024,Warehouse A,FALSE,,OverStock
13420,Wallpaper Roll,Interior,47,20,$16.7,$1.7,$79,FixRight Depot,21/11/2024,11/12/2024,Warehouse B,FALSE,,Other
10792,Concrete Block,Building Materials,447,150,$286.6,$28.7,"$12,810",FixRight Depot,21/11/2024,26/11/2024,Warehouse C,FALSE,,Other
75733,Switch Box,Electrical,400,150,$402.6,$40.3,"$16,102",Konga Wholesale,20/11/2024,28/12/2024,Warehouse C,FALSE,,Other
65426,Kitchen Sink,Plumbing,58,150,$69.3,$6.9,$402,Jumia Supplies,20/11/2024,19/12/2024,Warehouse A,TRUE,92,Other
52359,Roofing Sheet,Building Materials,387,20,$74.6,$7.5,"$2,886",Konga Wholesale,20/11/2024,24/12/2024,Warehouse C,FALSE,,OverStock
35917,Window Glass,Hardware,16,30,$485.5,$48.5,$777,Jumia Supplies,20/11/2024,22/12/2024,Warehouse A,TRUE,14,Other
49867,Bulb Pack,Electrical,74,100,$160.1,$16.0,"$1,185",Konga Wholesale,20/11/2024,13/12/2024,Warehouse B,TRUE,26,Other
24260,Door Frame,Hardware,299,30,$310.1,$31.0,"$9,270",FixRight Depot,20/11/2024,28/11/2024,Warehouse C,FALSE,,OverStock
46943,Bulb Pack,Electrical,422,20,$149.3,$14.9,"$6,298",Jumia Supplies,20/11/2024,30/11/2024,Warehouse B,FALSE,,OverStock
78945,Toilet Seat,Hardware,386,30,$498.7,$49.9,"$19,251",MegaBuild Ltd,20/11/2024,13/12/2024,Warehouse A,FALSE,,OverStock
44651,Door Frame,Hardware,233,80,$162.6,$16.3,"$3,788",FixRight Depot,20/11/2024,25/12/2024,Warehouse B,FALSE,,Other
52348,Cement Bag,Building Materials,159,150,$222.8,$22.3,"$3,543",MegaBuild Ltd,20/11/2024,20/12/2024,Warehouse B,FALSE,,Other
46067,Roofing Sheet,Building Materials,352,50,$402.0,$40.2,"$14,149",Jumia Supplies,20/11/2024,29/11/2024,Warehouse A,FALSE,,OverStock
48474,Concrete Block,Building Materials,332,80,$261.6,$26.2,"$8,685",MegaBuild Ltd,20/11/2024,8/12/2024,Warehouse A,FALSE,,OverStock
26945,Kitchen Sink,Plumbing,428,40,$28.4,$2.8,"$1,217",Jumia Supplies,19/11/2024,12/12/2024,Warehouse B,FALSE,,OverStock
71713,Water Heater,Plumbing,143,30,$89.7,$9.0,"$1,283",FixRight Depot,19/11/2024,30/11/2024,Warehouse A,FALSE,,OverStock
45502,Concrete Block,Building Materials,4,100,$48.8,$4.9,$20,FixRight Depot,19/11/2024,17/12/2024,Warehouse A,TRUE,96,Other
33434,Floor Tiles,Interior,186,100,$226.2,$22.6,"$4,207",Konga Wholesale,19/11/2024,10/12/2024,Warehouse B,FALSE,,Other
89951,Floor Tiles,Interior,124,50,$311.1,$31.1,"$3,857",Konga Wholesale,19/11/2024,4/12/2024,Warehouse B,FALSE,,Other
82991,PVC Pipe,Plumbing,489,150,$422.9,$42.3,"$20,679",MegaBuild Ltd,18/11/2024,16/12/2024,Warehouse C,FALSE,,OverStock
81719,Toilet Seat,Hardware,317,80,$453.7,$45.4,"$14,383",Konga Wholesale,18/11/2024,26/12/2024,Warehouse A,FALSE,,OverStock
35518,Cement Bag,Building Materials,224,40,$159.4,$15.9,"$3,570",Alpha Materials,18/11/2024,27/11/2024,Warehouse C,FALSE,,OverStock
38561,Shower Set,Hardware,333,20,$20.6,$2.1,$686,Jumia Supplies,18/11/2024,18/12/2024,Warehouse B,FALSE,,OverStock
66247,Roofing Sheet,Building Materials,394,150,$338.0,$33.8,"$13,316",FixRight Depot,18/11/2024,6/12/2024,Warehouse C,FALSE,,Other
12413,Floor Tiles,Interior,239,50,$327.1,$32.7,"$7,818",MegaBuild Ltd,18/11/2024,15/12/2024,Warehouse B,FALSE,,OverStock
57096,Electrical Cable,Electrical,195,30,$241.6,$24.2,"$4,711",Jumia Supplies,18/11/2024,24/11/2024,Warehouse A,FALSE,,OverStock
23898,Cement Bag,Building Materials,137,40,$361.6,$36.2,"$4,953",Jumia Supplies,18/11/2024,26/11/2024,Warehouse A,FALSE,,OverStock
59108,Electrical Cable,Electrical,442,150,$392.3,$39.2,"$17,341",MegaBuild Ltd,18/11/2024,24/11/2024,Warehouse B,FALSE,,Other
34519,Door Frame,Hardware,321,80,$417.7,$41.8,"$13,409",FixRight Depot,17/11/2024,17/12/2024,Warehouse C,FALSE,,OverStock
32738,Door Frame,Hardware,86,20,$8.1,$0.8,$69,MegaBuild Ltd,17/11/2024,10/12/2024,Warehouse B,FALSE,,OverStock
30545,Ceiling Board,Interior,487,40,$422.5,$42.3,"$20,577",Konga Wholesale,17/11/2024,6/12/2024,Warehouse A,FALSE,,OverStock
64240,Concrete Block,Building Materials,420,40,$492.2,$49.2,"$20,671",Alpha Materials,17/11/2024,12/12/2024,Warehouse B,FALSE,,OverStock
39992,Switch Box,Electrical,450,100,$499.0,$49.9,"$22,454",MegaBuild Ltd,17/11/2024,5/12/2024,Warehouse C,FALSE,,OverStock
41276,Electrical Cable,Electrical,156,80,$144.4,$14.4,"$2,253",Jumia Supplies,17/11/2024,26/12/2024,Warehouse B,FALSE,,Other
29189,Kitchen Sink,Plumbing,237,20,$200.1,$20.0,"$4,741",Jumia Supplies,17/11/2024,18/12/2024,Warehouse C,FALSE,,OverStock
43458,Toilet Seat,Hardware,173,40,$310.3,$31.0,"$5,368",MegaBuild Ltd,16/11/2024,17/12/2024,Warehouse A,FALSE,,OverStock
85955,Door Frame,Hardware,1,20,$337.7,$33.8,$34,Alpha Materials,16/11/2024,10/12/2024,Warehouse A,TRUE,19,Other
14601,Switch Box,Electrical,198,80,$91.0,$9.1,"$1,801",Konga Wholesale,16/11/2024,4/12/2024,Warehouse B,FALSE,,Other
60333,Floor Tiles,Interior,98,150,$418.3,$41.8,"$4,100",Konga Wholesale,16/11/2024,19/12/2024,Warehouse A,TRUE,52,Other
74555,Floor Tiles,Interior,247,50,$421.6,$42.2,"$10,414",FixRight Depot,16/11/2024,25/12/2024,Warehouse A,FALSE,,OverStock
23403,Shower Set,Hardware,168,30,$405.9,$40.6,"$6,819",MegaBuild Ltd,16/11/2024,5/12/2024,Warehouse C,FALSE,,OverStock
85703,PVC Pipe,Plumbing,100,100,$450.3,$45.0,"$4,503",Konga Wholesale,15/11/2024,23/12/2024,Warehouse A,FALSE,,Other
14358,Door Frame,Hardware,440,100,$75.2,$7.5,"$3,308",Alpha Materials,15/11/2024,24/12/2024,Warehouse B,FALSE,,OverStock
65512,Toilet Seat,Hardware,245,50,$201.5,$20.1,"$4,937",MegaBuild Ltd,15/11/2024,12/12/2024,Warehouse C,FALSE,,OverStock
15190,Electrical Cable,Electrical,324,20,$61.5,$6.2,"$1,993",FixRight Depot,15/11/2024,12/12/2024,Warehouse A,FALSE,,OverStock
38797,Ceiling Board,Interior,267,80,$200.4,$20.0,"$5,351",MegaBuild Ltd,15/11/2024,28/11/2024,Warehouse B,FALSE,,OverStock
44866,Door Frame,Hardware,399,150,$182.5,$18.2,"$7,280",MegaBuild Ltd,15/11/2024,21/12/2024,Warehouse B,FALSE,,Other
43971,Door Frame,Hardware,311,30,$407.5,$40.7,"$12,673",Jumia Supplies,15/11/2024,27/11/2024,Warehouse A,FALSE,,OverStock
69169,Electrical Cable,Electrical,442,80,$305.6,$30.6,"$13,509",Jumia Supplies,15/11/2024,21/11/2024,Warehouse A,FALSE,,OverStock
48664,Paint Bucket,Interior,178,40,$283.5,$28.4,"$5,047",FixRight Depot,15/11/2024,27/11/2024,Warehouse B,FALSE,,OverStock
80063,Paint Bucket,Interior,315,80,$451.6,$45.2,"$14,227",FixRight Depot,15/11/2024,3/12/2024,Warehouse B,FALSE,,OverStock
29216,Water Heater,Plumbing,12,30,$48.5,$4.8,$58,Jumia Supplies,14/11/2024,27/11/2024,Warehouse C,TRUE,18,Other
35991,Toilet Seat,Hardware,403,80,$166.0,$16.6,"$6,690",MegaBuild Ltd,14/11/2024,28/11/2024,Warehouse B,FALSE,,OverStock
53856,Wallpaper Roll,Interior,400,150,$103.6,$10.4,"$4,145",Jumia Supplies,14/11/2024,1/12/2024,Warehouse B,FALSE,,Other
53826,Water Heater,Plumbing,190,40,$460.9,$46.1,"$8,758",MegaBuild Ltd,14/11/2024,13/12/2024,Warehouse A,FALSE,,OverStock
25791,Cement Bag,Building Materials,320,100,$444.0,$44.4,"$14,209",FixRight Depot,14/11/2024,22/12/2024,Warehouse B,FALSE,,OverStock
28910,Switch Box,Electrical,354,100,$160.6,$16.1,"$5,683",Alpha Materials,14/11/2024,26/11/2024,Warehouse B,FALSE,,OverStock
25636,Roofing Sheet,Building Materials,225,20,$181.0,$18.1,"$4,071",Alpha Materials,14/11/2024,15/12/2024,Warehouse A,FALSE,,OverStock
72235,Floor Tiles,Interior,100,100,$472.4,$47.2,"$4,724",Jumia Supplies,14/11/2024,25/11/2024,Warehouse B,FALSE,,Other
29513,Toilet Seat,Hardware,157,30,$199.4,$19.9,"$3,131",Konga Wholesale,14/11/2024,15/12/2024,Warehouse C,FALSE,,OverStock
50916,Electrical Cable,Electrical,158,80,$347.2,$34.7,"$5,486",MegaBuild Ltd,14/11/2024,19/12/2024,Warehouse C,FALSE,,Other
62733,Bulb Pack,Electrical,159,20,$204.9,$20.5,"$3,258",MegaBuild Ltd,13/11/2024,29/11/2024,Warehouse C,FALSE,,OverStock
15463,Kitchen Sink,Plumbing,340,80,$288.2,$28.8,"$9,797",Alpha Materials,13/11/2024,26/11/2024,Warehouse A,FALSE,,OverStock
81327,Wallpaper Roll,Interior,401,80,$271.4,$27.1,"$10,882",MegaBuild Ltd,13/11/2024,10/12/2024,Warehouse C,FALSE,,OverStock
74320,PVC Pipe,Plumbing,122,100,$177.1,$17.7,"$2,161",MegaBuild Ltd,13/11/2024,15/12/2024,Warehouse C,FALSE,,Other
61134,Water Heater,Plumbing,356,40,$43.3,$4.3,"$1,540",MegaBuild Ltd,13/11/2024,28/11/2024,Warehouse A,FALSE,,OverStock
24052,Water Heater,Plumbing,299,100,$32.3,$3.2,$966,Konga Wholesale,13/11/2024,27/11/2024,Warehouse A,FALSE,,Other
84232,Concrete Block,Building Materials,156,20,$51.6,$5.2,$805,FixRight Depot,13/11/2024,17/12/2024,Warehouse C,FALSE,,OverStock
95549,Wallpaper Roll,Interior,336,80,$419.5,$41.9,"$14,094",FixRight Depot,12/11/2024,23/11/2024,Warehouse A,FALSE,,OverStock
81621,Electrical Cable,Electrical,65,20,$356.1,$35.6,"$2,315",Jumia Supplies,12/11/2024,19/11/2024,Warehouse C,FALSE,,OverStock
38341,Paint Bucket,Interior,431,20,$277.5,$27.8,"$11,961",FixRight Depot,12/11/2024,26/11/2024,Warehouse A,FALSE,,OverStock
97363,Cement Bag,Building Materials,184,30,$165.3,$16.5,"$3,042",Alpha Materials,12/11/2024,30/11/2024,Warehouse B,FALSE,,OverStock
56627,Cement Bag,Building Materials,158,50,$287.4,$28.7,"$4,541",Alpha Materials,12/11/2024,13/12/2024,Warehouse A,FALSE,,OverStock
99179,Water Heater,Plumbing,113,100,$462.3,$46.2,"$5,224",Jumia Supplies,12/11/2024,20/11/2024,Warehouse A,FALSE,,Other
15044,Concrete Block,Building Materials,139,40,$285.8,$28.6,"$3,973",FixRight Depot,12/11/2024,29/11/2024,Warehouse A,FALSE,,OverStock
80135,Door Frame,Hardware,421,80,$221.4,$22.1,"$9,321",Jumia Supplies,11/11/2024,29/11/2024,Warehouse B,FALSE,,OverStock
54760,Door Frame,Hardware,185,150,$249.4,$24.9,"$4,615",MegaBuild Ltd,11/11/2024,12/12/2024,Warehouse C,FALSE,,Other
72993,Electrical Cable,Electrical,250,30,$17.8,$1.8,$444,Jumia Supplies,11/11/2024,27/11/2024,Warehouse C,FALSE,,OverStock
19628,Electrical Cable,Electrical,29,150,$139.8,$14.0,$405,MegaBuild Ltd,11/11/2024,16/11/2024,Warehouse A,TRUE,121,Other
96240,Kitchen Sink,Plumbing,354,30,$115.4,$11.5,"$4,086",Jumia Supplies,11/11/2024,3/12/2024,Warehouse C,FALSE,,OverStock
76555,PVC Pipe,Plumbing,264,100,$357.5,$35.7,"$9,437",Jumia Supplies,11/11/2024,16/11/2024,Warehouse A,FALSE,,Other
17464,Floor Tiles,Interior,323,80,$240.3,$24.0,"$7,761",Alpha Materials,11/11/2024,5/12/2024,Warehouse B,FALSE,,OverStock
94539,Kitchen Sink,Plumbing,31,50,$120.6,$12.1,$374,Alpha Materials,11/11/2024,29/11/2024,Warehouse B,TRUE,19,Other
59500,Bulb Pack,Electrical,386,40,$172.1,$17.2,"$6,641",Alpha Materials,10/11/2024,15/12/2024,Warehouse B,FALSE,,OverStock
14686,PVC Pipe,Plumbing,387,150,$8.1,$0.8,$313,FixRight Depot,10/11/2024,11/12/2024,Warehouse A,FALSE,,Other
64205,Door Frame,Hardware,108,20,$121.8,$12.2,"$1,316",FixRight Depot,10/11/2024,16/12/2024,Warehouse B,FALSE,,OverStock
66210,PVC Pipe,Plumbing,208,40,$320.6,$32.1,"$6,669",Konga Wholesale,10/11/2024,29/11/2024,Warehouse B,FALSE,,OverStock
52129,Kitchen Sink,Plumbing,30,20,$98.7,$9.9,$296,Alpha Materials,10/11/2024,12/12/2024,Warehouse A,FALSE,,Other
67602,Window Glass,Hardware,353,30,$392.6,$39.3,"$13,858",FixRight Depot,10/11/2024,23/11/2024,Warehouse C,FALSE,,OverStock
40816,Toilet Seat,Hardware,109,30,$189.9,$19.0,"$2,070",Jumia Supplies,9/11/2024,29/11/2024,Warehouse A,FALSE,,OverStock
36751,Switch Box,Electrical,288,80,$264.7,$26.5,"$7,624",Alpha Materials,9/11/2024,7/12/2024,Warehouse A,FALSE,,OverStock
66531,Paint Bucket,Interior,105,80,$394.2,$39.4,"$4,139",Jumia Supplies,9/11/2024,28/11/2024,Warehouse C,FALSE,,Other
99196,Ceiling Board,Interior,378,50,$185.8,$18.6,"$7,023",Jumia Supplies,9/11/2024,3/12/2024,Warehouse B,FALSE,,OverStock
16563,Wallpaper Roll,Interior,158,80,$446.4,$44.6,"$7,054",FixRight Depot,9/11/2024,9/12/2024,Warehouse A,FALSE,,Other
86979,PVC Pipe,Plumbing,448,150,$89.5,$9.0,"$4,010",FixRight Depot,9/11/2024,15/11/2024,Warehouse A,FALSE,,Other
78309,Roofing Sheet,Building Materials,383,150,$83.6,$8.4,"$3,203",Konga Wholesale,9/11/2024,8/12/2024,Warehouse B,FALSE,,Other
12368,PVC Pipe,Plumbing,407,80,$45.4,$4.5,"$1,847",FixRight Depot,8/11/2024,2/12/2024,Warehouse C,FALSE,,OverStock
95112,Toilet Seat,Hardware,263,40,$474.6,$47.5,"$12,481",Konga Wholesale,8/11/2024,2/12/2024,Warehouse A,FALSE,,OverStock
80744,Cement Bag,Building Materials,246,150,$156.7,$15.7,"$3,855",MegaBuild Ltd,8/11/2024,16/12/2024,Warehouse C,FALSE,,Other
44485,Floor Tiles,Interior,52,150,$315.0,$31.5,"$1,638",Jumia Supplies,8/11/2024,21/11/2024,Warehouse C,TRUE,98,Other
44650,Shower Set,Hardware,145,150,$125.7,$12.6,"$1,822",Alpha Materials,8/11/2024,5/12/2024,Warehouse B,TRUE,5,Other
75277,Ceiling Board,Interior,226,50,$468.7,$46.9,"$10,594",Jumia Supplies,8/11/2024,5/12/2024,Warehouse C,FALSE,,OverStock
97844,PVC Pipe,Plumbing,392,150,$226.2,$22.6,"$8,868",FixRight Depot,8/11/2024,28/11/2024,Warehouse B,FALSE,,Other
57411,Toilet Seat,Hardware,319,30,$200.3,$20.0,"$6,391",MegaBuild Ltd,8/11/2024,15/12/2024,Warehouse C,FALSE,,OverStock
88711,PVC Pipe,Plumbing,321,40,$472.7,$47.3,"$15,174",Alpha Materials,8/11/2024,22/11/2024,Warehouse C,FALSE,,OverStock
70510,Floor Tiles,Interior,241,150,$84.0,$8.4,"$2,025",Konga Wholesale,8/11/2024,23/11/2024,Warehouse B,FALSE,,Other
39684,Concrete Block,Building Materials,356,30,$246.5,$24.6,"$8,774",Alpha Materials,8/11/2024,16/11/2024,Warehouse C,FALSE,,OverStock
14834,Ceiling Board,Interior,184,150,$91.6,$9.2,"$1,686",Jumia Supplies,8/11/2024,30/11/2024,Warehouse B,FALSE,,Other
22149,Paint Bucket,Interior,38,80,$96.4,$9.6,$366,Jumia Supplies,7/11/2024,1/12/2024,Warehouse A,TRUE,42,Other
52598,PVC Pipe,Plumbing,307,150,$159.7,$16.0,"$4,904",Alpha Materials,7/11/2024,4/12/2024,Warehouse C,FALSE,,Other
37105,Ceiling Board,Interior,437,50,$197.1,$19.7,"$8,611",MegaBuild Ltd,7/11/2024,16/12/2024,Warehouse A,FALSE,,OverStock
13443,Kitchen Sink,Plumbing,20,50,$463.8,$46.4,$928,FixRight Depot,7/11/2024,4/12/2024,Warehouse B,TRUE,30,Other
38064,Roofing Sheet,Building Materials,82,80,$497.9,$49.8,"$4,083",Jumia Supplies,7/11/2024,23/11/2024,Warehouse A,FALSE,,Other
39473,PVC Pipe,Plumbing,252,80,$165.1,$16.5,"$4,161",MegaBuild Ltd,7/11/2024,1/12/2024,Warehouse B,FALSE,,OverStock
58339,Bulb Pack,Electrical,54,40,$172.3,$17.2,$930,Alpha Materials,7/11/2024,6/12/2024,Warehouse B,FALSE,,Other
69977,Window Glass,Hardware,406,50,$384.3,$38.4,"$15,602",FixRight Depot,7/11/2024,24/11/2024,Warehouse C,FALSE,,OverStock
23046,Bulb Pack,Electrical,317,100,$90.8,$9.1,"$2,879",Konga Wholesale,6/11/2024,19/11/2024,Warehouse C,FALSE,,OverStock
98733,Ceiling Board,Interior,332,80,$346.6,$34.7,"$11,505",Jumia Supplies,6/11/2024,26/11/2024,Warehouse C,FALSE,,OverStock
93362,Paint Bucket,Interior,406,30,$302.3,$30.2,"$12,273",Konga Wholesale,6/11/2024,16/11/2024,Warehouse C,FALSE,,OverStock
22336,Cement Bag,Building Materials,395,80,$153.0,$15.3,"$6,042",FixRight Depot,6/11/2024,11/11/2024,Warehouse A,FALSE,,OverStock
25659,Kitchen Sink,Plumbing,50,20,$351.7,$35.2,"$1,759",FixRight Depot,6/11/2024,25/11/2024,Warehouse A,FALSE,,Other
32333,Shower Set,Hardware,392,100,$109.6,$11.0,"$4,296",Konga Wholesale,6/11/2024,29/11/2024,Warehouse C,FALSE,,OverStock
79560,Ceiling Board,Interior,62,80,$266.5,$26.7,"$1,652",Alpha Materials,6/11/2024,18/11/2024,Warehouse C,TRUE,18,Other
98059,Electrical Cable,Electrical,187,30,$435.5,$43.5,"$8,143",Jumia Supplies,5/11/2024,13/11/2024,Warehouse A,FALSE,,OverStock
11831,Switch Box,Electrical,48,100,$194.3,$19.4,$932,MegaBuild Ltd,5/11/2024,6/12/2024,Warehouse C,TRUE,52,Other
22780,Roofing Sheet,Building Materials,202,50,$201.2,$20.1,"$4,063",Konga Wholesale,5/11/2024,26/11/2024,Warehouse B,FALSE,,OverStock
78247,Toilet Seat,Hardware,127,50,$40.2,$4.0,$510,Alpha Materials,5/11/2024,19/11/2024,Warehouse A,FALSE,,Other
92864,Shower Set,Hardware,397,40,$54.0,$5.4,"$2,144",FixRight Depot,5/11/2024,15/11/2024,Warehouse B,FALSE,,OverStock
40085,Electrical Cable,Electrical,16,150,$46.0,$4.6,$74,FixRight Depot,5/11/2024,6/12/2024,Warehouse C,TRUE,134,Other
35594,Floor Tiles,Interior,280,80,$122.6,$12.3,"$3,433",FixRight Depot,5/11/2024,13/12/2024,Warehouse C,FALSE,,OverStock
17591,Electrical Cable,Electrical,468,30,$473.7,$47.4,"$22,168",Jumia Supplies,5/11/2024,3/12/2024,Warehouse A,FALSE,,OverStock
83693,Concrete Block,Building Materials,113,150,$96.7,$9.7,"$1,092",Alpha Materials,5/11/2024,18/11/2024,Warehouse B,TRUE,37,Other
12520,Kitchen Sink,Plumbing,6,50,$241.0,$24.1,$145,MegaBuild Ltd,5/11/2024,14/11/2024,Warehouse C,TRUE,44,Other
34918,Water Heater,Plumbing,253,80,$443.0,$44.3,"$11,207",FixRight Depot,4/11/2024,18/11/2024,Warehouse A,FALSE,,OverStock
48333,Cement Bag,Building Materials,92,100,$224.2,$22.4,"$2,062",FixRight Depot,4/11/2024,13/11/2024,Warehouse B,TRUE,8,Other
34726,Water Heater,Plumbing,172,50,$243.9,$24.4,"$4,194",Jumia Supplies,4/11/2024,7/12/2024,Warehouse B,FALSE,,OverStock
51745,Floor Tiles,Interior,178,20,$478.6,$47.9,"$8,519",FixRight Depot,4/11/2024,9/12/2024,Warehouse B,FALSE,,OverStock
26972,Roofing Sheet,Building Materials,494,50,$21.4,$2.1,"$1,059",Jumia Supplies,4/11/2024,1/12/2024,Warehouse A,FALSE,,OverStock
18048,Paint Bucket,Interior,492,40,$85.8,$8.6,"$4,219",Konga Wholesale,4/11/2024,22/11/2024,Warehouse A,FALSE,,OverStock
88132,Switch Box,Electrical,110,20,$353.0,$35.3,"$3,883",FixRight Depot,4/11/2024,15/11/2024,Warehouse A,FALSE,,OverStock
52318,Water Heater,Plumbing,334,40,$50.1,$5.0,"$1,672",FixRight Depot,3/11/2024,10/12/2024,Warehouse B,FALSE,,OverStock
20749,Electrical Cable,Electrical,187,40,$229.9,$23.0,"$4,300",FixRight Depot,3/11/2024,3/12/2024,Warehouse B,FALSE,,OverStock
46176,Door Frame,Hardware,140,100,$171.1,$17.1,"$2,396",Jumia Supplies,3/11/2024,10/11/2024,Warehouse C,FALSE,,Other
70892,Paint Bucket,Interior,290,30,$99.1,$9.9,"$2,874",Alpha Materials,3/11/2024,28/11/2024,Warehouse A,FALSE,,OverStock
86508,Floor Tiles,Interior,272,20,$264.5,$26.5,"$7,195",Jumia Supplies,3/11/2024,23/11/2024,Warehouse A,FALSE,,OverStock
63740,Water Heater,Plumbing,444,150,$335.1,$33.5,"$14,879",MegaBuild Ltd,3/11/2024,26/11/2024,Warehouse A,FALSE,,Other
68507,Bulb Pack,Electrical,267,50,$113.7,$11.4,"$3,036",Alpha Materials,3/11/2024,4/12/2024,Warehouse B,FALSE,,OverStock
96314,Roofing Sheet,Building Materials,264,80,$358.7,$35.9,"$9,468",Jumia Supplies,3/11/2024,30/11/2024,Warehouse C,FALSE,,OverStock
90038,Switch Box,Electrical,243,20,$28.0,$2.8,$680,MegaBuild Ltd,2/11/2024,13/11/2024,Warehouse A,FALSE,,OverStock
12224,Bulb Pack,Electrical,427,50,$395.5,$39.6,"$16,889",FixRight Depot,2/11/2024,19/11/2024,Warehouse C,FALSE,,OverStock
61012,Wallpaper Roll,Interior,215,80,$117.5,$11.7,"$2,526",MegaBuild Ltd,2/11/2024,30/11/2024,Warehouse B,FALSE,,Other
30183,Concrete Block,Building Materials,82,20,$58.1,$5.8,$476,Konga Wholesale,2/11/2024,28/11/2024,Warehouse A,FALSE,,OverStock
48409,Wallpaper Roll,Interior,445,100,$303.7,$30.4,"$13,514",MegaBuild Ltd,2/11/2024,5/12/2024,Warehouse C,FALSE,,OverStock
45779,Kitchen Sink,Plumbing,371,20,$374.7,$37.5,"$13,900",Konga Wholesale,2/11/2024,14/11/2024,Warehouse C,FALSE,,OverStock
25398,Kitchen Sink,Plumbing,298,100,$476.2,$47.6,"$14,189",Konga Wholesale,1/11/2024,4/12/2024,Warehouse B,FALSE,,Other
55875,Concrete Block,Building Materials,496,20,$94.4,$9.4,"$4,680",Jumia Supplies,1/11/2024,2/12/2024,Warehouse A,FALSE,,OverStock
54291,Shower Set,Hardware,19,80,$405.0,$40.5,$770,Alpha Materials,1/11/2024,3/12/2024,Warehouse C,TRUE,61,Other
28677,Electrical Cable,Electrical,316,50,$262.7,$26.3,"$8,301",Jumia Supplies,1/11/2024,21/11/2024,Warehouse B,FALSE,,OverStock
37684,Ceiling Board,Interior,464,100,$449.3,$44.9,"$20,846",Konga Wholesale,1/11/2024,7/12/2024,Warehouse C,FALSE,,OverStock
41335,Door Frame,Hardware,154,40,$126.2,$12.6,"$1,943",FixRight Depot,1/11/2024,10/12/2024,Warehouse C,FALSE,,OverStock
47443,Kitchen Sink,Plumbing,473,80,$206.0,$20.6,"$9,744",Alpha Materials,1/11/2024,7/11/2024,Warehouse A,FALSE,,OverStock
25376,Kitchen Sink,Plumbing,139,20,$440.3,$44.0,"$6,120",FixRight Depot,1/11/2024,18/11/2024,Warehouse C,FALSE,,OverStock
28898,Concrete Block,Building Materials,424,30,$256.3,$25.6,"$10,867",FixRight Depot,1/11/2024,22/11/2024,Warehouse C,FALSE,,OverStock
57543,Ceiling Board,Interior,51,150,$343.3,$34.3,"$1,751",Jumia Supplies,1/11/2024,6/12/2024,Warehouse A,TRUE,99,Other
35380,Wallpaper Roll,Interior,206,80,$39.5,$3.9,$813,FixRight Depot,1/11/2024,29/11/2024,Warehouse C,FALSE,,Other
32443,Shower Set,Hardware,315,80,$227.1,$22.7,"$7,154",MegaBuild Ltd,31/10/2024,6/12/2024,Warehouse C,FALSE,,OverStock
89239,Switch Box,Electrical,478,40,$207.8,$20.8,"$9,931",MegaBuild Ltd,31/10/2024,9/11/2024,Warehouse B,FALSE,,OverStock
67757,Toilet Seat,Hardware,454,30,$293.6,$29.4,"$13,329",Jumia Supplies,31/10/2024,17/11/2024,Warehouse A,FALSE,,OverStock
40399,Cement Bag,Building Materials,444,100,$363.6,$36.4,"$16,144",Konga Wholesale,31/10/2024,8/11/2024,Warehouse C,FALSE,,OverStock
53025,Cement Bag,Building Materials,278,30,$407.5,$40.7,"$11,328",MegaBuild Ltd,31/10/2024,8/12/2024,Warehouse B,FALSE,,OverStock
42933,Electrical Cable,Electrical,498,100,$285.3,$28.5,"$14,206",MegaBuild Ltd,30/10/2024,8/12/2024,Warehouse A,FALSE,,OverStock
89731,Bulb Pack,Electrical,8,40,$305.3,$30.5,$244,FixRight Depot,30/10/2024,28/11/2024,Warehouse A,TRUE,32,Other
37195,Cement Bag,Building Materials,496,30,$156.5,$15.6,"$7,761",MegaBuild Ltd,30/10/2024,10/11/2024,Warehouse A,FALSE,,OverStock
79852,Electrical Cable,Electrical,77,150,$303.3,$30.3,"$2,335",Konga Wholesale,30/10/2024,6/11/2024,Warehouse C,TRUE,73,Other
97594,Toilet Seat,Hardware,64,50,$341.6,$34.2,"$2,186",FixRight Depot,30/10/2024,24/11/2024,Warehouse A,FALSE,,Other
59456,Cement Bag,Building Materials,85,150,$26.2,$2.6,$223,FixRight Depot,30/10/2024,5/12/2024,Warehouse A,TRUE,65,Other
93470,Switch Box,Electrical,331,80,$472.4,$47.2,"$15,636",Konga Wholesale,30/10/2024,3/12/2024,Warehouse B,FALSE,,OverStock
51252,Roofing Sheet,Building Materials,369,80,$281.2,$28.1,"$10,376",FixRight Depot,30/10/2024,4/12/2024,Warehouse C,FALSE,,OverStock
19017,Cement Bag,Building Materials,34,150,$150.3,$15.0,$511,Alpha Materials,30/10/2024,26/11/2024,Warehouse A,TRUE,116,Other
39865,Electrical Cable,Electrical,180,40,$162.7,$16.3,"$2,928",MegaBuild Ltd,30/10/2024,30/11/2024,Warehouse B,FALSE,,OverStock
50185,Shower Set,Hardware,163,150,$357.4,$35.7,"$5,826",Jumia Supplies,30/10/2024,3/12/2024,Warehouse C,FALSE,,Other
85858,Ceiling Board,Interior,185,50,$251.1,$25.1,"$4,646",Konga Wholesale,30/10/2024,21/11/2024,Warehouse A,FALSE,,OverStock
87842,Roofing Sheet,Building Materials,183,100,$478.9,$47.9,"$8,765",MegaBuild Ltd,29/10/2024,7/12/2024,Warehouse B,FALSE,,Other
11987,Window Glass,Hardware,112,40,$175.3,$17.5,"$1,963",Konga Wholesale,29/10/2024,25/11/2024,Warehouse B,FALSE,,Other
70204,Window Glass,Hardware,217,100,$326.8,$32.7,"$7,092",Alpha Materials,29/10/2024,1/12/2024,Warehouse A,FALSE,,Other
99119,Roofing Sheet,Building Materials,371,50,$259.5,$25.9,"$9,626",MegaBuild Ltd,29/10/2024,24/11/2024,Warehouse B,FALSE,,OverStock
58841,Toilet Seat,Hardware,30,80,$101.5,$10.1,$304,FixRight Depot,29/10/2024,24/11/2024,Warehouse B,TRUE,50,Other
37134,Wallpaper Roll,Interior,334,150,$471.2,$47.1,"$15,738",Alpha Materials,29/10/2024,6/12/2024,Warehouse B,FALSE,,Other
72970,Door Frame,Hardware,349,40,$310.9,$31.1,"$10,852",Alpha Materials,29/10/2024,1/12/2024,Warehouse A,FALSE,,OverStock
47208,Kitchen Sink,Plumbing,275,100,$313.9,$31.4,"$8,632",MegaBuild Ltd,29/10/2024,14/11/2024,Warehouse B,FALSE,,Other
85993,Water Heater,Plumbing,133,150,$233.7,$23.4,"$3,108",Alpha Materials,28/10/2024,13/11/2024,Warehouse B,TRUE,17,Other
41508,Paint Bucket,Interior,252,150,$475.2,$47.5,"$11,975",Jumia Supplies,28/10/2024,26/11/2024,Warehouse B,FALSE,,Other
24367,PVC Pipe,Plumbing,185,150,$98.6,$9.9,"$1,824",Jumia Supplies,28/10/2024,2/12/2024,Warehouse C,FALSE,,Other
67389,Bulb Pack,Electrical,97,50,$453.5,$45.3,"$4,398",FixRight Depot,28/10/2024,29/11/2024,Warehouse B,FALSE,,Other
88229,Concrete Block,Building Materials,317,100,$177.6,$17.8,"$5,630",MegaBuild Ltd,28/10/2024,6/11/2024,Warehouse A,FALSE,,OverStock
22559,PVC Pipe,Plumbing,390,40,$127.0,$12.7,"$4,954",Alpha Materials,28/10/2024,14/11/2024,Warehouse A,FALSE,,OverStock
50693,Electrical Cable,Electrical,171,100,$267.9,$26.8,"$4,582",Konga Wholesale,28/10/2024,20/11/2024,Warehouse A,FALSE,,Other
82454,Switch Box,Electrical,416,30,$189.3,$18.9,"$7,874",Alpha Materials,28/10/2024,28/11/2024,Warehouse A,FALSE,,OverStock
33138,Door Frame,Hardware,306,30,$13.7,$1.4,$419,Alpha Materials,28/10/2024,22/11/2024,Warehouse C,FALSE,,OverStock
37328,Kitchen Sink,Plumbing,130,20,$366.7,$36.7,"$4,767",Jumia Supplies,28/10/2024,23/11/2024,Warehouse C,FALSE,,OverStock
87336,PVC Pipe,Plumbing,179,50,$318.7,$31.9,"$5,704",Jumia Supplies,28/10/2024,26/11/2024,Warehouse C,FALSE,,OverStock
11969,Paint Bucket,Interior,339,150,$19.8,$2.0,$673,MegaBuild Ltd,27/10/2024,16/11/2024,Warehouse C,FALSE,,Other
50785,PVC Pipe,Plumbing,204,100,$37.4,$3.7,$762,MegaBuild Ltd,27/10/2024,20/11/2024,Warehouse C,FALSE,,Other
86976,Roofing Sheet,Building Materials,20,30,$259.0,$25.9,$518,FixRight Depot,27/10/2024,13/11/2024,Warehouse A,TRUE,10,Other
14860,Switch Box,Electrical,122,40,$400.8,$40.1,"$4,890",MegaBuild Ltd,27/10/2024,19/11/2024,Warehouse A,FALSE,,OverStock
35444,Kitchen Sink,Plumbing,176,20,$59.7,$6.0,"$1,051",Konga Wholesale,27/10/2024,3/11/2024,Warehouse B,FALSE,,OverStock
24919,Concrete Block,Building Materials,227,20,$129.1,$12.9,"$2,930",MegaBuild Ltd,27/10/2024,20/11/2024,Warehouse C,FALSE,,OverStock
30967,Bulb Pack,Electrical,359,100,$232.4,$23.2,"$8,342",MegaBuild Ltd,27/10/2024,7/11/2024,Warehouse A,FALSE,,OverStock
89303,Floor Tiles,Interior,453,100,$319.8,$32.0,"$14,487",Alpha Materials,27/10/2024,11/11/2024,Warehouse B,FALSE,,OverStock
52898,Water Heater,Plumbing,143,50,$9.8,$1.0,$140,Jumia Supplies,27/10/2024,29/11/2024,Warehouse C,FALSE,,Other
69888,Bulb Pack,Electrical,466,40,$256.2,$25.6,"$11,940",Jumia Supplies,27/10/2024,7/11/2024,Warehouse A,FALSE,,OverStock
56760,Paint Bucket,Interior,249,80,$126.5,$12.6,"$3,149",Alpha Materials,27/10/2024,17/11/2024,Warehouse A,FALSE,,OverStock
13596,Cement Bag,Building Materials,230,100,$167.1,$16.7,"$3,844",FixRight Depot,26/10/2024,24/11/2024,Warehouse A,FALSE,,Other
84069,Toilet Seat,Hardware,229,30,$341.7,$34.2,"$7,824",MegaBuild Ltd,26/10/2024,2/11/2024,Warehouse C,FALSE,,OverStock
30836,Wallpaper Roll,Interior,335,150,$15.4,$1.5,$516,Jumia Supplies,26/10/2024,11/11/2024,Warehouse A,FALSE,,Other
30982,Door Frame,Hardware,104,50,$28.7,$2.9,$298,Jumia Supplies,26/10/2024,11/11/2024,Warehouse C,FALSE,,Other
40099,Switch Box,Electrical,335,40,$12.6,$1.3,$421,Alpha Materials,26/10/2024,17/11/2024,Warehouse C,FALSE,,OverStock
13060,Bulb Pack,Electrical,77,50,$329.0,$32.9,"$2,534",FixRight Depot,26/10/2024,19/11/2024,Warehouse C,FALSE,,Other
72188,Shower Set,Hardware,35,150,$89.0,$8.9,$312,Alpha Materials,26/10/2024,13/11/2024,Warehouse B,TRUE,115,Other
54293,Roofing Sheet,Building Materials,390,50,$140.5,$14.0,"$5,479",Jumia Supplies,26/10/2024,18/11/2024,Warehouse C,FALSE,,OverStock
85205,Switch Box,Electrical,91,40,$354.1,$35.4,"$3,222",Jumia Supplies,26/10/2024,6/11/2024,Warehouse A,FALSE,,Other
49913,Bulb Pack,Electrical,154,100,$110.9,$11.1,"$1,708",FixRight Depot,26/10/2024,21/11/2024,Warehouse A,FALSE,,Other
51912,Wallpaper Roll,Interior,283,20,$191.6,$19.2,"$5,423",Alpha Materials,26/10/2024,22/11/2024,Warehouse B,FALSE,,OverStock
39046,Switch Box,Electrical,403,100,$467.3,$46.7,"$18,831",Jumia Supplies,26/10/2024,23/11/2024,Warehouse C,FALSE,,OverStock
91122,Concrete Block,Building Materials,267,80,$331.3,$33.1,"$8,845",Jumia Supplies,26/10/2024,8/11/2024,Warehouse B,FALSE,,OverStock
94860,Shower Set,Hardware,435,50,$372.2,$37.2,"$16,189",MegaBuild Ltd,26/10/2024,2/12/2024,Warehouse A,FALSE,,OverStock
15801,Bulb Pack,Electrical,385,30,$371.7,$37.2,"$14,310",MegaBuild Ltd,25/10/2024,27/11/2024,Warehouse C,FALSE,,OverStock
65745,Shower Set,Hardware,124,30,$350.7,$35.1,"$4,348",MegaBuild Ltd,25/10/2024,14/11/2024,Warehouse C,FALSE,,OverStock
84842,Toilet Seat,Hardware,37,40,$499.5,$49.9,"$1,848",Alpha Materials,25/10/2024,29/11/2024,Warehouse B,TRUE,3,Other
74994,Electrical Cable,Electrical,334,30,$158.2,$15.8,"$5,283",Alpha Materials,25/10/2024,3/11/2024,Warehouse B,FALSE,,OverStock
87865,Window Glass,Hardware,350,100,$28.0,$2.8,$981,Konga Wholesale,25/10/2024,27/11/2024,Warehouse A,FALSE,,OverStock
95411,Bulb Pack,Electrical,170,40,$59.7,$6.0,"$1,015",Jumia Supplies,25/10/2024,26/11/2024,Warehouse B,FALSE,,OverStock
19013,Water Heater,Plumbing,494,80,$328.5,$32.9,"$16,228",MegaBuild Ltd,25/10/2024,6/11/2024,Warehouse C,FALSE,,OverStock
39854,Door Frame,Hardware,441,100,$60.2,$6.0,"$2,657",MegaBuild Ltd,25/10/2024,8/11/2024,Warehouse A,FALSE,,OverStock
88501,Wallpaper Roll,Interior,357,50,$491.4,$49.1,"$17,542",Alpha Materials,25/10/2024,2/11/2024,Warehouse A,FALSE,,OverStock
70410,Concrete Block,Building Materials,63,30,$463.6,$46.4,"$2,921",Konga Wholesale,24/10/2024,15/11/2024,Warehouse A,FALSE,,Other
43783,Ceiling Board,Interior,95,80,$234.7,$23.5,"$2,230",Jumia Supplies,24/10/2024,30/11/2024,Warehouse B,FALSE,,Other
68531,Concrete Block,Building Materials,116,40,$114.2,$11.4,"$1,325",Alpha Materials,24/10/2024,10/11/2024,Warehouse A,FALSE,,Other
49846,Floor Tiles,Interior,363,100,$427.9,$42.8,"$15,533",Konga Wholesale,24/10/2024,24/11/2024,Warehouse A,FALSE,,OverStock
29163,Concrete Block,Building Materials,135,30,$291.0,$29.1,"$3,928",FixRight Depot,24/10/2024,23/11/2024,Warehouse A,FALSE,,OverStock
71388,Electrical Cable,Electrical,443,20,$231.6,$23.2,"$10,259",FixRight Depot,24/10/2024,7/11/2024,Warehouse A,FALSE,,OverStock
22992,Window Glass,Hardware,288,40,$337.9,$33.8,"$9,731",Konga Wholesale,24/10/2024,19/11/2024,Warehouse A,FALSE,,OverStock
97782,Electrical Cable,Electrical,494,40,$435.4,$43.5,"$21,510",Jumia Supplies,24/10/2024,4/11/2024,Warehouse B,FALSE,,OverStock
72008,Shower Set,Hardware,475,20,$266.1,$26.6,"$12,640",Jumia Supplies,23/10/2024,26/11/2024,Warehouse A,FALSE,,OverStock
27629,Electrical Cable,Electrical,18,30,$248.3,$24.8,$447,Konga Wholesale,23/10/2024,13/11/2024,Warehouse B,TRUE,12,Other
26772,Kitchen Sink,Plumbing,269,150,$253.0,$25.3,"$6,805",Konga Wholesale,23/10/2024,10/11/2024,Warehouse A,FALSE,,Other
48921,Window Glass,Hardware,260,150,$292.7,$29.3,"$7,609",MegaBuild Ltd,23/10/2024,16/11/2024,Warehouse B,FALSE,,Other
70587,Window Glass,Hardware,458,20,$27.0,$2.7,"$1,234",MegaBuild Ltd,23/10/2024,5/11/2024,Warehouse C,FALSE,,OverStock
80683,Roofing Sheet,Building Materials,410,30,$469.4,$46.9,"$19,244",FixRight Depot,23/10/2024,22/11/2024,Warehouse C,FALSE,,OverStock
37431,PVC Pipe,Plumbing,390,40,$460.6,$46.1,"$17,963",Konga Wholesale,23/10/2024,30/10/2024,Warehouse C,FALSE,,OverStock
91823,Concrete Block,Building Materials,173,20,$146.0,$14.6,"$2,526",FixRight Depot,23/10/2024,4/11/2024,Warehouse A,FALSE,,OverStock
45228,Door Frame,Hardware,100,20,$403.7,$40.4,"$4,037",FixRight Depot,23/10/2024,5/11/2024,Warehouse B,FALSE,,OverStock
14827,Toilet Seat,Hardware,462,150,$147.6,$14.8,"$6,817",FixRight Depot,22/10/2024,11/11/2024,Warehouse A,FALSE,,OverStock
50130,Water Heater,Plumbing,279,50,$55.9,$5.6,"$1,560",FixRight Depot,22/10/2024,6/11/2024,Warehouse C,FALSE,,OverStock
47333,Floor Tiles,Interior,70,30,$493.5,$49.4,"$3,455",MegaBuild Ltd,22/10/2024,1/11/2024,Warehouse A,FALSE,,Other
96850,Electrical Cable,Electrical,73,80,$58.6,$5.9,$427,MegaBuild Ltd,22/10/2024,13/11/2024,Warehouse A,TRUE,7,Other
20511,Toilet Seat,Hardware,271,150,$62.1,$6.2,"$1,683",Konga Wholesale,22/10/2024,9/11/2024,Warehouse C,FALSE,,Other
31661,Window Glass,Hardware,438,40,$57.3,$5.7,"$2,508",Jumia Supplies,22/10/2024,4/11/2024,Warehouse C,FALSE,,OverStock
24620,PVC Pipe,Plumbing,27,40,$442.5,$44.2,"$1,195",FixRight Depot,22/10/2024,14/11/2024,Warehouse C,TRUE,13,Other
46116,Roofing Sheet,Building Materials,188,150,$287.0,$28.7,"$5,395",MegaBuild Ltd,22/10/2024,22/11/2024,Warehouse B,FALSE,,Other
55567,Kitchen Sink,Plumbing,449,30,$308.4,$30.8,"$13,846",MegaBuild Ltd,22/10/2024,3/11/2024,Warehouse A,FALSE,,OverStock
10924,Window Glass,Hardware,52,40,$117.3,$11.7,$610,Konga Wholesale,21/10/2024,9/11/2024,Warehouse C,FALSE,,Other
58807,Door Frame,Hardware,294,100,$216.7,$21.7,"$6,371",Alpha Materials,21/10/2024,15/11/2024,Warehouse C,FALSE,,Other
78476,Kitchen Sink,Plumbing,140,50,$14.5,$1.4,$203,MegaBuild Ltd,21/10/2024,18/11/2024,Warehouse C,FALSE,,Other
54233,Roofing Sheet,Building Materials,338,40,$26.2,$2.6,$887,FixRight Depot,21/10/2024,4/11/2024,Warehouse A,FALSE,,OverStock
98509,Window Glass,Hardware,276,100,$42.7,$4.3,"$1,180",MegaBuild Ltd,20/10/2024,15/11/2024,Warehouse B,FALSE,,Other
84160,Water Heater,Plumbing,422,30,$300.9,$30.1,"$12,698",Konga Wholesale,20/10/2024,16/11/2024,Warehouse A,FALSE,,OverStock
36797,Ceiling Board,Interior,163,20,$445.2,$44.5,"$7,257",Jumia Supplies,20/10/2024,26/11/2024,Warehouse A,FALSE,,OverStock
54588,Concrete Block,Building Materials,380,80,$308.8,$30.9,"$11,734",MegaBuild Ltd,20/10/2024,21/11/2024,Warehouse A,FALSE,,OverStock
35407,Kitchen Sink,Plumbing,271,20,$39.8,$4.0,"$1,077",Jumia Supplies,20/10/2024,27/11/2024,Warehouse A,FALSE,,OverStock
74544,Electrical Cable,Electrical,329,80,$236.3,$23.6,"$7,775",Konga Wholesale,20/10/2024,26/10/2024,Warehouse C,FALSE,,OverStock
11431,Roofing Sheet,Building Materials,465,30,$352.8,$35.3,"$16,407",MegaBuild Ltd,20/10/2024,27/10/2024,Warehouse C,FALSE,,OverStock
99257,Bulb Pack,Electrical,385,80,$165.7,$16.6,"$6,379",Jumia Supplies,20/10/2024,26/11/2024,Warehouse C,FALSE,,OverStock
98022,Kitchen Sink,Plumbing,437,50,$56.4,$5.6,"$2,464",Alpha Materials,20/10/2024,11/11/2024,Warehouse C,FALSE,,OverStock
82956,Door Frame,Hardware,149,20,$210.6,$21.1,"$3,138",Konga Wholesale,20/10/2024,24/11/2024,Warehouse B,FALSE,,OverStock
99084,Shower Set,Hardware,442,20,$367.7,$36.8,"$16,254",Jumia Supplies,20/10/2024,25/10/2024,Warehouse C,FALSE,,OverStock
35963,Shower Set,Hardware,441,80,$423.9,$42.4,"$18,694",FixRight Depot,19/10/2024,27/10/2024,Warehouse B,FALSE,,OverStock
10281,Toilet Seat,Hardware,369,100,$33.3,$3.3,"$1,227",Alpha Materials,19/10/2024,12/11/2024,Warehouse A,FALSE,,OverStock
54757,Bulb Pack,Electrical,27,30,$311.7,$31.2,$842,MegaBuild Ltd,19/10/2024,27/10/2024,Warehouse A,TRUE,3,Other
96551,Water Heater,Plumbing,86,30,$32.8,$3.3,$282,FixRight Depot,19/10/2024,12/11/2024,Warehouse A,FALSE,,Other
21467,Water Heater,Plumbing,58,20,$250.4,$25.0,"$1,452",Konga Wholesale,19/10/2024,23/11/2024,Warehouse B,FALSE,,Other
32778,Ceiling Board,Interior,96,20,$106.8,$10.7,"$1,025",Konga Wholesale,19/10/2024,25/10/2024,Warehouse A,FALSE,,OverStock
87568,Water Heater,Plumbing,477,50,$11.5,$1.2,$550,Alpha Materials,19/10/2024,10/11/2024,Warehouse A,FALSE,,OverStock
68491,Bulb Pack,Electrical,33,40,$184.8,$18.5,$610,Alpha Materials,19/10/2024,11/11/2024,Warehouse C,TRUE,7,Other
25788,Ceiling Board,Interior,353,40,$165.9,$16.6,"$5,855",FixRight Depot,19/10/2024,24/11/2024,Warehouse A,FALSE,,OverStock
19764,Roofing Sheet,Building Materials,29,150,$26.9,$2.7,$78,Jumia Supplies,18/10/2024,16/11/2024,Warehouse C,TRUE,121,Other
35095,Electrical Cable,Electrical,62,80,$162.2,$16.2,"$1,006",Alpha Materials,18/10/2024,12/11/2024,Warehouse B,TRUE,18,Other
71816,PVC Pipe,Plumbing,188,40,$62.7,$6.3,"$1,178",MegaBuild Ltd,18/10/2024,18/11/2024,Warehouse A,FALSE,,OverStock
20492,Paint Bucket,Interior,468,50,$132.5,$13.2,"$6,199",MegaBuild Ltd,18/10/2024,20/11/2024,Warehouse A,FALSE,,OverStock
29403,Paint Bucket,Interior,3,150,$323.2,$32.3,$97,MegaBuild Ltd,18/10/2024,16/11/2024,Warehouse A,TRUE,147,Other
60639,Ceiling Board,Interior,180,50,$87.6,$8.8,"$1,577",Jumia Supplies,18/10/2024,9/11/2024,Warehouse B,FALSE,,OverStock
44626,Kitchen Sink,Plumbing,21,30,$113.8,$11.4,$239,MegaBuild Ltd,18/10/2024,11/11/2024,Warehouse C,TRUE,9,Other
39402,Electrical Cable,Electrical,331,40,$80.1,$8.0,"$2,651",Jumia Supplies,18/10/2024,24/10/2024,Warehouse A,FALSE,,OverStock
26923,Concrete Block,Building Materials,374,20,$153.8,$15.4,"$5,752",MegaBuild Ltd,18/10/2024,22/11/2024,Warehouse C,FALSE,,OverStock
98365,Roofing Sheet,Building Materials,7,80,$297.4,$29.7,$208,MegaBuild Ltd,17/10/2024,13/11/2024,Warehouse A,TRUE,73,Other
48071,Shower Set,Hardware,276,40,$127.2,$12.7,"$3,510",Alpha Materials,17/10/2024,6/11/2024,Warehouse C,FALSE,,OverStock
17415,Toilet Seat,Hardware,23,30,$413.3,$41.3,$951,FixRight Depot,16/10/2024,12/11/2024,Warehouse C,TRUE,7,Other
83788,Cement Bag,Building Materials,365,80,$43.2,$4.3,"$1,576",MegaBuild Ltd,16/10/2024,31/10/2024,Warehouse C,FALSE,,OverStock
18076,Switch Box,Electrical,7,50,$9.1,$0.9,$6,FixRight Depot,16/10/2024,5/11/2024,Warehouse C,TRUE,43,Other
95970,Shower Set,Hardware,228,50,$264.8,$26.5,"$6,038",Jumia Supplies,16/10/2024,23/11/2024,Warehouse A,FALSE,,OverStock
33707,Wallpaper Roll,Interior,465,150,$131.7,$13.2,"$6,122",MegaBuild Ltd,16/10/2024,24/11/2024,Warehouse C,FALSE,,OverStock
52240,Electrical Cable,Electrical,449,80,$496.5,$49.6,"$22,292",Konga Wholesale,16/10/2024,21/10/2024,Warehouse B,FALSE,,OverStock
71264,Water Heater,Plumbing,243,40,$18.0,$1.8,$438,Alpha Materials,16/10/2024,27/10/2024,Warehouse B,FALSE,,OverStock
23851,Floor Tiles,Interior,219,50,$367.1,$36.7,"$8,040",Konga Wholesale,15/10/2024,7/11/2024,Warehouse A,FALSE,,OverStock
44929,Shower Set,Hardware,44,20,$35.6,$3.6,$157,FixRight Depot,15/10/2024,22/10/2024,Warehouse A,FALSE,,Other
99876,Shower Set,Hardware,244,100,$292.8,$29.3,"$7,143",Jumia Supplies,15/10/2024,13/11/2024,Warehouse C,FALSE,,Other
57037,Window Glass,Hardware,112,80,$224.2,$22.4,"$2,511",FixRight Depot,15/10/2024,21/11/2024,Warehouse B,FALSE,,Other
27881,Ceiling Board,Interior,349,100,$356.4,$35.6,"$12,438",FixRight Depot,15/10/2024,14/11/2024,Warehouse A,FALSE,,OverStock
31159,Ceiling Board,Interior,258,150,$382.5,$38.2,"$9,867",Jumia Supplies,15/10/2024,25/10/2024,Warehouse A,FALSE,,Other
76535,Bulb Pack,Electrical,468,50,$247.2,$24.7,"$11,568",Jumia Supplies,15/10/2024,8/11/2024,Warehouse A,FALSE,,OverStock
17139,Cement Bag,Building Materials,310,40,$84.4,$8.4,"$2,615",Konga Wholesale,15/10/2024,23/11/2024,Warehouse C,FALSE,,OverStock
87838,Cement Bag,Building Materials,189,50,$448.2,$44.8,"$8,472",Jumia Supplies,15/10/2024,7/11/2024,Warehouse A,FALSE,,OverStock
63815,Concrete Block,Building Materials,296,50,$398.5,$39.8,"$11,795",MegaBuild Ltd,15/10/2024,15/11/2024,Warehouse B,FALSE,,OverStock
89459,PVC Pipe,Plumbing,432,30,$350.4,$35.0,"$15,138",Alpha Materials,15/10/2024,22/11/2024,Warehouse A,FALSE,,OverStock
74379,Water Heater,Plumbing,268,80,$460.6,$46.1,"$12,343",MegaBuild Ltd,14/10/2024,19/11/2024,Warehouse C,FALSE,,OverStock
32553,Water Heater,Plumbing,203,150,$145.4,$14.5,"$2,951",Konga Wholesale,14/10/2024,19/11/2024,Warehouse A,FALSE,,Other
82328,Ceiling Board,Interior,419,80,$109.5,$11.0,"$4,589",FixRight Depot,14/10/2024,19/10/2024,Warehouse A,FALSE,,OverStock
81828,Bulb Pack,Electrical,455,100,$375.9,$37.6,"$17,104",MegaBuild Ltd,14/10/2024,22/11/2024,Warehouse B,FALSE,,OverStock
96066,Toilet Seat,Hardware,126,30,$386.8,$38.7,"$4,873",Alpha Materials,13/10/2024,26/10/2024,Warehouse B,FALSE,,OverStock
23543,PVC Pipe,Plumbing,179,100,$194.5,$19.5,"$3,482",Jumia Supplies,13/10/2024,24/10/2024,Warehouse A,FALSE,,Other
99694,Water Heater,Plumbing,60,40,$115.8,$11.6,$695,Alpha Materials,13/10/2024,18/10/2024,Warehouse A,FALSE,,Other
17139,Shower Set,Hardware,52,20,$27.3,$2.7,$142,Konga Wholesale,13/10/2024,28/10/2024,Warehouse C,FALSE,,Other
88966,Cement Bag,Building Materials,3,30,$315.3,$31.5,$95,Alpha Materials,13/10/2024,11/11/2024,Warehouse A,TRUE,27,Other
32319,Bulb Pack,Electrical,65,100,$300.2,$30.0,"$1,951",FixRight Depot,13/10/2024,21/10/2024,Warehouse B,TRUE,35,Other
10661,Paint Bucket,Interior,101,20,$497.8,$49.8,"$5,027",FixRight Depot,12/10/2024,24/10/2024,Warehouse B,FALSE,,OverStock
37370,Ceiling Board,Interior,407,50,$338.7,$33.9,"$13,786",FixRight Depot,12/10/2024,9/11/2024,Warehouse B,FALSE,,OverStock
85499,Water Heater,Plumbing,332,50,$137.3,$13.7,"$4,559",Konga Wholesale,12/10/2024,5/11/2024,Warehouse B,FALSE,,OverStock
76555,Switch Box,Electrical,284,30,$479.6,$48.0,"$13,621",MegaBuild Ltd,12/10/2024,15/11/2024,Warehouse A,FALSE,,OverStock
69261,Shower Set,Hardware,41,20,$167.0,$16.7,$685,Alpha Materials,12/10/2024,5/11/2024,Warehouse B,FALSE,,Other
24288,Kitchen Sink,Plumbing,25,30,$140.5,$14.0,$351,Konga Wholesale,11/10/2024,19/10/2024,Warehouse A,TRUE,5,Other
33199,Bulb Pack,Electrical,312,150,$307.2,$30.7,"$9,585",FixRight Depot,11/10/2024,7/11/2024,Warehouse C,FALSE,,Other
90152,Window Glass,Hardware,20,80,$381.3,$38.1,$763,FixRight Depot,11/10/2024,4/11/2024,Warehouse B,TRUE,60,Other
24859,Bulb Pack,Electrical,158,20,$482.8,$48.3,"$7,629",Alpha Materials,11/10/2024,30/10/2024,Warehouse A,FALSE,,OverStock
72894,Paint Bucket,Interior,304,50,$432.2,$43.2,"$13,137",FixRight Depot,11/10/2024,5/11/2024,Warehouse B,FALSE,,OverStock
40875,Door Frame,Hardware,34,30,$407.0,$40.7,"$1,384",FixRight Depot,11/10/2024,17/10/2024,Warehouse A,FALSE,,Other
61932,Door Frame,Hardware,68,150,$419.3,$41.9,"$2,851",Alpha Materials,11/10/2024,2/11/2024,Warehouse B,TRUE,82,Other
92305,Concrete Block,Building Materials,366,80,$275.1,$27.5,"$10,070",MegaBuild Ltd,11/10/2024,2/11/2024,Warehouse C,FALSE,,OverStock
51682,PVC Pipe,Plumbing,274,150,$83.9,$8.4,"$2,300",MegaBuild Ltd,11/10/2024,18/11/2024,Warehouse B,FALSE,,Other
89908,PVC Pipe,Plumbing,411,40,$18.7,$1.9,$767,Alpha Materials,11/10/2024,2/11/2024,Warehouse A,FALSE,,OverStock
58745,Bulb Pack,Electrical,382,150,$142.0,$14.2,"$5,425",MegaBuild Ltd,11/10/2024,11/11/2024,Warehouse C,FALSE,,Other
94194,Switch Box,Electrical,43,150,$360.6,$36.1,"$1,551",FixRight Depot,11/10/2024,21/10/2024,Warehouse A,TRUE,107,Other
85066,Paint Bucket,Interior,470,100,$210.3,$21.0,"$9,883",Jumia Supplies,11/10/2024,28/10/2024,Warehouse B,FALSE,,OverStock
96988,Water Heater,Plumbing,453,80,$114.0,$11.4,"$5,164",Jumia Supplies,10/10/2024,19/10/2024,Warehouse B,FALSE,,OverStock
96664,Cement Bag,Building Materials,389,40,$271.5,$27.1,"$10,560",MegaBuild Ltd,10/10/2024,16/11/2024,Warehouse C,FALSE,,OverStock
38091,Concrete Block,Building Materials,189,80,$50.1,$5.0,$947,Jumia Supplies,10/10/2024,1/11/2024,Warehouse C,FALSE,,Other
65612,Cement Bag,Building Materials,353,80,$292.0,$29.2,"$10,308",Konga Wholesale,10/10/2024,15/11/2024,Warehouse C,FALSE,,OverStock
52530,Electrical Cable,Electrical,35,80,$328.4,$32.8,"$1,150",FixRight Depot,10/10/2024,30/10/2024,Warehouse C,TRUE,45,Other
70548,Bulb Pack,Electrical,155,80,$228.4,$22.8,"$3,541",Jumia Supplies,10/10/2024,9/11/2024,Warehouse B,FALSE,,Other
85710,Paint Bucket,Interior,174,150,$357.4,$35.7,"$6,219",Jumia Supplies,10/10/2024,3/11/2024,Warehouse A,FALSE,,Other
56486,Water Heater,Plumbing,28,80,$364.4,$36.4,"$1,020",FixRight Depot,9/10/2024,13/11/2024,Warehouse A,TRUE,52,Other
60906,Switch Box,Electrical,245,80,$31.6,$3.2,$773,FixRight Depot,9/10/2024,14/10/2024,Warehouse C,FALSE,,OverStock
86631,Concrete Block,Building Materials,325,40,$49.5,$4.9,"$1,607",Alpha Materials,9/10/2024,31/10/2024,Warehouse B,FALSE,,OverStock
10434,Bulb Pack,Electrical,80,100,$29.8,$3.0,$238,Alpha Materials,9/10/2024,1/11/2024,Warehouse C,TRUE,20,Other
17101,Cement Bag,Building Materials,34,30,$375.1,$37.5,"$1,275",Alpha Materials,9/10/2024,19/10/2024,Warehouse B,FALSE,,Other
18104,Water Heater,Plumbing,112,20,$353.9,$35.4,"$3,963",Konga Wholesale,9/10/2024,3/11/2024,Warehouse A,FALSE,,OverStock
23333,Cement Bag,Building Materials,302,50,$404.2,$40.4,"$12,208",Alpha Materials,9/10/2024,12/11/2024,Warehouse A,FALSE,,OverStock
62287,Shower Set,Hardware,247,30,$269.4,$26.9,"$6,655",Alpha Materials,9/10/2024,15/10/2024,Warehouse C,FALSE,,OverStock
55995,Shower Set,Hardware,330,20,$387.5,$38.7,"$12,786",FixRight Depot,9/10/2024,13/11/2024,Warehouse B,FALSE,,OverStock
66257,Kitchen Sink,Plumbing,125,40,$245.7,$24.6,"$3,071",Konga Wholesale,9/10/2024,26/10/2024,Warehouse C,FALSE,,OverStock
52056,Shower Set,Hardware,206,80,$316.1,$31.6,"$6,511",Jumia Supplies,8/10/2024,28/10/2024,Warehouse A,FALSE,,Other
62311,Door Frame,Hardware,469,50,$44.5,$4.4,"$2,085",FixRight Depot,8/10/2024,7/11/2024,Warehouse C,FALSE,,OverStock
32821,Ceiling Board,Interior,228,40,$101.6,$10.2,"$2,316",Konga Wholesale,8/10/2024,16/11/2024,Warehouse A,FALSE,,OverStock
37690,Kitchen Sink,Plumbing,103,80,$390.1,$39.0,"$4,018",Konga Wholesale,8/10/2024,24/10/2024,Warehouse B,FALSE,,Other
66624,Window Glass,Hardware,132,20,$461.5,$46.2,"$6,092",MegaBuild Ltd,8/10/2024,8/11/2024,Warehouse A,FALSE,,OverStock
39236,PVC Pipe,Plumbing,463,20,$377.5,$37.7,"$17,477",Alpha Materials,8/10/2024,31/10/2024,Warehouse A,FALSE,,OverStock
82131,Roofing Sheet,Building Materials,348,50,$172.4,$17.2,"$6,000",Konga Wholesale,8/10/2024,16/11/2024,Warehouse B,FALSE,,OverStock
56212,Ceiling Board,Interior,239,100,$496.8,$49.7,"$11,873",Alpha Materials,8/10/2024,29/10/2024,Warehouse A,FALSE,,Other
33115,Shower Set,Hardware,304,40,$464.5,$46.4,"$14,120",Jumia Supplies,8/10/2024,16/10/2024,Warehouse B,FALSE,,OverStock
61556,Door Frame,Hardware,35,40,$445.5,$44.6,"$1,559",Konga Wholesale,8/10/2024,2/11/2024,Warehouse A,TRUE,5,Other
43439,Cement Bag,Building Materials,215,100,$57.5,$5.8,"$1,237",MegaBuild Ltd,7/10/2024,12/10/2024,Warehouse B,FALSE,,Other
19001,Kitchen Sink,Plumbing,119,40,$234.4,$23.4,"$2,789",Jumia Supplies,7/10/2024,13/10/2024,Warehouse A,FALSE,,Other
93629,Window Glass,Hardware,65,100,$20.3,$2.0,$132,Konga Wholesale,7/10/2024,18/10/2024,Warehouse B,TRUE,35,Other
62076,Paint Bucket,Interior,171,50,$170.0,$17.0,"$2,906",Konga Wholesale,7/10/2024,18/10/2024,Warehouse C,FALSE,,OverStock
82354,Bulb Pack,Electrical,307,80,$164.0,$16.4,"$5,035",Alpha Materials,7/10/2024,15/11/2024,Warehouse B,FALSE,,OverStock
92341,Concrete Block,Building Materials,17,20,$100.3,$10.0,$171,FixRight Depot,7/10/2024,25/10/2024,Warehouse B,TRUE,3,Other
20988,Paint Bucket,Interior,86,30,$356.0,$35.6,"$3,062",FixRight Depot,7/10/2024,13/11/2024,Warehouse C,FALSE,,Other
21325,Electrical Cable,Electrical,418,40,$431.8,$43.2,"$18,050",Jumia Supplies,7/10/2024,13/11/2024,Warehouse C,FALSE,,OverStock
95847,Door Frame,Hardware,465,50,$95.3,$9.5,"$4,431",Alpha Materials,7/10/2024,3/11/2024,Warehouse B,FALSE,,OverStock
89104,Paint Bucket,Interior,162,20,$366.1,$36.6,"$5,930",FixRight Depot,7/10/2024,31/10/2024,Warehouse C,FALSE,,OverStock
73704,Toilet Seat,Hardware,236,30,$272.2,$27.2,"$6,423",FixRight Depot,6/10/2024,5/11/2024,Warehouse A,FALSE,,OverStock
40977,PVC Pipe,Plumbing,324,80,$85.7,$8.6,"$2,775",Jumia Supplies,6/10/2024,26/10/2024,Warehouse C,FALSE,,OverStock
52965,Window Glass,Hardware,45,80,$192.7,$19.3,$867,Jumia Supplies,6/10/2024,12/10/2024,Warehouse B,TRUE,35,Other
94085,Floor Tiles,Interior,209,100,$204.1,$20.4,"$4,266",Alpha Materials,6/10/2024,18/10/2024,Warehouse A,FALSE,,Other
91060,Water Heater,Plumbing,319,150,$301.9,$30.2,"$9,632",Konga Wholesale,6/10/2024,6/11/2024,Warehouse C,FALSE,,Other
29340,Kitchen Sink,Plumbing,80,30,$340.3,$34.0,"$2,722",Alpha Materials,6/10/2024,12/10/2024,Warehouse C,FALSE,,Other
38013,Kitchen Sink,Plumbing,346,50,$69.8,$7.0,"$2,415",Alpha Materials,6/10/2024,18/10/2024,Warehouse B,FALSE,,OverStock
19638,Window Glass,Hardware,286,150,$319.0,$31.9,"$9,122",FixRight Depot,6/10/2024,30/10/2024,Warehouse B,FALSE,,Other
57219,Floor Tiles,Interior,99,50,$439.6,$44.0,"$4,352",Alpha Materials,6/10/2024,23/10/2024,Warehouse B,FALSE,,Other
16421,Bulb Pack,Electrical,203,30,$343.1,$34.3,"$6,964",Alpha Materials,6/10/2024,7/11/2024,Warehouse A,FALSE,,OverStock
14334,Cement Bag,Building Materials,36,150,$283.2,$28.3,"$1,020",Alpha Materials,6/10/2024,24/10/2024,Warehouse A,TRUE,114,Other
69643,Door Frame,Hardware,133,50,$401.2,$40.1,"$5,336",Konga Wholesale,6/10/2024,13/11/2024,Warehouse C,FALSE,,Other
71920,Switch Box,Electrical,136,30,$452.8,$45.3,"$6,159",Jumia Supplies,6/10/2024,14/10/2024,Warehouse C,FALSE,,OverStock
16416,Roofing Sheet,Building Materials,430,30,$375.7,$37.6,"$16,154",Alpha Materials,5/10/2024,31/10/2024,Warehouse C,FALSE,,OverStock
92666,Kitchen Sink,Plumbing,347,100,$277.5,$27.7,"$9,629",Jumia Supplies,5/10/2024,6/11/2024,Warehouse B,FALSE,,OverStock
95982,Door Frame,Hardware,28,40,$228.9,$22.9,$641,Alpha Materials,5/10/2024,13/11/2024,Warehouse C,TRUE,12,Other
55810,Switch Box,Electrical,255,30,$297.1,$29.7,"$7,576",Jumia Supplies,5/10/2024,13/10/2024,Warehouse A,FALSE,,OverStock
43617,Water Heater,Plumbing,290,40,$226.8,$22.7,"$6,577",Jumia Supplies,5/10/2024,3/11/2024,Warehouse A,FALSE,,OverStock
34502,Ceiling Board,Interior,300,30,$256.6,$25.7,"$7,699",Alpha Materials,5/10/2024,19/10/2024,Warehouse B,FALSE,,OverStock
53953,Toilet Seat,Hardware,238,80,$95.2,$9.5,"$2,266",FixRight Depot,5/10/2024,11/11/2024,Warehouse C,FALSE,,Other
96224,Ceiling Board,Interior,488,40,$93.2,$9.3,"$4,547",Alpha Materials,5/10/2024,16/10/2024,Warehouse C,FALSE,,OverStock
95824,Kitchen Sink,Plumbing,30,50,$18.5,$1.8,$55,Jumia Supplies,4/10/2024,9/10/2024,Warehouse C,TRUE,20,Other
55212,Roofing Sheet,Building Materials,99,100,$422.7,$42.3,"$4,185",Konga Wholesale,4/10/2024,11/11/2024,Warehouse B,TRUE,1,Other
70390,Toilet Seat,Hardware,164,20,$325.0,$32.5,"$5,330",MegaBuild Ltd,4/10/2024,13/10/2024,Warehouse B,FALSE,,OverStock
19969,Paint Bucket,Interior,289,40,$386.3,$38.6,"$11,163",MegaBuild Ltd,4/10/2024,14/10/2024,Warehouse B,FALSE,,OverStock
68182,Bulb Pack,Electrical,217,100,$384.0,$38.4,"$8,333",MegaBuild Ltd,4/10/2024,26/10/2024,Warehouse B,FALSE,,Other
38690,Water Heater,Plumbing,426,30,$333.4,$33.3,"$14,201",MegaBuild Ltd,4/10/2024,12/10/2024,Warehouse C,FALSE,,OverStock
40314,Window Glass,Hardware,95,30,$249.3,$24.9,"$2,368",FixRight Depot,4/10/2024,25/10/2024,Warehouse A,FALSE,,OverStock
84486,PVC Pipe,Plumbing,385,150,$296.0,$29.6,"$11,396",Konga Wholesale,4/10/2024,19/10/2024,Warehouse A,FALSE,,Other
63205,Electrical Cable,Electrical,483,30,$13.6,$1.4,$656,Alpha Materials,4/10/2024,3/11/2024,Warehouse C,FALSE,,OverStock
49790,Shower Set,Hardware,437,40,$220.0,$22.0,"$9,615",Jumia Supplies,3/10/2024,6/11/2024,Warehouse A,FALSE,,OverStock
97505,Toilet Seat,Hardware,433,80,$100.2,$10.0,"$4,338",FixRight Depot,3/10/2024,12/10/2024,Warehouse B,FALSE,,OverStock
46268,Roofing Sheet,Building Materials,407,20,$38.4,$3.8,"$1,561",Jumia Supplies,3/10/2024,25/10/2024,Warehouse A,FALSE,,OverStock
81832,Roofing Sheet,Building Materials,311,30,$270.1,$27.0,"$8,400",Alpha Materials,3/10/2024,31/10/2024,Warehouse C,FALSE,,OverStock
76025,Window Glass,Hardware,400,150,$304.7,$30.5,"$12,187",Alpha Materials,3/10/2024,2/11/2024,Warehouse A,FALSE,,Other
31326,Paint Bucket,Interior,236,80,$276.7,$27.7,"$6,530",Jumia Supplies,3/10/2024,23/10/2024,Warehouse A,FALSE,,Other
23338,Kitchen Sink,Plumbing,240,30,$374.8,$37.5,"$8,994",MegaBuild Ltd,3/10/2024,4/11/2024,Warehouse A,FALSE,,OverStock
89946,Kitchen Sink,Plumbing,105,150,$59.6,$6.0,$626,MegaBuild Ltd,3/10/2024,8/11/2024,Warehouse B,TRUE,45,Other
18912,Cement Bag,Building Materials,66,100,$299.8,$30.0,"$1,978",Konga Wholesale,3/10/2024,15/10/2024,Warehouse C,TRUE,34,Other
79561,Electrical Cable,Electrical,181,20,$217.0,$21.7,"$3,927",Alpha Materials,3/10/2024,8/10/2024,Warehouse A,FALSE,,OverStock
58895,Kitchen Sink,Plumbing,129,40,$176.3,$17.6,"$2,275",MegaBuild Ltd,2/10/2024,24/10/2024,Warehouse A,FALSE,,OverStock
55619,Kitchen Sink,Plumbing,363,30,$118.5,$11.9,"$4,303",Alpha Materials,2/10/2024,30/10/2024,Warehouse C,FALSE,,OverStock
91163,Concrete Block,Building Materials,303,50,$370.4,$37.0,"$11,223",MegaBuild Ltd,2/10/2024,9/10/2024,Warehouse B,FALSE,,OverStock
83396,Roofing Sheet,Building Materials,464,30,$270.2,$27.0,"$12,536",Alpha Materials,2/10/2024,5/11/2024,Warehouse B,FALSE,,OverStock
19032,Shower Set,Hardware,199,30,$129.8,$13.0,"$2,582",FixRight Depot,2/10/2024,14/10/2024,Warehouse B,FALSE,,OverStock
67732,Floor Tiles,Interior,212,50,$281.6,$28.2,"$5,969",MegaBuild Ltd,2/10/2024,9/11/2024,Warehouse C,FALSE,,OverStock
17802,Water Heater,Plumbing,249,20,$52.0,$5.2,"$1,294",MegaBuild Ltd,2/10/2024,16/10/2024,Warehouse A,FALSE,,OverStock
76198,Shower Set,Hardware,411,100,$75.1,$7.5,"$3,085",Alpha Materials,2/10/2024,24/10/2024,Warehouse C,FALSE,,OverStock
33950,Concrete Block,Building Materials,257,40,$322.8,$32.3,"$8,296",FixRight Depot,2/10/2024,29/10/2024,Warehouse C,FALSE,,OverStock
10744,Shower Set,Hardware,185,30,$79.1,$7.9,"$1,464",FixRight Depot,2/10/2024,19/10/2024,Warehouse A,FALSE,,OverStock
35289,Cement Bag,Building Materials,131,50,$191.3,$19.1,"$2,505",MegaBuild Ltd,1/10/2024,1/11/2024,Warehouse C,FALSE,,Other
72987,Toilet Seat,Hardware,477,100,$484.0,$48.4,"$23,089",Konga Wholesale,1/10/2024,6/11/2024,Warehouse B,FALSE,,OverStock
69675,Roofing Sheet,Building Materials,109,40,$413.9,$41.4,"$4,511",FixRight Depot,1/10/2024,14/10/2024,Warehouse A,FALSE,,Other
60085,Roofing Sheet,Building Materials,123,150,$268.7,$26.9,"$3,305",Alpha Materials,1/10/2024,19/10/2024,Warehouse A,TRUE,27,Other
74140,PVC Pipe,Plumbing,437,50,$294.5,$29.5,"$12,870",Konga Wholesale,1/10/2024,28/10/2024,Warehouse B,FALSE,,OverStock
14837,Kitchen Sink,Plumbing,10,100,$264.0,$26.4,$264,Jumia Supplies,1/10/2024,11/10/2024,Warehouse B,TRUE,90,Other
48165,Ceiling Board,Interior,426,40,$354.2,$35.4,"$15,090",Jumia Supplies,1/10/2024,26/10/2024,Warehouse A,FALSE,,OverStock
22809,Water Heater,Plumbing,108,30,$219.7,$22.0,"$2,373",Konga Wholesale,1/10/2024,13/10/2024,Warehouse B,FALSE,,OverStock
94814,Cement Bag,Building Materials,29,40,$411.4,$41.1,"$1,193",FixRight Depot,1/10/2024,4/11/2024,Warehouse C,TRUE,11,Other
63544,Shower Set,Hardware,220,20,$459.0,$45.9,"$10,098",Alpha Materials,1/10/2024,26/10/2024,Warehouse A,FALSE,,OverStock
83662,Wallpaper Roll,Interior,410,30,$479.1,$47.9,"$19,645",Alpha Materials,1/10/2024,12/10/2024,Warehouse B,FALSE,,OverStock
23919,Water Heater,Plumbing,250,150,$96.8,$9.7,"$2,420",Konga Wholesale,30/9/2024,5/11/2024,Warehouse C,FALSE,,Other
45233,Kitchen Sink,Plumbing,252,20,$450.9,$45.1,"$11,362",Jumia Supplies,30/9/2024,24/10/2024,Warehouse B,FALSE,,OverStock
96612,Roofing Sheet,Building Materials,399,100,$267.3,$26.7,"$10,664",Konga Wholesale,30/9/2024,27/10/2024,Warehouse C,FALSE,,OverStock
20599,Electrical Cable,Electrical,442,20,$408.9,$40.9,"$18,075",Konga Wholesale,30/9/2024,30/10/2024,Warehouse C,FALSE,,OverStock
89925,Kitchen Sink,Plumbing,367,40,$304.5,$30.4,"$11,175",Jumia Supplies,30/9/2024,31/10/2024,Warehouse A,FALSE,,OverStock
47372,Water Heater,Plumbing,411,80,$481.2,$48.1,"$19,775",Jumia Supplies,30/9/2024,19/10/2024,Warehouse A,FALSE,,OverStock
10357,PVC Pipe,Plumbing,79,100,$406.4,$40.6,"$3,211",Alpha Materials,30/9/2024,30/10/2024,Warehouse B,TRUE,21,Other
59285,Roofing Sheet,Building Materials,388,80,$208.8,$20.9,"$8,100",MegaBuild Ltd,30/9/2024,4/11/2024,Warehouse C,FALSE,,OverStock
25475,Floor Tiles,Interior,160,150,$281.7,$28.2,"$4,507",MegaBuild Ltd,30/9/2024,6/11/2024,Warehouse C,FALSE,,Other
79400,Electrical Cable,Electrical,318,100,$26.4,$2.6,$839,FixRight Depot,30/9/2024,9/10/2024,Warehouse A,FALSE,,OverStock
97954,Wallpaper Roll,Interior,230,80,$487.8,$48.8,"$11,219",Konga Wholesale,29/9/2024,2/11/2024,Warehouse B,FALSE,,Other
92063,Bulb Pack,Electrical,129,30,$168.5,$16.8,"$2,174",Alpha Materials,29/9/2024,4/11/2024,Warehouse C,FALSE,,OverStock
71607,Paint Bucket,Interior,471,20,$174.7,$17.5,"$8,229",MegaBuild Ltd,29/9/2024,2/11/2024,Warehouse C,FALSE,,OverStock
14951,Water Heater,Plumbing,0,150,$333.6,$33.4,$0,Konga Wholesale,29/9/2024,30/10/2024,Warehouse B,TRUE,150,Other
74555,Toilet Seat,Hardware,237,30,$109.2,$10.9,"$2,588",Alpha Materials,29/9/2024,7/10/2024,Warehouse A,FALSE,,OverStock
34945,Concrete Block,Building Materials,481,100,$65.7,$6.6,"$3,158",Alpha Materials,29/9/2024,18/10/2024,Warehouse A,FALSE,,OverStock
92641,Bulb Pack,Electrical,179,20,$211.1,$21.1,"$3,778",FixRight Depot,29/9/2024,20/10/2024,Warehouse C,FALSE,,OverStock
98321,PVC Pipe,Plumbing,332,100,$292.6,$29.3,"$9,713",Konga Wholesale,29/9/2024,27/10/2024,Warehouse A,FALSE,,OverStock
86427,Switch Box,Electrical,480,20,$304.9,$30.5,"$14,633",Jumia Supplies,29/9/2024,30/10/2024,Warehouse A,FALSE,,OverStock
91462,Toilet Seat,Hardware,87,20,$404.7,$40.5,"$3,521",Jumia Supplies,29/9/2024,30/10/2024,Warehouse A,FALSE,,OverStock
56312,Bulb Pack,Electrical,228,30,$59.3,$5.9,"$1,351",Alpha Materials,29/9/2024,6/10/2024,Warehouse C,FALSE,,OverStock
22109,Roofing Sheet,Building Materials,145,80,$336.8,$33.7,"$4,883",Konga Wholesale,28/9/2024,18/10/2024,Warehouse A,FALSE,,Other
50739,Electrical Cable,Electrical,106,20,$381.8,$38.2,"$4,047",Konga Wholesale,28/9/2024,15/10/2024,Warehouse B,FALSE,,OverStock
46389,Roofing Sheet,Building Materials,77,40,$99.9,$10.0,$770,Alpha Materials,28/9/2024,22/10/2024,Warehouse B,FALSE,,Other
43919,Shower Set,Hardware,191,20,$159.4,$15.9,"$3,045",FixRight Depot,27/9/2024,2/11/2024,Warehouse B,FALSE,,OverStock
71899,Shower Set,Hardware,441,40,$32.5,$3.3,"$1,434",Jumia Supplies,27/9/2024,5/11/2024,Warehouse A,FALSE,,OverStock
30805,Window Glass,Hardware,178,100,$200.7,$20.1,"$3,573",MegaBuild Ltd,27/9/2024,15/10/2024,Warehouse A,FALSE,,Other
83177,Window Glass,Hardware,33,150,$128.4,$12.8,$424,Konga Wholesale,27/9/2024,2/10/2024,Warehouse A,TRUE,117,Other
86586,Floor Tiles,Interior,96,100,$254.1,$25.4,"$2,439",Konga Wholesale,27/9/2024,4/10/2024,Warehouse B,TRUE,4,Other
34198,Switch Box,Electrical,308,50,$55.7,$5.6,"$1,715",MegaBuild Ltd,27/9/2024,21/10/2024,Warehouse C,FALSE,,OverStock
46386,Concrete Block,Building Materials,28,40,$43.0,$4.3,$120,FixRight Depot,26/9/2024,14/10/2024,Warehouse A,TRUE,12,Other
25916,Floor Tiles,Interior,381,30,$7.4,$0.7,$283,Jumia Supplies,26/9/2024,12/10/2024,Warehouse C,FALSE,,OverStock
20985,Water Heater,Plumbing,257,150,$389.6,$39.0,"$10,012",Jumia Supplies,26/9/2024,6/10/2024,Warehouse A,FALSE,,Other
30426,Floor Tiles,Interior,81,80,$206.6,$20.7,"$1,674",Jumia Supplies,26/9/2024,28/10/2024,Warehouse A,FALSE,,Other
10337,Concrete Block,Building Materials,436,20,$231.5,$23.1,"$10,093",Alpha Materials,26/9/2024,2/10/2024,Warehouse A,FALSE,,OverStock
55114,Concrete Block,Building Materials,463,50,$448.3,$44.8,"$20,754",MegaBuild Ltd,26/9/2024,4/10/2024,Warehouse C,FALSE,,OverStock
80587,Roofing Sheet,Building Materials,69,20,$310.5,$31.0,"$2,142",Alpha Materials,25/9/2024,1/10/2024,Warehouse C,FALSE,,OverStock
71744,Door Frame,Hardware,294,30,$258.6,$25.9,"$7,602",Konga Wholesale,25/9/2024,4/10/2024,Warehouse C,FALSE,,OverStock
36327,Paint Bucket,Interior,48,50,$481.2,$48.1,"$2,310",MegaBuild Ltd,25/9/2024,13/10/2024,Warehouse B,TRUE,2,Other
23362,Electrical Cable,Electrical,78,50,$206.1,$20.6,"$1,608",MegaBuild Ltd,25/9/2024,2/11/2024,Warehouse B,FALSE,,Other
66125,Concrete Block,Building Materials,287,100,$192.1,$19.2,"$5,514",Alpha Materials,25/9/2024,22/10/2024,Warehouse B,FALSE,,Other
74708,Wallpaper Roll,Interior,261,100,$210.5,$21.1,"$5,494",Jumia Supplies,25/9/2024,28/10/2024,Warehouse A,FALSE,,Other
24937,Bulb Pack,Electrical,157,40,$78.4,$7.8,"$1,231",Konga Wholesale,25/9/2024,19/10/2024,Warehouse A,FALSE,,OverStock
38273,Ceiling Board,Interior,321,150,$438.9,$43.9,"$14,087",MegaBuild Ltd,25/9/2024,13/10/2024,Warehouse B,FALSE,,Other
25941,Switch Box,Electrical,180,80,$100.2,$10.0,"$1,803",FixRight Depot,25/9/2024,2/11/2024,Warehouse A,FALSE,,Other
38044,Bulb Pack,Electrical,31,100,$431.4,$43.1,"$1,337",Alpha Materials,24/9/2024,16/10/2024,Warehouse B,TRUE,69,Other
53351,Electrical Cable,Electrical,479,150,$361.7,$36.2,"$17,326",Jumia Supplies,24/9/2024,9/10/2024,Warehouse B,FALSE,,OverStock
24633,Paint Bucket,Interior,111,40,$160.1,$16.0,"$1,777",Alpha Materials,24/9/2024,19/10/2024,Warehouse B,FALSE,,Other
56798,Bulb Pack,Electrical,370,150,$360.6,$36.1,"$13,343",Jumia Supplies,24/9/2024,21/10/2024,Warehouse A,FALSE,,Other
47117,Floor Tiles,Interior,474,80,$498.9,$49.9,"$23,648",Alpha Materials,24/9/2024,21/10/2024,Warehouse B,FALSE,,OverStock
39433,Electrical Cable,Electrical,24,100,$23.1,$2.3,$56,Alpha Materials,24/9/2024,7/10/2024,Warehouse A,TRUE,76,Other
42059,Wallpaper Roll,Interior,75,50,$386.7,$38.7,"$2,900",FixRight Depot,24/9/2024,23/10/2024,Warehouse C,FALSE,,Other
78917,Roofing Sheet,Building Materials,419,20,$329.1,$32.9,"$13,788",Jumia Supplies,23/9/2024,13/10/2024,Warehouse B,FALSE,,OverStock
62204,Floor Tiles,Interior,345,30,$411.6,$41.2,"$14,198",Konga Wholesale,23/9/2024,29/9/2024,Warehouse B,FALSE,,OverStock
98672,Roofing Sheet,Building Materials,12,30,$355.5,$35.6,$427,MegaBuild Ltd,23/9/2024,10/10/2024,Warehouse A,TRUE,18,Other
23987,Switch Box,Electrical,468,30,$291.4,$29.1,"$13,638",FixRight Depot,23/9/2024,11/10/2024,Warehouse A,FALSE,,OverStock
51849,Shower Set,Hardware,202,30,$309.6,$31.0,"$6,253",Konga Wholesale,23/9/2024,3/10/2024,Warehouse B,FALSE,,OverStock
65677,Switch Box,Electrical,498,80,$391.5,$39.1,"$19,496",Konga Wholesale,22/9/2024,21/10/2024,Warehouse B,FALSE,,OverStock
95667,Concrete Block,Building Materials,118,100,$448.4,$44.8,"$5,291",FixRight Depot,22/9/2024,17/10/2024,Warehouse C,FALSE,,Other
33906,Bulb Pack,Electrical,95,100,$72.9,$7.3,$692,FixRight Depot,22/9/2024,20/10/2024,Warehouse B,TRUE,5,Other
65415,Floor Tiles,Interior,220,150,$220.2,$22.0,"$4,844",Jumia Supplies,22/9/2024,11/10/2024,Warehouse C,FALSE,,Other
93106,PVC Pipe,Plumbing,377,150,$337.1,$33.7,"$12,710",Jumia Supplies,22/9/2024,5/10/2024,Warehouse B,FALSE,,Other
24708,Ceiling Board,Interior,49,80,$475.4,$47.5,"$2,329",Jumia Supplies,22/9/2024,23/10/2024,Warehouse C,TRUE,31,Other
89118,Electrical Cable,Electrical,178,30,$88.9,$8.9,"$1,583",Konga Wholesale,22/9/2024,5/10/2024,Warehouse B,FALSE,,OverStock
72723,Water Heater,Plumbing,238,20,$488.1,$48.8,"$11,616",FixRight Depot,22/9/2024,3/10/2024,Warehouse B,FALSE,,OverStock
68398,Toilet Seat,Hardware,414,50,$260.2,$26.0,"$10,773",Konga Wholesale,22/9/2024,2/10/2024,Warehouse C,FALSE,,OverStock
95083,Bulb Pack,Electrical,236,80,$416.0,$41.6,"$9,818",Konga Wholesale,22/9/2024,12/10/2024,Warehouse B,FALSE,,Other
53861,Cement Bag,Building Materials,465,20,$370.0,$37.0,"$17,203",Alpha Materials,22/9/2024,10/10/2024,Warehouse C,FALSE,,OverStock
32612,Bulb Pack,Electrical,461,30,$380.9,$38.1,"$17,559",MegaBuild Ltd,21/9/2024,28/9/2024,Warehouse B,FALSE,,OverStock
38451,PVC Pipe,Plumbing,184,150,$183.9,$18.4,"$3,384",Konga Wholesale,21/9/2024,4/10/2024,Warehouse A,FALSE,,Other
97695,Switch Box,Electrical,272,20,$306.4,$30.6,"$8,333",Konga Wholesale,21/9/2024,2/10/2024,Warehouse C,FALSE,,OverStock
14758,PVC Pipe,Plumbing,382,100,$78.8,$7.9,"$3,010",FixRight Depot,21/9/2024,30/10/2024,Warehouse B,FALSE,,OverStock
86749,Wallpaper Roll,Interior,129,150,$390.8,$39.1,"$5,041",MegaBuild Ltd,21/9/2024,22/10/2024,Warehouse A,TRUE,21,Other
80904,Electrical Cable,Electrical,79,150,$82.7,$8.3,$653,MegaBuild Ltd,21/9/2024,28/10/2024,Warehouse B,TRUE,71,Other
34409,Water Heater,Plumbing,444,30,$156.7,$15.7,"$6,957",Alpha Materials,21/9/2024,30/9/2024,Warehouse A,FALSE,,OverStock
31943,Door Frame,Hardware,215,150,$175.1,$17.5,"$3,764",Jumia Supplies,21/9/2024,22/10/2024,Warehouse A,FALSE,,Other
48568,Electrical Cable,Electrical,495,40,$460.6,$46.1,"$22,798",Jumia Supplies,21/9/2024,29/9/2024,Warehouse B,FALSE,,OverStock
25305,Bulb Pack,Electrical,34,150,$40.2,$4.0,$137,MegaBuild Ltd,20/9/2024,23/10/2024,Warehouse B,TRUE,116,Other
22342,Water Heater,Plumbing,165,40,$81.8,$8.2,"$1,350",Konga Wholesale,20/9/2024,23/10/2024,Warehouse B,FALSE,,OverStock
83506,Shower Set,Hardware,50,20,$280.6,$28.1,"$1,403",Konga Wholesale,20/9/2024,28/10/2024,Warehouse A,FALSE,,Other
37230,PVC Pipe,Plumbing,238,150,$486.8,$48.7,"$11,586",Alpha Materials,20/9/2024,9/10/2024,Warehouse B,FALSE,,Other
65107,Electrical Cable,Electrical,182,40,$273.5,$27.3,"$4,977",Konga Wholesale,20/9/2024,16/10/2024,Warehouse A,FALSE,,OverStock
59323,Toilet Seat,Hardware,9,20,$76.9,$7.7,$69,Jumia Supplies,20/9/2024,15/10/2024,Warehouse C,TRUE,11,Other
31711,Roofing Sheet,Building Materials,195,100,$148.9,$14.9,"$2,904",FixRight Depot,20/9/2024,18/10/2024,Warehouse C,FALSE,,Other
22987,Concrete Block,Building Materials,248,150,$362.7,$36.3,"$8,995",MegaBuild Ltd,20/9/2024,3/10/2024,Warehouse C,FALSE,,Other
79498,Ceiling Board,Interior,354,20,$122.3,$12.2,"$4,331",Jumia Supplies,20/9/2024,12/10/2024,Warehouse A,FALSE,,OverStock
18752,Switch Box,Electrical,104,80,$42.0,$4.2,$436,MegaBuild Ltd,20/9/2024,28/10/2024,Warehouse C,FALSE,,Other
37146,Toilet Seat,Hardware,336,100,$103.3,$10.3,"$3,470",FixRight Depot,20/9/2024,12/10/2024,Warehouse C,FALSE,,OverStock
98422,Ceiling Board,Interior,354,40,$72.2,$7.2,"$2,555",Alpha Materials,19/9/2024,4/10/2024,Warehouse A,FALSE,,OverStock
52235,Concrete Block,Building Materials,358,30,$406.4,$40.6,"$14,548",FixRight Depot,19/9/2024,9/10/2024,Warehouse A,FALSE,,OverStock
50160,Switch Box,Electrical,230,50,$318.4,$31.8,"$7,322",MegaBuild Ltd,19/9/2024,26/9/2024,Warehouse B,FALSE,,OverStock
19117,Window Glass,Hardware,373,30,$385.9,$38.6,"$14,392",Konga Wholesale,19/9/2024,23/10/2024,Warehouse C,FALSE,,OverStock
26746,Cement Bag,Building Materials,400,80,$156.2,$15.6,"$6,246",Konga Wholesale,19/9/2024,2/10/2024,Warehouse B,FALSE,,OverStock
20108,Shower Set,Hardware,196,40,$7.8,$0.8,$153,Jumia Supplies,19/9/2024,29/9/2024,Warehouse B,FALSE,,OverStock
69207,Paint Bucket,Interior,365,40,$219.5,$22.0,"$8,013",MegaBuild Ltd,19/9/2024,23/10/2024,Warehouse B,FALSE,,OverStock
69327,Wallpaper Roll,Interior,116,30,$162.4,$16.2,"$1,884",FixRight Depot,19/9/2024,26/10/2024,Warehouse B,FALSE,,OverStock
62169,Electrical Cable,Electrical,429,100,$129.0,$12.9,"$5,534",Jumia Supplies,19/9/2024,4/10/2024,Warehouse C,FALSE,,OverStock
59101,Bulb Pack,Electrical,52,100,$466.4,$46.6,"$2,425",FixRight Depot,19/9/2024,26/9/2024,Warehouse C,TRUE,48,Other
23731,Toilet Seat,Hardware,301,100,$11.2,$1.1,$338,Jumia Supplies,18/9/2024,9/10/2024,Warehouse C,FALSE,,OverStock
49293,Shower Set,Hardware,453,80,$425.3,$42.5,"$19,265",Jumia Supplies,18/9/2024,18/10/2024,Warehouse A,FALSE,,OverStock
43400,Paint Bucket,Interior,137,30,$224.1,$22.4,"$3,070",Alpha Materials,18/9/2024,16/10/2024,Warehouse B,FALSE,,OverStock
40262,Paint Bucket,Interior,142,150,$271.2,$27.1,"$3,851",FixRight Depot,18/9/2024,25/10/2024,Warehouse C,TRUE,8,Other
23416,Floor Tiles,Interior,261,150,$458.0,$45.8,"$11,954",Alpha Materials,18/9/2024,23/10/2024,Warehouse A,FALSE,,Other
53162,Floor Tiles,Interior,372,50,$428.2,$42.8,"$15,930",Alpha Materials,18/9/2024,20/10/2024,Warehouse C,FALSE,,OverStock
19096,Roofing Sheet,Building Materials,446,150,$187.1,$18.7,"$8,346",FixRight Depot,18/9/2024,15/10/2024,Warehouse B,FALSE,,Other
78109,Cement Bag,Building Materials,81,20,$408.3,$40.8,"$3,307",FixRight Depot,18/9/2024,9/10/2024,Warehouse B,FALSE,,OverStock
32662,Switch Box,Electrical,80,40,$396.1,$39.6,"$3,169",Jumia Supplies,17/9/2024,19/10/2024,Warehouse B,FALSE,,Other
79202,Bulb Pack,Electrical,170,20,$121.6,$12.2,"$2,068",Konga Wholesale,17/9/2024,20/10/2024,Warehouse B,FALSE,,OverStock
83450,Water Heater,Plumbing,20,150,$210.1,$21.0,$420,Konga Wholesale,17/9/2024,24/9/2024,Warehouse C,TRUE,130,Other
97700,Door Frame,Hardware,1,150,$339.9,$34.0,$34,Alpha Materials,16/9/2024,26/9/2024,Warehouse B,TRUE,149,Other
20447,Water Heater,Plumbing,347,80,$430.4,$43.0,"$14,934",Jumia Supplies,16/9/2024,8/10/2024,Warehouse A,FALSE,,OverStock
67427,PVC Pipe,Plumbing,374,50,$66.0,$6.6,"$2,470",MegaBuild Ltd,16/9/2024,20/10/2024,Warehouse A,FALSE,,OverStock
28728,Concrete Block,Building Materials,470,50,$329.8,$33.0,"$15,502",FixRight Depot,16/9/2024,25/9/2024,Warehouse C,FALSE,,OverStock
90337,Door Frame,Hardware,468,30,$227.4,$22.7,"$10,644",FixRight Depot,16/9/2024,3/10/2024,Warehouse A,FALSE,,OverStock
65097,Ceiling Board,Interior,33,40,$348.0,$34.8,"$1,148",Jumia Supplies,16/9/2024,3/10/2024,Warehouse C,TRUE,7,Other
21440,Window Glass,Hardware,62,20,$225.5,$22.5,"$1,398",FixRight Depot,16/9/2024,15/10/2024,Warehouse B,FALSE,,OverStock
84327,Toilet Seat,Hardware,327,40,$238.4,$23.8,"$7,796",Jumia Supplies,16/9/2024,29/9/2024,Warehouse A,FALSE,,OverStock
87424,Ceiling Board,Interior,224,50,$38.5,$3.9,$862,Alpha Materials,16/9/2024,29/9/2024,Warehouse C,FALSE,,OverStock
38385,Toilet Seat,Hardware,476,150,$187.9,$18.8,"$8,942",FixRight Depot,16/9/2024,2/10/2024,Warehouse B,FALSE,,OverStock
33524,Ceiling Board,Interior,196,150,$376.2,$37.6,"$7,374",Alpha Materials,15/9/2024,12/10/2024,Warehouse A,FALSE,,Other
39048,Cement Bag,Building Materials,327,80,$50.7,$5.1,"$1,657",MegaBuild Ltd,15/9/2024,24/10/2024,Warehouse A,FALSE,,OverStock
17548,Shower Set,Hardware,221,40,$133.3,$13.3,"$2,946",Jumia Supplies,15/9/2024,26/9/2024,Warehouse A,FALSE,,OverStock
42599,Cement Bag,Building Materials,14,150,$158.3,$15.8,$222,Alpha Materials,15/9/2024,23/9/2024,Warehouse C,TRUE,136,Other
43368,Water Heater,Plumbing,245,150,$62.3,$6.2,"$1,527",Alpha Materials,15/9/2024,23/10/2024,Warehouse B,FALSE,,Other
70360,Floor Tiles,Interior,263,100,$198.9,$19.9,"$5,231",FixRight Depot,15/9/2024,24/9/2024,Warehouse C,FALSE,,Other
21230,Roofing Sheet,Building Materials,494,150,$439.0,$43.9,"$21,689",Konga Wholesale,15/9/2024,25/9/2024,Warehouse B,FALSE,,OverStock
81980,Bulb Pack,Electrical,59,100,$260.0,$26.0,"$1,534",MegaBuild Ltd,15/9/2024,23/10/2024,Warehouse B,TRUE,41,Other
93408,Floor Tiles,Interior,291,20,$288.1,$28.8,"$8,384",MegaBuild Ltd,15/9/2024,3/10/2024,Warehouse C,FALSE,,OverStock
86493,Shower Set,Hardware,184,40,$15.8,$1.6,$291,FixRight Depot,15/9/2024,21/9/2024,Warehouse A,FALSE,,OverStock
44890,Switch Box,Electrical,481,100,$245.4,$24.5,"$11,806",Alpha Materials,15/9/2024,22/10/2024,Warehouse A,FALSE,,OverStock
44826,Ceiling Board,Interior,97,80,$445.9,$44.6,"$4,326",Konga Wholesale,15/9/2024,26/9/2024,Warehouse B,FALSE,,Other
72955,Wallpaper Roll,Interior,151,40,$15.2,$1.5,$229,MegaBuild Ltd,14/9/2024,12/10/2024,Warehouse A,FALSE,,OverStock
67932,Window Glass,Hardware,38,150,$5.6,$0.6,$21,Alpha Materials,14/9/2024,2/10/2024,Warehouse C,TRUE,112,Other
96120,Paint Bucket,Interior,242,150,$376.2,$37.6,"$9,104",MegaBuild Ltd,14/9/2024,17/10/2024,Warehouse B,FALSE,,Other
50387,Concrete Block,Building Materials,232,40,$139.2,$13.9,"$3,229",Jumia Supplies,14/9/2024,17/10/2024,Warehouse C,FALSE,,OverStock
77914,Shower Set,Hardware,103,80,$413.6,$41.4,"$4,260",Jumia Supplies,14/9/2024,26/9/2024,Warehouse B,FALSE,,Other
38469,Electrical Cable,Electrical,104,30,$422.1,$42.2,"$4,389",Konga Wholesale,14/9/2024,30/9/2024,Warehouse C,FALSE,,OverStock
26608,Ceiling Board,Interior,378,100,$337.1,$33.7,"$12,742",MegaBuild Ltd,14/9/2024,17/10/2024,Warehouse B,FALSE,,OverStock
65773,Floor Tiles,Interior,442,150,$431.8,$43.2,"$19,084",Jumia Supplies,14/9/2024,18/10/2024,Warehouse C,FALSE,,Other
99062,Switch Box,Electrical,445,20,$36.2,$3.6,"$1,610",Jumia Supplies,14/9/2024,20/9/2024,Warehouse B,FALSE,,OverStock
26350,Switch Box,Electrical,113,20,$55.7,$5.6,$629,FixRight Depot,14/9/2024,19/9/2024,Warehouse B,FALSE,,OverStock
81458,PVC Pipe,Plumbing,387,30,$398.8,$39.9,"$15,432",MegaBuild Ltd,14/9/2024,5/10/2024,Warehouse B,FALSE,,OverStock
90875,Ceiling Board,Interior,331,20,$217.8,$21.8,"$7,208",MegaBuild Ltd,14/9/2024,24/9/2024,Warehouse C,FALSE,,OverStock
18418,Roofing Sheet,Building Materials,160,20,$210.4,$21.0,"$3,366",Jumia Supplies,14/9/2024,29/9/2024,Warehouse B,FALSE,,OverStock
35402,Door Frame,Hardware,491,80,$385.3,$38.5,"$18,917",MegaBuild Ltd,14/9/2024,15/10/2024,Warehouse B,FALSE,,OverStock
39002,Floor Tiles,Interior,468,150,$234.6,$23.5,"$10,978",FixRight Depot,14/9/2024,22/10/2024,Warehouse C,FALSE,,OverStock
59630,Toilet Seat,Hardware,389,100,$268.9,$26.9,"$10,459",MegaBuild Ltd,14/9/2024,13/10/2024,Warehouse B,FALSE,,OverStock
80143,Toilet Seat,Hardware,62,50,$72.1,$7.2,$447,Jumia Supplies,14/9/2024,4/10/2024,Warehouse C,FALSE,,Other
86961,Paint Bucket,Interior,146,20,$223.9,$22.4,"$3,270",Alpha Materials,13/9/2024,2/10/2024,Warehouse C,FALSE,,OverStock
76629,Toilet Seat,Hardware,203,20,$219.0,$21.9,"$4,446",Alpha Materials,13/9/2024,9/10/2024,Warehouse A,FALSE,,OverStock
62726,Kitchen Sink,Plumbing,26,20,$379.9,$38.0,$988,FixRight Depot,13/9/2024,20/9/2024,Warehouse A,FALSE,,Other
30874,PVC Pipe,Plumbing,375,50,$427.4,$42.7,"$16,029",MegaBuild Ltd,13/9/2024,9/10/2024,Warehouse C,FALSE,,OverStock
71102,Paint Bucket,Interior,128,40,$216.1,$21.6,"$2,767",FixRight Depot,13/9/2024,19/10/2024,Warehouse C,FALSE,,OverStock
68596,Door Frame,Hardware,414,20,$8.0,$0.8,$332,MegaBuild Ltd,13/9/2024,29/9/2024,Warehouse B,FALSE,,OverStock
29984,Toilet Seat,Hardware,150,50,$14.1,$1.4,$211,Konga Wholesale,13/9/2024,2/10/2024,Warehouse C,FALSE,,Other
90865,Concrete Block,Building Materials,411,80,$124.1,$12.4,"$5,102",Konga Wholesale,13/9/2024,6/10/2024,Warehouse C,FALSE,,OverStock
38111,Floor Tiles,Interior,397,100,$321.6,$32.2,"$12,766",Alpha Materials,13/9/2024,9/10/2024,Warehouse B,FALSE,,OverStock
12871,PVC Pipe,Plumbing,424,80,$218.5,$21.9,"$9,266",Konga Wholesale,12/9/2024,27/9/2024,Warehouse A,FALSE,,OverStock
64122,Bulb Pack,Electrical,184,80,$154.0,$15.4,"$2,834",FixRight Depot,12/9/2024,23/9/2024,Warehouse C,FALSE,,Other
29323,Electrical Cable,Electrical,216,30,$279.0,$27.9,"$6,025",Konga Wholesale,12/9/2024,28/9/2024,Warehouse B,FALSE,,OverStock
76266,Switch Box,Electrical,426,50,$262.8,$26.3,"$11,196",Jumia Supplies,12/9/2024,28/9/2024,Warehouse A,FALSE,,OverStock
98487,Toilet Seat,Hardware,89,40,$461.3,$46.1,"$4,106",MegaBuild Ltd,12/9/2024,5/10/2024,Warehouse C,FALSE,,Other
21240,Concrete Block,Building Materials,90,100,$103.1,$10.3,$928,Alpha Materials,12/9/2024,21/10/2024,Warehouse B,TRUE,10,Other
15293,Toilet Seat,Hardware,181,50,$144.4,$14.4,"$2,613",FixRight Depot,12/9/2024,8/10/2024,Warehouse B,FALSE,,OverStock
44563,Paint Bucket,Interior,155,150,$346.6,$34.7,"$5,372",Jumia Supplies,12/9/2024,18/10/2024,Warehouse A,FALSE,,Other
43268,Bulb Pack,Electrical,16,80,$228.1,$22.8,$365,MegaBuild Ltd,12/9/2024,10/10/2024,Warehouse C,TRUE,64,Other
61169,Kitchen Sink,Plumbing,421,30,$475.2,$47.5,"$20,007",MegaBuild Ltd,12/9/2024,19/9/2024,Warehouse C,FALSE,,OverStock
98961,Shower Set,Hardware,200,40,$47.6,$4.8,$951,FixRight Depot,12/9/2024,29/9/2024,Warehouse A,FALSE,,OverStock
54837,Paint Bucket,Interior,397,80,$151.5,$15.1,"$6,014",Konga Wholesale,12/9/2024,20/10/2024,Warehouse A,FALSE,,OverStock
98104,Window Glass,Hardware,204,40,$387.2,$38.7,"$7,898",Konga Wholesale,12/9/2024,7/10/2024,Warehouse B,FALSE,,OverStock
66373,Toilet Seat,Hardware,320,20,$114.9,$11.5,"$3,676",Jumia Supplies,11/9/2024,23/9/2024,Warehouse C,FALSE,,OverStock
45292,Window Glass,Hardware,85,20,$494.6,$49.5,"$4,204",Jumia Supplies,11/9/2024,1/10/2024,Warehouse B,FALSE,,OverStock
60500,Floor Tiles,Interior,266,100,$428.6,$42.9,"$11,400",FixRight Depot,11/9/2024,6/10/2024,Warehouse A,FALSE,,Other
70289,Shower Set,Hardware,89,40,$55.7,$5.6,$495,Konga Wholesale,11/9/2024,27/9/2024,Warehouse B,FALSE,,Other
19479,Paint Bucket,Interior,180,40,$227.6,$22.8,"$4,097",MegaBuild Ltd,11/9/2024,15/10/2024,Warehouse A,FALSE,,OverStock
89397,Electrical Cable,Electrical,328,150,$200.7,$20.1,"$6,583",FixRight Depot,11/9/2024,23/9/2024,Warehouse C,FALSE,,Other
83398,Paint Bucket,Interior,378,150,$470.7,$47.1,"$17,794",MegaBuild Ltd,11/9/2024,23/9/2024,Warehouse A,FALSE,,Other
47499,Concrete Block,Building Materials,309,150,$234.1,$23.4,"$7,234",Alpha Materials,11/9/2024,20/10/2024,Warehouse C,FALSE,,Other
73265,Shower Set,Hardware,134,100,$239.1,$23.9,"$3,204",Konga Wholesale,11/9/2024,21/9/2024,Warehouse A,FALSE,,Other
16621,Concrete Block,Building Materials,1,80,$406.2,$40.6,$41,Konga Wholesale,11/9/2024,28/9/2024,Warehouse C,TRUE,79,Other
76981,Switch Box,Electrical,36,50,$410.8,$41.1,"$1,479",MegaBuild Ltd,11/9/2024,7/10/2024,Warehouse C,TRUE,14,Other
27105,Paint Bucket,Interior,163,40,$193.2,$19.3,"$3,150",Konga Wholesale,11/9/2024,18/10/2024,Warehouse C,FALSE,,OverStock
31359,Window Glass,Hardware,38,20,$54.1,$5.4,$206,FixRight Depot,10/9/2024,8/10/2024,Warehouse A,FALSE,,Other
29159,Cement Bag,Building Materials,460,150,$241.1,$24.1,"$11,091",Alpha Materials,10/9/2024,21/9/2024,Warehouse A,FALSE,,OverStock
27669,Water Heater,Plumbing,405,80,$224.4,$22.4,"$9,090",MegaBuild Ltd,10/9/2024,13/10/2024,Warehouse C,FALSE,,OverStock
35395,Shower Set,Hardware,307,30,$99.6,$10.0,"$3,057",Konga Wholesale,10/9/2024,15/9/2024,Warehouse B,FALSE,,OverStock
55874,Roofing Sheet,Building Materials,241,30,$289.5,$29.0,"$6,977",MegaBuild Ltd,10/9/2024,15/9/2024,Warehouse C,FALSE,,OverStock
16228,Electrical Cable,Electrical,441,40,$113.9,$11.4,"$5,023",Alpha Materials,10/9/2024,26/9/2024,Warehouse C,FALSE,,OverStock
53114,Shower Set,Hardware,419,50,$225.1,$22.5,"$9,430",Konga Wholesale,10/9/2024,22/9/2024,Warehouse B,FALSE,,OverStock
23554,Toilet Seat,Hardware,205,50,$251.8,$25.2,"$5,161",Alpha Materials,10/9/2024,22/9/2024,Warehouse A,FALSE,,OverStock
73344,Electrical Cable,Electrical,346,40,$287.7,$28.8,"$9,955",Konga Wholesale,9/9/2024,26/9/2024,Warehouse C,FALSE,,OverStock
40480,Floor Tiles,Interior,445,40,$420.2,$42.0,"$18,700",FixRight Depot,9/9/2024,14/10/2024,Warehouse C,FALSE,,OverStock
78295,Water Heater,Plumbing,185,30,$213.8,$21.4,"$3,955",FixRight Depot,9/9/2024,2/10/2024,Warehouse C,FALSE,,OverStock
46923,Paint Bucket,Interior,26,80,$12.4,$1.2,$32,Konga Wholesale,9/9/2024,14/9/2024,Warehouse A,TRUE,54,Other
17004,Water Heater,Plumbing,163,30,$247.6,$24.8,"$4,036",Jumia Supplies,9/9/2024,15/10/2024,Warehouse B,FALSE,,OverStock
35515,Ceiling Board,Interior,301,40,$36.7,$3.7,"$1,103",Jumia Supplies,9/9/2024,14/9/2024,Warehouse A,FALSE,,OverStock
55267,Window Glass,Hardware,109,30,$77.1,$7.7,$841,FixRight Depot,9/9/2024,22/9/2024,Warehouse C,FALSE,,OverStock
82582,Electrical Cable,Electrical,453,80,$199.2,$19.9,"$9,025",Konga Wholesale,9/9/2024,10/10/2024,Warehouse C,FALSE,,OverStock
43390,Kitchen Sink,Plumbing,481,80,$124.2,$12.4,"$5,973",Jumia Supplies,9/9/2024,10/10/2024,Warehouse B,FALSE,,OverStock
16949,Kitchen Sink,Plumbing,434,150,$72.5,$7.3,"$3,147",MegaBuild Ltd,8/9/2024,16/10/2024,Warehouse B,FALSE,,Other
56851,Paint Bucket,Interior,493,40,$93.0,$9.3,"$4,584",Jumia Supplies,8/9/2024,15/10/2024,Warehouse A,FALSE,,OverStock
43477,Roofing Sheet,Building Materials,317,20,$359.4,$35.9,"$11,393",MegaBuild Ltd,8/9/2024,16/10/2024,Warehouse B,FALSE,,OverStock
19862,Toilet Seat,Hardware,288,20,$348.5,$34.8,"$10,035",FixRight Depot,8/9/2024,4/10/2024,Warehouse A,FALSE,,OverStock
27443,Kitchen Sink,Plumbing,116,30,$189.8,$19.0,"$2,202",Konga Wholesale,8/9/2024,15/9/2024,Warehouse C,FALSE,,OverStock
60151,PVC Pipe,Plumbing,455,100,$85.6,$8.6,"$3,897",Jumia Supplies,8/9/2024,6/10/2024,Warehouse B,FALSE,,OverStock
84826,Kitchen Sink,Plumbing,329,40,$33.2,$3.3,"$1,093",MegaBuild Ltd,8/9/2024,12/10/2024,Warehouse A,FALSE,,OverStock
76684,Concrete Block,Building Materials,328,80,$396.7,$39.7,"$13,012",Konga Wholesale,8/9/2024,10/10/2024,Warehouse B,FALSE,,OverStock
26184,Concrete Block,Building Materials,318,50,$36.0,$3.6,"$1,144",FixRight Depot,7/9/2024,22/9/2024,Warehouse B,FALSE,,OverStock
78416,PVC Pipe,Plumbing,349,40,$104.7,$10.5,"$3,655",FixRight Depot,7/9/2024,27/9/2024,Warehouse B,FALSE,,OverStock
72796,Kitchen Sink,Plumbing,142,40,$304.1,$30.4,"$4,318",Alpha Materials,7/9/2024,5/10/2024,Warehouse A,FALSE,,OverStock
87027,Electrical Cable,Electrical,393,50,$276.9,$27.7,"$10,881",Jumia Supplies,7/9/2024,30/9/2024,Warehouse C,FALSE,,OverStock
87365,Water Heater,Plumbing,51,20,$252.5,$25.3,"$1,288",Alpha Materials,7/9/2024,27/9/2024,Warehouse A,FALSE,,Other
53671,Ceiling Board,Interior,391,30,$113.3,$11.3,"$4,431",MegaBuild Ltd,7/9/2024,3/10/2024,Warehouse A,FALSE,,OverStock
38064,Wallpaper Roll,Interior,307,100,$296.4,$29.6,"$9,100",Konga Wholesale,6/9/2024,21/9/2024,Warehouse C,FALSE,,OverStock
54706,Concrete Block,Building Materials,205,20,$286.3,$28.6,"$5,870",Konga Wholesale,6/9/2024,23/9/2024,Warehouse B,FALSE,,OverStock
23795,Kitchen Sink,Plumbing,347,150,$79.4,$7.9,"$2,755",Alpha Materials,6/9/2024,17/9/2024,Warehouse C,FALSE,,Other
38555,Kitchen Sink,Plumbing,138,80,$223.4,$22.3,"$3,083",Alpha Materials,6/9/2024,23/9/2024,Warehouse B,FALSE,,Other
19471,PVC Pipe,Plumbing,15,20,$257.1,$25.7,$386,FixRight Depot,6/9/2024,12/10/2024,Warehouse B,TRUE,5,Other
80375,Paint Bucket,Interior,232,100,$255.3,$25.5,"$5,924",FixRight Depot,6/9/2024,6/10/2024,Warehouse B,FALSE,,Other
72040,Floor Tiles,Interior,222,40,$228.0,$22.8,"$5,062",Alpha Materials,6/9/2024,5/10/2024,Warehouse A,FALSE,,OverStock
55167,Kitchen Sink,Plumbing,115,50,$187.5,$18.8,"$2,156",Konga Wholesale,6/9/2024,2/10/2024,Warehouse C,FALSE,,Other
42089,Kitchen Sink,Plumbing,93,50,$181.4,$18.1,"$1,687",FixRight Depot,6/9/2024,29/9/2024,Warehouse B,FALSE,,Other
67135,Switch Box,Electrical,435,100,$257.7,$25.8,"$11,210",Jumia Supplies,6/9/2024,3/10/2024,Warehouse C,FALSE,,OverStock
61761,Concrete Block,Building Materials,263,50,$455.7,$45.6,"$11,984",MegaBuild Ltd,6/9/2024,13/9/2024,Warehouse A,FALSE,,OverStock
79810,Floor Tiles,Interior,326,30,$171.5,$17.1,"$5,591",FixRight Depot,6/9/2024,6/10/2024,Warehouse B,FALSE,,OverStock
14174,Cement Bag,Building Materials,270,100,$82.2,$8.2,"$2,220",FixRight Depot,6/9/2024,16/9/2024,Warehouse B,FALSE,,Other
94416,PVC Pipe,Plumbing,65,20,$48.4,$4.8,$314,Konga Wholesale,5/9/2024,18/9/2024,Warehouse C,FALSE,,OverStock
46495,Floor Tiles,Interior,225,100,$295.4,$29.5,"$6,647",Jumia Supplies,5/9/2024,14/9/2024,Warehouse B,FALSE,,Other
49994,Water Heater,Plumbing,256,20,$102.7,$10.3,"$2,629",Jumia Supplies,5/9/2024,18/9/2024,Warehouse C,FALSE,,OverStock
23107,Paint Bucket,Interior,399,40,$451.2,$45.1,"$18,002",Alpha Materials,5/9/2024,14/10/2024,Warehouse C,FALSE,,OverStock
34146,Bulb Pack,Electrical,50,80,$97.4,$9.7,$487,Jumia Supplies,5/9/2024,26/9/2024,Warehouse C,TRUE,30,Other
10530,Kitchen Sink,Plumbing,43,40,$37.4,$3.7,$161,Konga Wholesale,5/9/2024,11/9/2024,Warehouse A,FALSE,,Other
78264,Roofing Sheet,Building Materials,353,40,$442.5,$44.3,"$15,622",Konga Wholesale,5/9/2024,13/9/2024,Warehouse A,FALSE,,OverStock
94482,Ceiling Board,Interior,175,100,$244.8,$24.5,"$4,284",Jumia Supplies,5/9/2024,21/9/2024,Warehouse A,FALSE,,Other
95953,Toilet Seat,Hardware,183,20,$40.4,$4.0,$739,FixRight Depot,5/9/2024,13/10/2024,Warehouse C,FALSE,,OverStock
86721,Concrete Block,Building Materials,4,50,$317.3,$31.7,$127,Konga Wholesale,4/9/2024,11/10/2024,Warehouse B,TRUE,46,Other
39087,Cement Bag,Building Materials,365,30,$423.3,$42.3,"$15,449",Konga Wholesale,4/9/2024,15/9/2024,Warehouse C,FALSE,,OverStock
77847,Toilet Seat,Hardware,370,100,$411.2,$41.1,"$15,213",MegaBuild Ltd,4/9/2024,28/9/2024,Warehouse B,FALSE,,OverStock
87195,Ceiling Board,Interior,35,100,$242.7,$24.3,$849,FixRight Depot,4/9/2024,27/9/2024,Warehouse C,TRUE,65,Other
27949,Roofing Sheet,Building Materials,57,80,$12.3,$1.2,$70,FixRight Depot,4/9/2024,30/9/2024,Warehouse C,TRUE,23,Other
11184,Switch Box,Electrical,392,100,$47.6,$4.8,"$1,867",Konga Wholesale,3/9/2024,6/10/2024,Warehouse B,FALSE,,OverStock
62057,Electrical Cable,Electrical,204,150,$252.1,$25.2,"$5,143",FixRight Depot,3/9/2024,26/9/2024,Warehouse B,FALSE,,Other
34435,Toilet Seat,Hardware,317,20,$254.3,$25.4,"$8,060",Alpha Materials,3/9/2024,12/10/2024,Warehouse B,FALSE,,OverStock
81839,PVC Pipe,Plumbing,398,40,$116.9,$11.7,"$4,651",MegaBuild Ltd,3/9/2024,11/9/2024,Warehouse B,FALSE,,OverStock
48751,Kitchen Sink,Plumbing,427,30,$97.3,$9.7,"$4,154",Jumia Supplies,3/9/2024,22/9/2024,Warehouse A,FALSE,,OverStock
33177,Window Glass,Hardware,182,30,$71.2,$7.1,"$1,296",MegaBuild Ltd,2/9/2024,21/9/2024,Warehouse C,FALSE,,OverStock
54789,Kitchen Sink,Plumbing,309,80,$231.9,$23.2,"$7,167",Konga Wholesale,2/9/2024,27/9/2024,Warehouse C,FALSE,,OverStock
57221,Kitchen Sink,Plumbing,205,150,$33.6,$3.4,$688,FixRight Depot,2/9/2024,25/9/2024,Warehouse C,FALSE,,Other
37328,Shower Set,Hardware,60,20,$403.4,$40.3,"$2,420",Konga Wholesale,2/9/2024,21/9/2024,Warehouse B,FALSE,,Other
89453,Bulb Pack,Electrical,266,150,$12.0,$1.2,$318,MegaBuild Ltd,2/9/2024,27/9/2024,Warehouse B,FALSE,,Other
30121,Paint Bucket,Interior,46,150,$435.1,$43.5,"$2,002",FixRight Depot,2/9/2024,17/9/2024,Warehouse C,TRUE,104,Other
23068,Cement Bag,Building Materials,171,80,$163.5,$16.4,"$2,796",MegaBuild Ltd,2/9/2024,23/9/2024,Warehouse C,FALSE,,Other
98018,PVC Pipe,Plumbing,70,100,$111.6,$11.2,$781,Alpha Materials,2/9/2024,10/9/2024,Warehouse A,TRUE,30,Other
27678,Roofing Sheet,Building Materials,175,100,$336.5,$33.7,"$5,889",MegaBuild Ltd,2/9/2024,11/10/2024,Warehouse B,FALSE,,Other
95431,Ceiling Board,Interior,445,20,$204.0,$20.4,"$9,076",FixRight Depot,1/9/2024,21/9/2024,Warehouse C,FALSE,,OverStock
11134,Water Heater,Plumbing,211,80,$50.2,$5.0,"$1,060",FixRight Depot,1/9/2024,28/9/2024,Warehouse C,FALSE,,Other
41408,Paint Bucket,Interior,287,50,$336.6,$33.7,"$9,660",Alpha Materials,1/9/2024,8/9/2024,Warehouse B,FALSE,,OverStock
95677,Shower Set,Hardware,246,50,$492.0,$49.2,"$12,102",Jumia Supplies,31/8/2024,23/9/2024,Warehouse B,FALSE,,OverStock
16487,Cement Bag,Building Materials,476,100,$97.0,$9.7,"$4,617",Alpha Materials,31/8/2024,8/10/2024,Warehouse A,FALSE,,OverStock
58791,Wallpaper Roll,Interior,11,40,$204.9,$20.5,$225,MegaBuild Ltd,31/8/2024,28/9/2024,Warehouse C,TRUE,29,Other
73797,Door Frame,Hardware,216,80,$86.2,$8.6,"$1,862",Konga Wholesale,31/8/2024,4/10/2024,Warehouse C,FALSE,,Other
98770,Electrical Cable,Electrical,192,80,$350.7,$35.1,"$6,734",Jumia Supplies,31/8/2024,24/9/2024,Warehouse C,FALSE,,Other
80298,Cement Bag,Building Materials,233,50,$434.6,$43.5,"$10,125",MegaBuild Ltd,31/8/2024,17/9/2024,Warehouse C,FALSE,,OverStock
28920,Concrete Block,Building Materials,279,20,$120.7,$12.1,"$3,367",Jumia Supplies,31/8/2024,19/9/2024,Warehouse A,FALSE,,OverStock
15110,Concrete Block,Building Materials,436,20,$340.8,$34.1,"$14,859",Konga Wholesale,30/8/2024,4/10/2024,Warehouse A,FALSE,,OverStock
26150,Roofing Sheet,Building Materials,172,100,$127.9,$12.8,"$2,200",Alpha Materials,30/8/2024,13/9/2024,Warehouse C,FALSE,,Other
12936,PVC Pipe,Plumbing,444,150,$265.3,$26.5,"$11,777",Jumia Supplies,30/8/2024,24/9/2024,Warehouse B,FALSE,,Other
15599,Electrical Cable,Electrical,156,80,$486.5,$48.6,"$7,589",Alpha Materials,30/8/2024,7/10/2024,Warehouse B,FALSE,,Other
60192,Door Frame,Hardware,277,50,$91.0,$9.1,"$2,521",FixRight Depot,29/8/2024,6/9/2024,Warehouse B,FALSE,,OverStock
59153,Wallpaper Roll,Interior,160,30,$389.0,$38.9,"$6,224",Jumia Supplies,29/8/2024,5/10/2024,Warehouse A,FALSE,,OverStock
38602,Concrete Block,Building Materials,59,80,$143.3,$14.3,$845,Jumia Supplies,29/8/2024,23/9/2024,Warehouse C,TRUE,21,Other
34014,Concrete Block,Building Materials,97,20,$75.7,$7.6,$734,Alpha Materials,29/8/2024,9/9/2024,Warehouse B,FALSE,,OverStock
87256,Water Heater,Plumbing,380,40,$363.1,$36.3,"$13,797",Alpha Materials,29/8/2024,26/9/2024,Warehouse B,FALSE,,OverStock
80640,Kitchen Sink,Plumbing,303,150,$93.4,$9.3,"$2,829",FixRight Depot,29/8/2024,6/9/2024,Warehouse C,FALSE,,Other
14158,Kitchen Sink,Plumbing,166,150,$371.2,$37.1,"$6,162",Alpha Materials,29/8/2024,16/9/2024,Warehouse C,FALSE,,Other
58122,Cement Bag,Building Materials,303,50,$44.0,$4.4,"$1,332",FixRight Depot,29/8/2024,6/10/2024,Warehouse A,FALSE,,OverStock
92627,Concrete Block,Building Materials,234,40,$223.8,$22.4,"$5,238",MegaBuild Ltd,29/8/2024,27/9/2024,Warehouse C,FALSE,,OverStock
72438,Bulb Pack,Electrical,373,80,$360.2,$36.0,"$13,436",FixRight Depot,28/8/2024,12/9/2024,Warehouse B,FALSE,,OverStock
92762,Cement Bag,Building Materials,37,50,$306.3,$30.6,"$1,133",MegaBuild Ltd,28/8/2024,5/10/2024,Warehouse C,TRUE,13,Other
17883,Bulb Pack,Electrical,18,50,$385.6,$38.6,$694,Alpha Materials,28/8/2024,8/9/2024,Warehouse B,TRUE,32,Other
36190,Paint Bucket,Interior,229,80,$159.4,$15.9,"$3,650",Jumia Supplies,28/8/2024,8/9/2024,Warehouse B,FALSE,,Other
14318,Cement Bag,Building Materials,410,20,$379.5,$38.0,"$15,560",FixRight Depot,28/8/2024,11/9/2024,Warehouse A,FALSE,,OverStock
86844,Shower Set,Hardware,282,20,$184.0,$18.4,"$5,189",MegaBuild Ltd,28/8/2024,26/9/2024,Warehouse A,FALSE,,OverStock
40254,Door Frame,Hardware,400,100,$319.9,$32.0,"$12,796",FixRight Depot,27/8/2024,27/9/2024,Warehouse C,FALSE,,OverStock
13932,Floor Tiles,Interior,429,150,$197.1,$19.7,"$8,456",Alpha Materials,27/8/2024,15/9/2024,Warehouse C,FALSE,,Other
95818,Toilet Seat,Hardware,267,20,$368.8,$36.9,"$9,847",Alpha Materials,27/8/2024,25/9/2024,Warehouse A,FALSE,,OverStock
54153,PVC Pipe,Plumbing,408,150,$60.1,$6.0,"$2,451",FixRight Depot,27/8/2024,11/9/2024,Warehouse A,FALSE,,Other
64457,Cement Bag,Building Materials,452,20,$84.4,$8.4,"$3,814",MegaBuild Ltd,27/8/2024,4/10/2024,Warehouse B,FALSE,,OverStock
53746,Ceiling Board,Interior,244,20,$152.1,$15.2,"$3,710",FixRight Depot,27/8/2024,1/10/2024,Warehouse C,FALSE,,OverStock
77561,Roofing Sheet,Building Materials,260,30,$50.3,$5.0,"$1,307",Alpha Materials,27/8/2024,27/9/2024,Warehouse C,FALSE,,OverStock
97340,Wallpaper Roll,Interior,308,50,$253.2,$25.3,"$7,798",FixRight Depot,26/8/2024,4/9/2024,Warehouse C,FALSE,,OverStock
94731,Shower Set,Hardware,417,150,$414.3,$41.4,"$17,278",Alpha Materials,26/8/2024,6/9/2024,Warehouse C,FALSE,,Other
95997,Floor Tiles,Interior,88,80,$255.1,$25.5,"$2,245",Alpha Materials,26/8/2024,3/10/2024,Warehouse C,FALSE,,Other
55311,Concrete Block,Building Materials,463,50,$442.5,$44.2,"$20,486",Jumia Supplies,26/8/2024,27/9/2024,Warehouse A,FALSE,,OverStock
72239,Water Heater,Plumbing,261,50,$441.2,$44.1,"$11,515",MegaBuild Ltd,26/8/2024,29/9/2024,Warehouse C,FALSE,,OverStock
87195,Toilet Seat,Hardware,48,150,$89.7,$9.0,$431,Konga Wholesale,26/8/2024,16/9/2024,Warehouse C,TRUE,102,Other
16895,Concrete Block,Building Materials,336,30,$224.3,$22.4,"$7,535",FixRight Depot,25/8/2024,25/9/2024,Warehouse B,FALSE,,OverStock
30943,Paint Bucket,Interior,378,20,$182.8,$18.3,"$6,910",MegaBuild Ltd,25/8/2024,13/9/2024,Warehouse A,FALSE,,OverStock
75471,Shower Set,Hardware,209,20,$44.0,$4.4,$919,FixRight Depot,25/8/2024,14/9/2024,Warehouse A,FALSE,,OverStock
71854,Roofing Sheet,Building Materials,240,150,$453.0,$45.3,"$10,872",Jumia Supplies,25/8/2024,27/9/2024,Warehouse B,FALSE,,Other
80459,Floor Tiles,Interior,416,20,$395.3,$39.5,"$16,444",Konga Wholesale,25/8/2024,25/9/2024,Warehouse A,FALSE,,OverStock
87928,Cement Bag,Building Materials,250,20,$21.3,$2.1,$534,Konga Wholesale,24/8/2024,27/9/2024,Warehouse B,FALSE,,OverStock
19336,Cement Bag,Building Materials,197,80,$372.3,$37.2,"$7,334",MegaBuild Ltd,24/8/2024,23/9/2024,Warehouse B,FALSE,,Other
59167,Concrete Block,Building Materials,114,80,$455.1,$45.5,"$5,188",Alpha Materials,24/8/2024,20/9/2024,Warehouse B,FALSE,,Other
74649,Water Heater,Plumbing,365,30,$446.1,$44.6,"$16,282",MegaBuild Ltd,24/8/2024,13/9/2024,Warehouse C,FALSE,,OverStock
72473,Roofing Sheet,Building Materials,208,40,$198.3,$19.8,"$4,125",MegaBuild Ltd,24/8/2024,26/9/2024,Warehouse C,FALSE,,OverStock
44121,Ceiling Board,Interior,38,100,$41.1,$4.1,$156,FixRight Depot,24/8/2024,1/9/2024,Warehouse A,TRUE,62,Other
33849,Water Heater,Plumbing,219,50,$459.6,$46.0,"$10,065",MegaBuild Ltd,24/8/2024,30/8/2024,Warehouse B,FALSE,,OverStock
53346,Paint Bucket,Interior,46,150,$87.4,$8.7,$402,Konga Wholesale,24/8/2024,9/9/2024,Warehouse B,TRUE,104,Other
52605,Roofing Sheet,Building Materials,222,40,$354.7,$35.5,"$7,875",Jumia Supplies,24/8/2024,19/9/2024,Warehouse C,FALSE,,OverStock
77117,Bulb Pack,Electrical,6,30,$58.4,$5.8,$35,Konga Wholesale,24/8/2024,9/9/2024,Warehouse C,TRUE,24,Other
96814,Concrete Block,Building Materials,445,80,$393.7,$39.4,"$17,520",Konga Wholesale,24/8/2024,20/9/2024,Warehouse C,FALSE,,OverStock
77444,Bulb Pack,Electrical,94,20,$426.1,$42.6,"$4,005",Konga Wholesale,23/8/2024,10/9/2024,Warehouse A,FALSE,,OverStock
91441,Concrete Block,Building Materials,402,20,$138.1,$13.8,"$5,550",Jumia Supplies,23/8/2024,14/9/2024,Warehouse A,FALSE,,OverStock
55227,Cement Bag,Building Materials,432,20,$193.8,$19.4,"$8,372",MegaBuild Ltd,23/8/2024,26/9/2024,Warehouse C,FALSE,,OverStock
57445,Floor Tiles,Interior,351,50,$67.6,$6.8,"$2,373",Konga Wholesale,23/8/2024,9/9/2024,Warehouse C,FALSE,,OverStock
36898,Wallpaper Roll,Interior,267,40,$375.3,$37.5,"$10,022",MegaBuild Ltd,23/8/2024,2/9/2024,Warehouse C,FALSE,,OverStock
27970,Concrete Block,Building Materials,262,50,$470.2,$47.0,"$12,320",Konga Wholesale,23/8/2024,12/9/2024,Warehouse C,FALSE,,OverStock
16254,Water Heater,Plumbing,52,30,$167.7,$16.8,$872,Jumia Supplies,22/8/2024,6/9/2024,Warehouse C,FALSE,,Other
14311,Floor Tiles,Interior,53,100,$254.7,$25.5,"$1,350",Jumia Supplies,22/8/2024,29/8/2024,Warehouse A,TRUE,47,Other
51679,Switch Box,Electrical,291,40,$468.3,$46.8,"$13,628",FixRight Depot,22/8/2024,21/9/2024,Warehouse A,FALSE,,OverStock
98593,Shower Set,Hardware,379,30,$470.6,$47.1,"$17,835",Jumia Supplies,22/8/2024,27/9/2024,Warehouse B,FALSE,,OverStock
43001,PVC Pipe,Plumbing,390,150,$419.1,$41.9,"$16,345",Alpha Materials,22/8/2024,28/8/2024,Warehouse A,FALSE,,Other
59634,Paint Bucket,Interior,116,30,$206.4,$20.6,"$2,395",Jumia Supplies,22/8/2024,8/9/2024,Warehouse A,FALSE,,OverStock
78743,Bulb Pack,Electrical,344,40,$387.2,$38.7,"$13,321",Alpha Materials,22/8/2024,11/9/2024,Warehouse A,FALSE,,OverStock
94338,Kitchen Sink,Plumbing,237,150,$289.6,$29.0,"$6,863",FixRight Depot,22/8/2024,29/8/2024,Warehouse B,FALSE,,Other
98150,Toilet Seat,Hardware,303,50,$31.6,$3.2,$958,Alpha Materials,21/8/2024,3/9/2024,Warehouse C,FALSE,,OverStock
36739,Switch Box,Electrical,406,80,$460.4,$46.0,"$18,693",Alpha Materials,21/8/2024,29/9/2024,Warehouse B,FALSE,,OverStock
72898,Bulb Pack,Electrical,228,80,$52.5,$5.3,"$1,197",Konga Wholesale,21/8/2024,13/9/2024,Warehouse B,FALSE,,Other
13420,Window Glass,Hardware,372,100,$188.2,$18.8,"$7,002",Jumia Supplies,20/8/2024,17/9/2024,Warehouse B,FALSE,,OverStock
46939,Shower Set,Hardware,18,20,$31.5,$3.1,$57,Jumia Supplies,20/8/2024,12/9/2024,Warehouse C,TRUE,2,Other
28777,Window Glass,Hardware,404,100,$64.7,$6.5,"$2,614",MegaBuild Ltd,20/8/2024,5/9/2024,Warehouse A,FALSE,,OverStock
23281,Bulb Pack,Electrical,466,100,$14.1,$1.4,$658,FixRight Depot,20/8/2024,25/9/2024,Warehouse C,FALSE,,OverStock
36035,Wallpaper Roll,Interior,251,30,$240.6,$24.1,"$6,040",Alpha Materials,20/8/2024,22/9/2024,Warehouse B,FALSE,,OverStock
43204,Shower Set,Hardware,52,150,$116.9,$11.7,$608,Alpha Materials,20/8/2024,23/9/2024,Warehouse A,TRUE,98,Other
23682,Door Frame,Hardware,191,40,$264.7,$26.5,"$5,057",Konga Wholesale,20/8/2024,28/9/2024,Warehouse A,FALSE,,OverStock
51964,Water Heater,Plumbing,239,30,$272.6,$27.3,"$6,514",Alpha Materials,20/8/2024,27/9/2024,Warehouse C,FALSE,,OverStock
78112,Cement Bag,Building Materials,257,40,$297.5,$29.8,"$7,646",FixRight Depot,20/8/2024,22/9/2024,Warehouse A,FALSE,,OverStock
74973,Toilet Seat,Hardware,317,20,$467.7,$46.8,"$14,827",FixRight Depot,20/8/2024,22/9/2024,Warehouse B,FALSE,,OverStock
33461,Window Glass,Hardware,143,150,$262.0,$26.2,"$3,747",Alpha Materials,20/8/2024,25/9/2024,Warehouse A,TRUE,7,Other
89921,Bulb Pack,Electrical,44,150,$284.0,$28.4,"$1,250",Alpha Materials,20/8/2024,10/9/2024,Warehouse C,TRUE,106,Other
14521,Paint Bucket,Interior,138,80,$299.4,$29.9,"$4,132",Jumia Supplies,20/8/2024,9/9/2024,Warehouse C,FALSE,,Other
70654,Floor Tiles,Interior,214,30,$467.3,$46.7,"$10,001",Konga Wholesale,19/8/2024,23/9/2024,Warehouse C,FALSE,,OverStock
91984,Ceiling Board,Interior,126,100,$45.7,$4.6,$576,Jumia Supplies,19/8/2024,26/8/2024,Warehouse C,FALSE,,Other
94351,Electrical Cable,Electrical,469,30,$268.6,$26.9,"$12,597",MegaBuild Ltd,19/8/2024,26/8/2024,Warehouse B,FALSE,,OverStock
15131,Floor Tiles,Interior,392,30,$386.4,$38.6,"$15,145",FixRight Depot,19/8/2024,2/9/2024,Warehouse C,FALSE,,OverStock
93127,Toilet Seat,Hardware,59,40,$434.7,$43.5,"$2,565",Jumia Supplies,19/8/2024,5/9/2024,Warehouse B,FALSE,,Other
70526,PVC Pipe,Plumbing,470,150,$381.5,$38.1,"$17,929",MegaBuild Ltd,19/8/2024,5/9/2024,Warehouse A,FALSE,,OverStock
36715,Wallpaper Roll,Interior,220,50,$329.6,$33.0,"$7,251",Alpha Materials,18/8/2024,26/9/2024,Warehouse A,FALSE,,OverStock
64800,Roofing Sheet,Building Materials,268,30,$67.2,$6.7,"$1,801",FixRight Depot,18/8/2024,15/9/2024,Warehouse B,FALSE,,OverStock
92227,Window Glass,Hardware,105,30,$155.7,$15.6,"$1,635",Konga Wholesale,18/8/2024,29/8/2024,Warehouse A,FALSE,,OverStock
50581,Kitchen Sink,Plumbing,44,80,$271.5,$27.2,"$1,195",Alpha Materials,18/8/2024,20/9/2024,Warehouse A,TRUE,36,Other
61481,Ceiling Board,Interior,275,20,$14.0,$1.4,$385,FixRight Depot,18/8/2024,17/9/2024,Warehouse C,FALSE,,OverStock
16023,Roofing Sheet,Building Materials,121,80,$129.0,$12.9,"$1,560",MegaBuild Ltd,18/8/2024,8/9/2024,Warehouse B,FALSE,,Other
10185,Electrical Cable,Electrical,257,40,$398.2,$39.8,"$10,234",MegaBuild Ltd,18/8/2024,24/9/2024,Warehouse C,FALSE,,OverStock
25834,Paint Bucket,Interior,33,80,$19.3,$1.9,$64,Alpha Materials,18/8/2024,19/9/2024,Warehouse C,TRUE,47,Other
84137,PVC Pipe,Plumbing,266,50,$71.3,$7.1,"$1,896",FixRight Depot,18/8/2024,5/9/2024,Warehouse B,FALSE,,OverStock
92163,Roofing Sheet,Building Materials,271,50,$360.6,$36.1,"$9,772",Jumia Supplies,18/8/2024,15/9/2024,Warehouse B,FALSE,,OverStock
30307,Electrical Cable,Electrical,227,30,$261.9,$26.2,"$5,946",FixRight Depot,17/8/2024,22/8/2024,Warehouse C,FALSE,,OverStock
10636,Kitchen Sink,Plumbing,416,40,$184.5,$18.4,"$7,674",MegaBuild Ltd,17/8/2024,14/9/2024,Warehouse A,FALSE,,OverStock
98241,PVC Pipe,Plumbing,493,30,$112.9,$11.3,"$5,564",Alpha Materials,17/8/2024,3/9/2024,Warehouse B,FALSE,,OverStock
56489,Concrete Block,Building Materials,430,150,$147.2,$14.7,"$6,328",Jumia Supplies,17/8/2024,15/9/2024,Warehouse C,FALSE,,Other
52591,Cement Bag,Building Materials,13,80,$23.5,$2.4,$31,MegaBuild Ltd,17/8/2024,23/8/2024,Warehouse B,TRUE,67,Other
37546,Switch Box,Electrical,188,20,$249.5,$24.9,"$4,690",Konga Wholesale,17/8/2024,15/9/2024,Warehouse A,FALSE,,OverStock
87093,Cement Bag,Building Materials,285,80,$416.4,$41.6,"$11,866",Jumia Supplies,17/8/2024,22/9/2024,Warehouse A,FALSE,,OverStock
71142,Toilet Seat,Hardware,40,30,$181.1,$18.1,$724,FixRight Depot,16/8/2024,11/9/2024,Warehouse A,FALSE,,Other
82651,Wallpaper Roll,Interior,231,30,$155.4,$15.5,"$3,590",MegaBuild Ltd,16/8/2024,22/8/2024,Warehouse C,FALSE,,OverStock
96665,Floor Tiles,Interior,77,150,$39.5,$3.9,$304,Konga Wholesale,16/8/2024,9/9/2024,Warehouse B,TRUE,73,Other
73535,Floor Tiles,Interior,392,40,$263.7,$26.4,"$10,335",MegaBuild Ltd,16/8/2024,14/9/2024,Warehouse A,FALSE,,OverStock
38854,Shower Set,Hardware,355,40,$222.9,$22.3,"$7,913",Jumia Supplies,15/8/2024,18/9/2024,Warehouse C,FALSE,,OverStock
85039,Floor Tiles,Interior,240,80,$482.9,$48.3,"$11,590",Jumia Supplies,15/8/2024,5/9/2024,Warehouse B,FALSE,,Other
45256,Kitchen Sink,Plumbing,328,50,$330.9,$33.1,"$10,854",Alpha Materials,15/8/2024,16/9/2024,Warehouse C,FALSE,,OverStock
81309,Switch Box,Electrical,235,150,$181.4,$18.1,"$4,262",Konga Wholesale,15/8/2024,5/9/2024,Warehouse A,FALSE,,Other
30601,Wallpaper Roll,Interior,335,80,$88.4,$8.8,"$2,961",Jumia Supplies,15/8/2024,7/9/2024,Warehouse A,FALSE,,OverStock
14861,Bulb Pack,Electrical,52,20,$243.3,$24.3,"$1,265",MegaBuild Ltd,15/8/2024,13/9/2024,Warehouse C,FALSE,,Other
44094,Door Frame,Hardware,375,20,$441.9,$44.2,"$16,571",MegaBuild Ltd,15/8/2024,19/9/2024,Warehouse B,FALSE,,OverStock
71104,Water Heater,Plumbing,167,20,$139.6,$14.0,"$2,331",Jumia Supplies,15/8/2024,31/8/2024,Warehouse A,FALSE,,OverStock
70482,Roofing Sheet,Building Materials,88,30,$226.5,$22.6,"$1,993",Konga Wholesale,15/8/2024,23/9/2024,Warehouse A,FALSE,,Other
14803,Window Glass,Hardware,469,100,$35.0,$3.5,"$1,640",MegaBuild Ltd,15/8/2024,23/9/2024,Warehouse B,FALSE,,OverStock
97049,Kitchen Sink,Plumbing,77,50,$491.4,$49.1,"$3,784",FixRight Depot,15/8/2024,12/9/2024,Warehouse B,FALSE,,Other
23102,Paint Bucket,Interior,45,80,$337.4,$33.7,"$1,518",MegaBuild Ltd,15/8/2024,5/9/2024,Warehouse C,TRUE,35,Other
59416,Paint Bucket,Interior,153,100,$192.6,$19.3,"$2,947",FixRight Depot,14/8/2024,15/9/2024,Warehouse B,FALSE,,Other
56023,Wallpaper Roll,Interior,481,30,$417.3,$41.7,"$20,072",Jumia Supplies,14/8/2024,6/9/2024,Warehouse A,FALSE,,OverStock
46303,Water Heater,Plumbing,430,20,$129.9,$13.0,"$5,584",Konga Wholesale,14/8/2024,8/9/2024,Warehouse A,FALSE,,OverStock
58795,Cement Bag,Building Materials,252,20,$268.3,$26.8,"$6,761",MegaBuild Ltd,14/8/2024,3/9/2024,Warehouse C,FALSE,,OverStock
86519,Window Glass,Hardware,178,20,$78.0,$7.8,"$1,389",Alpha Materials,14/8/2024,5/9/2024,Warehouse C,FALSE,,OverStock
78345,PVC Pipe,Plumbing,387,40,$111.7,$11.2,"$4,322",MegaBuild Ltd,14/8/2024,21/8/2024,Warehouse B,FALSE,,OverStock
67148,Toilet Seat,Hardware,309,100,$132.6,$13.3,"$4,098",FixRight Depot,14/8/2024,28/8/2024,Warehouse A,FALSE,,OverStock
23303,Floor Tiles,Interior,145,20,$430.5,$43.0,"$6,242",Konga Wholesale,14/8/2024,2/9/2024,Warehouse C,FALSE,,OverStock
37467,Window Glass,Hardware,443,100,$264.5,$26.4,"$11,716",Jumia Supplies,14/8/2024,10/9/2024,Warehouse A,FALSE,,OverStock
89029,Electrical Cable,Electrical,318,100,$136.8,$13.7,"$4,350",FixRight Depot,14/8/2024,21/8/2024,Warehouse C,FALSE,,OverStock
99362,Window Glass,Hardware,350,100,$327.7,$32.8,"$11,471",Alpha Materials,14/8/2024,4/9/2024,Warehouse C,FALSE,,OverStock
92856,Shower Set,Hardware,492,100,$119.2,$11.9,"$5,864",Jumia Supplies,13/8/2024,12/9/2024,Warehouse B,FALSE,,OverStock
43742,Roofing Sheet,Building Materials,39,20,$277.7,$27.8,"$1,083",Konga Wholesale,13/8/2024,10/9/2024,Warehouse A,FALSE,,Other
11353,Roofing Sheet,Building Materials,339,40,$262.5,$26.2,"$8,898",Konga Wholesale,13/8/2024,27/8/2024,Warehouse B,FALSE,,OverStock
11816,Switch Box,Electrical,185,50,$252.3,$25.2,"$4,667",Alpha Materials,13/8/2024,20/9/2024,Warehouse C,FALSE,,OverStock
67988,Kitchen Sink,Plumbing,165,80,$438.2,$43.8,"$7,230",MegaBuild Ltd,13/8/2024,8/9/2024,Warehouse B,FALSE,,Other
16639,Roofing Sheet,Building Materials,399,50,$417.6,$41.8,"$16,662",Konga Wholesale,13/8/2024,28/8/2024,Warehouse B,FALSE,,OverStock
76842,Bulb Pack,Electrical,347,20,$162.4,$16.2,"$5,636",Jumia Supplies,12/8/2024,17/8/2024,Warehouse A,FALSE,,OverStock
15700,Roofing Sheet,Building Materials,428,20,$391.2,$39.1,"$16,745",Jumia Supplies,12/8/2024,17/8/2024,Warehouse B,FALSE,,OverStock
21447,Water Heater,Plumbing,200,50,$197.1,$19.7,"$3,942",Konga Wholesale,12/8/2024,20/8/2024,Warehouse B,FALSE,,OverStock
50916,Electrical Cable,Electrical,305,50,$467.6,$46.8,"$14,263",FixRight Depot,12/8/2024,10/9/2024,Warehouse C,FALSE,,OverStock
95346,Concrete Block,Building Materials,191,80,$124.7,$12.5,"$2,382",Jumia Supplies,12/8/2024,7/9/2024,Warehouse B,FALSE,,Other
31447,Switch Box,Electrical,440,40,$144.1,$14.4,"$6,340",FixRight Depot,11/8/2024,31/8/2024,Warehouse A,FALSE,,OverStock
72292,Shower Set,Hardware,288,100,$406.2,$40.6,"$11,699",MegaBuild Ltd,11/8/2024,26/8/2024,Warehouse C,FALSE,,Other
77568,Kitchen Sink,Plumbing,294,50,$211.0,$21.1,"$6,203",Alpha Materials,11/8/2024,28/8/2024,Warehouse B,FALSE,,OverStock
68008,Concrete Block,Building Materials,139,80,$172.5,$17.2,"$2,398",Alpha Materials,11/8/2024,29/8/2024,Warehouse C,FALSE,,Other
98306,Shower Set,Hardware,420,20,$193.8,$19.4,"$8,138",Alpha Materials,11/8/2024,18/8/2024,Warehouse B,FALSE,,OverStock
94834,Shower Set,Hardware,187,80,$44.9,$4.5,$839,Alpha Materials,11/8/2024,7/9/2024,Warehouse C,FALSE,,Other
55643,Toilet Seat,Hardware,70,150,$105.8,$10.6,$741,MegaBuild Ltd,11/8/2024,23/8/2024,Warehouse C,TRUE,80,Other
56431,Switch Box,Electrical,24,40,$337.8,$33.8,$811,MegaBuild Ltd,11/8/2024,19/9/2024,Warehouse A,TRUE,16,Other
10798,Window Glass,Hardware,473,40,$443.7,$44.4,"$20,987",MegaBuild Ltd,10/8/2024,8/9/2024,Warehouse C,FALSE,,OverStock
40825,PVC Pipe,Plumbing,9,30,$55.2,$5.5,$50,Alpha Materials,10/8/2024,15/8/2024,Warehouse B,TRUE,21,Other
58291,Kitchen Sink,Plumbing,410,20,$419.0,$41.9,"$17,179",Konga Wholesale,10/8/2024,16/8/2024,Warehouse C,FALSE,,OverStock
48383,Door Frame,Hardware,132,150,$146.4,$14.6,"$1,932",Alpha Materials,10/8/2024,6/9/2024,Warehouse C,TRUE,18,Other
79918,Cement Bag,Building Materials,338,100,$247.9,$24.8,"$8,379",FixRight Depot,10/8/2024,21/8/2024,Warehouse B,FALSE,,OverStock
75296,Cement Bag,Building Materials,175,80,$216.6,$21.7,"$3,790",Alpha Materials,10/8/2024,17/8/2024,Warehouse B,FALSE,,Other
18894,Electrical Cable,Electrical,203,50,$370.3,$37.0,"$7,518",Konga Wholesale,10/8/2024,31/8/2024,Warehouse B,FALSE,,OverStock
68642,Concrete Block,Building Materials,495,40,$104.8,$10.5,"$5,186",MegaBuild Ltd,9/8/2024,23/8/2024,Warehouse A,FALSE,,OverStock
99897,Electrical Cable,Electrical,260,100,$373.3,$37.3,"$9,705",Jumia Supplies,9/8/2024,3/9/2024,Warehouse C,FALSE,,Other
12631,PVC Pipe,Plumbing,488,100,$218.8,$21.9,"$10,675",MegaBuild Ltd,9/8/2024,11/9/2024,Warehouse A,FALSE,,OverStock
17213,Electrical Cable,Electrical,278,20,$477.4,$47.7,"$13,273",Konga Wholesale,8/8/2024,28/8/2024,Warehouse C,FALSE,,OverStock
30229,Floor Tiles,Interior,209,20,$83.1,$8.3,"$1,737",FixRight Depot,8/8/2024,31/8/2024,Warehouse C,FALSE,,OverStock
97579,Paint Bucket,Interior,79,50,$54.6,$5.5,$431,Jumia Supplies,8/8/2024,21/8/2024,Warehouse A,FALSE,,Other
21273,Cement Bag,Building Materials,108,80,$79.5,$7.9,$858,Alpha Materials,8/8/2024,14/9/2024,Warehouse A,FALSE,,Other
17398,Ceiling Board,Interior,221,30,$362.4,$36.2,"$8,008",Alpha Materials,8/8/2024,5/9/2024,Warehouse A,FALSE,,OverStock
80655,Shower Set,Hardware,194,20,$48.8,$4.9,$947,FixRight Depot,8/8/2024,23/8/2024,Warehouse C,FALSE,,OverStock
37532,Cement Bag,Building Materials,416,80,$407.8,$40.8,"$16,966",Konga Wholesale,7/8/2024,9/9/2024,Warehouse A,FALSE,,OverStock
97886,Toilet Seat,Hardware,407,150,$448.8,$44.9,"$18,267",Jumia Supplies,7/8/2024,22/8/2024,Warehouse B,FALSE,,Other
82095,Switch Box,Electrical,397,150,$304.5,$30.5,"$12,089",Alpha Materials,7/8/2024,20/8/2024,Warehouse C,FALSE,,Other
60808,Switch Box,Electrical,301,80,$5.5,$0.5,$165,Alpha Materials,7/8/2024,15/8/2024,Warehouse C,FALSE,,OverStock
57419,Water Heater,Plumbing,431,40,$34.0,$3.4,"$1,465",Alpha Materials,7/8/2024,26/8/2024,Warehouse B,FALSE,,OverStock
42632,Paint Bucket,Interior,55,40,$312.8,$31.3,"$1,720",Jumia Supplies,7/8/2024,23/8/2024,Warehouse B,FALSE,,Other
47242,Bulb Pack,Electrical,90,80,$262.6,$26.3,"$2,363",MegaBuild Ltd,7/8/2024,15/9/2024,Warehouse C,FALSE,,Other
48082,PVC Pipe,Plumbing,262,100,$464.8,$46.5,"$12,177",Jumia Supplies,7/8/2024,21/8/2024,Warehouse C,FALSE,,Other
43577,Shower Set,Hardware,292,80,$206.6,$20.7,"$6,032",Jumia Supplies,7/8/2024,30/8/2024,Warehouse C,FALSE,,OverStock
23225,Roofing Sheet,Building Materials,249,50,$162.4,$16.2,"$4,044",Jumia Supplies,7/8/2024,22/8/2024,Warehouse C,FALSE,,OverStock
31083,Roofing Sheet,Building Materials,241,20,$433.5,$43.3,"$10,446",Konga Wholesale,6/8/2024,28/8/2024,Warehouse C,FALSE,,OverStock
14482,Window Glass,Hardware,345,50,$228.1,$22.8,"$7,869",Alpha Materials,6/8/2024,12/9/2024,Warehouse A,FALSE,,OverStock
10184,Switch Box,Electrical,269,20,$442.7,$44.3,"$11,907",Jumia Supplies,6/8/2024,11/8/2024,Warehouse B,FALSE,,OverStock
54941,Concrete Block,Building Materials,300,30,$239.2,$23.9,"$7,175",Konga Wholesale,6/8/2024,20/8/2024,Warehouse B,FALSE,,OverStock
30114,Water Heater,Plumbing,200,100,$125.8,$12.6,"$2,515",Konga Wholesale,6/8/2024,10/9/2024,Warehouse B,FALSE,,Other
93017,Door Frame,Hardware,68,80,$340.3,$34.0,"$2,314",Jumia Supplies,6/8/2024,14/8/2024,Warehouse C,TRUE,12,Other
11833,Roofing Sheet,Building Materials,264,50,$398.3,$39.8,"$10,516",Jumia Supplies,6/8/2024,28/8/2024,Warehouse B,FALSE,,OverStock
90252,Toilet Seat,Hardware,486,80,$446.5,$44.6,"$21,699",Alpha Materials,6/8/2024,27/8/2024,Warehouse C,FALSE,,OverStock
16377,Floor Tiles,Interior,251,40,$187.4,$18.7,"$4,704",Konga Wholesale,6/8/2024,28/8/2024,Warehouse A,FALSE,,OverStock
40907,Ceiling Board,Interior,405,30,$463.9,$46.4,"$18,786",FixRight Depot,6/8/2024,8/9/2024,Warehouse B,FALSE,,OverStock
36309,Roofing Sheet,Building Materials,125,30,$267.8,$26.8,"$3,348",FixRight Depot,5/8/2024,10/9/2024,Warehouse C,FALSE,,OverStock
35556,Bulb Pack,Electrical,473,80,$60.9,$6.1,"$2,881",Konga Wholesale,5/8/2024,11/9/2024,Warehouse B,FALSE,,OverStock
50583,Concrete Block,Building Materials,400,80,$238.9,$23.9,"$9,555",Konga Wholesale,5/8/2024,5/9/2024,Warehouse B,FALSE,,OverStock
31607,Ceiling Board,Interior,78,50,$239.5,$24.0,"$1,868",Jumia Supplies,5/8/2024,13/8/2024,Warehouse C,FALSE,,Other
98267,Cement Bag,Building Materials,446,100,$67.8,$6.8,"$3,025",MegaBuild Ltd,5/8/2024,12/9/2024,Warehouse B,FALSE,,OverStock
10306,Electrical Cable,Electrical,228,50,$103.9,$10.4,"$2,370",Alpha Materials,5/8/2024,24/8/2024,Warehouse C,FALSE,,OverStock
65822,Cement Bag,Building Materials,451,50,$187.3,$18.7,"$8,447",FixRight Depot,5/8/2024,12/9/2024,Warehouse B,FALSE,,OverStock
51232,Toilet Seat,Hardware,233,30,$131.9,$13.2,"$3,074",Konga Wholesale,5/8/2024,24/8/2024,Warehouse B,FALSE,,OverStock
90488,Bulb Pack,Electrical,287,30,$76.9,$7.7,"$2,208",FixRight Depot,5/8/2024,8/9/2024,Warehouse C,FALSE,,OverStock
50376,Bulb Pack,Electrical,372,30,$176.5,$17.7,"$6,567",MegaBuild Ltd,5/8/2024,24/8/2024,Warehouse B,FALSE,,OverStock
50144,Electrical Cable,Electrical,430,150,$71.0,$7.1,"$3,054",Alpha Materials,5/8/2024,3/9/2024,Warehouse A,FALSE,,Other
95017,Concrete Block,Building Materials,204,20,$476.8,$47.7,"$9,726",FixRight Depot,5/8/2024,28/8/2024,Warehouse C,FALSE,,OverStock
30828,Electrical Cable,Electrical,373,40,$215.1,$21.5,"$8,022",FixRight Depot,5/8/2024,20/8/2024,Warehouse B,FALSE,,OverStock
14551,Water Heater,Plumbing,317,40,$72.9,$7.3,"$2,312",Jumia Supplies,4/8/2024,19/8/2024,Warehouse A,FALSE,,OverStock
96120,Kitchen Sink,Plumbing,29,30,$440.3,$44.0,"$1,277",Jumia Supplies,4/8/2024,30/8/2024,Warehouse B,TRUE,1,Other
59625,Wallpaper Roll,Interior,219,150,$365.1,$36.5,"$7,995",FixRight Depot,4/8/2024,12/8/2024,Warehouse B,FALSE,,Other
30022,Wallpaper Roll,Interior,155,30,$403.4,$40.3,"$6,252",Konga Wholesale,3/8/2024,9/8/2024,Warehouse B,FALSE,,OverStock
31153,Window Glass,Hardware,109,100,$420.7,$42.1,"$4,586",MegaBuild Ltd,3/8/2024,21/8/2024,Warehouse B,FALSE,,Other
41624,Toilet Seat,Hardware,305,100,$466.8,$46.7,"$14,236",Jumia Supplies,3/8/2024,30/8/2024,Warehouse B,FALSE,,OverStock
89955,Switch Box,Electrical,322,40,$409.0,$40.9,"$13,169",Alpha Materials,3/8/2024,12/8/2024,Warehouse A,FALSE,,OverStock
84400,Shower Set,Hardware,68,40,$285.9,$28.6,"$1,944",Alpha Materials,3/8/2024,7/9/2024,Warehouse C,FALSE,,Other
67851,Toilet Seat,Hardware,103,100,$433.9,$43.4,"$4,469",MegaBuild Ltd,3/8/2024,27/8/2024,Warehouse A,FALSE,,Other
30234,PVC Pipe,Plumbing,373,80,$148.3,$14.8,"$5,533",Konga Wholesale,3/8/2024,23/8/2024,Warehouse C,FALSE,,OverStock
25141,Switch Box,Electrical,476,100,$154.2,$15.4,"$7,342",MegaBuild Ltd,3/8/2024,30/8/2024,Warehouse C,FALSE,,OverStock
55678,Concrete Block,Building Materials,295,150,$365.0,$36.5,"$10,768",MegaBuild Ltd,3/8/2024,17/8/2024,Warehouse A,FALSE,,Other
23440,Water Heater,Plumbing,120,50,$133.6,$13.4,"$1,603",Jumia Supplies,3/8/2024,4/9/2024,Warehouse A,FALSE,,Other
11821,Roofing Sheet,Building Materials,333,40,$14.6,$1.5,$485,MegaBuild Ltd,3/8/2024,2/9/2024,Warehouse B,FALSE,,OverStock
94946,Kitchen Sink,Plumbing,292,80,$174.9,$17.5,"$5,106",MegaBuild Ltd,3/8/2024,21/8/2024,Warehouse A,FALSE,,OverStock
33459,Wallpaper Roll,Interior,225,40,$307.7,$30.8,"$6,922",MegaBuild Ltd,3/8/2024,11/8/2024,Warehouse B,FALSE,,OverStock
54935,Concrete Block,Building Materials,143,80,$395.4,$39.5,"$5,654",FixRight Depot,3/8/2024,10/9/2024,Warehouse A,FALSE,,Other
15391,Wallpaper Roll,Interior,7,20,$55.6,$5.6,$39,Alpha Materials,3/8/2024,5/9/2024,Warehouse A,TRUE,13,Other
53781,Toilet Seat,Hardware,473,20,$338.8,$33.9,"$16,027",MegaBuild Ltd,3/8/2024,21/8/2024,Warehouse B,FALSE,,OverStock
67781,Switch Box,Electrical,321,30,$351.6,$35.2,"$11,285",Jumia Supplies,3/8/2024,16/8/2024,Warehouse B,FALSE,,OverStock
86898,Bulb Pack,Electrical,4,80,$316.7,$31.7,$127,FixRight Depot,2/8/2024,15/8/2024,Warehouse B,TRUE,76,Other
33377,Bulb Pack,Electrical,342,100,$132.5,$13.3,"$4,532",MegaBuild Ltd,2/8/2024,26/8/2024,Warehouse B,FALSE,,OverStock
69557,PVC Pipe,Plumbing,191,40,$172.6,$17.3,"$3,296",Konga Wholesale,2/8/2024,8/8/2024,Warehouse B,FALSE,,OverStock
23275,Bulb Pack,Electrical,385,40,$462.6,$46.3,"$17,811",FixRight Depot,2/8/2024,14/8/2024,Warehouse B,FALSE,,OverStock
53481,Wallpaper Roll,Interior,253,30,$26.8,$2.7,$679,MegaBuild Ltd,2/8/2024,28/8/2024,Warehouse C,FALSE,,OverStock
49643,Bulb Pack,Electrical,287,100,$301.6,$30.2,"$8,654",MegaBuild Ltd,2/8/2024,31/8/2024,Warehouse C,FALSE,,Other
19940,Cement Bag,Building Materials,233,20,$430.8,$43.1,"$10,039",MegaBuild Ltd,2/8/2024,8/9/2024,Warehouse A,FALSE,,OverStock
49708,Door Frame,Hardware,183,150,$262.6,$26.3,"$4,805",MegaBuild Ltd,2/8/2024,17/8/2024,Warehouse C,FALSE,,Other
10767,Ceiling Board,Interior,360,80,$273.7,$27.4,"$9,853",Alpha Materials,2/8/2024,6/9/2024,Warehouse A,FALSE,,OverStock
94754,Door Frame,Hardware,98,50,$153.7,$15.4,"$1,507",Alpha Materials,1/8/2024,29/8/2024,Warehouse C,FALSE,,Other
50469,Floor Tiles,Interior,451,20,$365.5,$36.6,"$16,486",Jumia Supplies,1/8/2024,11/8/2024,Warehouse B,FALSE,,OverStock
66759,Toilet Seat,Hardware,215,20,$317.2,$31.7,"$6,820",Konga Wholesale,1/8/2024,28/8/2024,Warehouse B,FALSE,,OverStock
60251,Ceiling Board,Interior,270,50,$244.7,$24.5,"$6,606",FixRight Depot,1/8/2024,1/9/2024,Warehouse A,FALSE,,OverStock
66920,Bulb Pack,Electrical,69,100,$404.9,$40.5,"$2,794",FixRight Depot,1/8/2024,25/8/2024,Warehouse A,TRUE,31,Other
27333,Shower Set,Hardware,86,20,$364.9,$36.5,"$3,138",Jumia Supplies,1/8/2024,1/9/2024,Warehouse C,FALSE,,OverStock
40268,Paint Bucket,Interior,232,40,$101.7,$10.2,"$2,359",Konga Wholesale,1/8/2024,7/9/2024,Warehouse B,FALSE,,OverStock
96113,Bulb Pack,Electrical,274,100,$5.3,$0.5,$144,Jumia Supplies,1/8/2024,20/8/2024,Warehouse B,FALSE,,Other
25201,Concrete Block,Building Materials,9,30,$365.0,$36.5,$329,MegaBuild Ltd,1/8/2024,9/8/2024,Warehouse A,TRUE,21,Other
98860,Shower Set,Hardware,21,50,$226.3,$22.6,$475,Konga Wholesale,1/8/2024,8/9/2024,Warehouse B,TRUE,29,Other
11223,Cement Bag,Building Materials,30,150,$164.0,$16.4,$492,Konga Wholesale,1/8/2024,29/8/2024,Warehouse A,TRUE,120,Other
57076,Door Frame,Hardware,12,80,$418.0,$41.8,$502,Alpha Materials,31/7/2024,22/8/2024,Warehouse A,TRUE,68,Other
29942,Ceiling Board,Interior,126,20,$130.1,$13.0,"$1,639",FixRight Depot,31/7/2024,24/8/2024,Warehouse A,FALSE,,OverStock
11168,Cement Bag,Building Materials,230,100,$96.2,$9.6,"$2,213",Alpha Materials,31/7/2024,13/8/2024,Warehouse B,FALSE,,Other
34124,Electrical Cable,Electrical,289,20,$405.1,$40.5,"$11,709",Alpha Materials,31/7/2024,24/8/2024,Warehouse C,FALSE,,OverStock
41147,Switch Box,Electrical,32,50,$449.6,$45.0,"$1,439",FixRight Depot,31/7/2024,28/8/2024,Warehouse A,TRUE,18,Other
24538,Door Frame,Hardware,457,30,$33.3,$3.3,"$1,522",FixRight Depot,31/7/2024,17/8/2024,Warehouse B,FALSE,,OverStock
85324,Paint Bucket,Interior,102,150,$458.2,$45.8,"$4,674",Konga Wholesale,31/7/2024,13/8/2024,Warehouse B,TRUE,48,Other
53239,Water Heater,Plumbing,451,50,$127.7,$12.8,"$5,757",FixRight Depot,31/7/2024,6/9/2024,Warehouse C,FALSE,,OverStock
87338,Ceiling Board,Interior,430,100,$167.0,$16.7,"$7,180",Jumia Supplies,30/7/2024,22/8/2024,Warehouse B,FALSE,,OverStock
20596,Window Glass,Hardware,273,30,$17.7,$1.8,$482,Konga Wholesale,30/7/2024,19/8/2024,Warehouse B,FALSE,,OverStock
33212,Door Frame,Hardware,359,150,$425.5,$42.5,"$15,274",Konga Wholesale,30/7/2024,23/8/2024,Warehouse A,FALSE,,Other
63648,Wallpaper Roll,Interior,298,150,$279.0,$27.9,"$8,314",MegaBuild Ltd,30/7/2024,15/8/2024,Warehouse B,FALSE,,Other
54700,Water Heater,Plumbing,167,80,$300.6,$30.1,"$5,019",Jumia Supplies,30/7/2024,31/8/2024,Warehouse A,FALSE,,Other
39063,Wallpaper Roll,Interior,425,150,$415.9,$41.6,"$17,675",MegaBuild Ltd,30/7/2024,23/8/2024,Warehouse A,FALSE,,Other
85761,Switch Box,Electrical,479,40,$472.0,$47.2,"$22,607",Jumia Supplies,30/7/2024,5/8/2024,Warehouse C,FALSE,,OverStock
97613,Kitchen Sink,Plumbing,26,30,$20.6,$2.1,$54,MegaBuild Ltd,30/7/2024,14/8/2024,Warehouse B,TRUE,4,Other
12717,Cement Bag,Building Materials,477,150,$216.3,$21.6,"$10,316",Alpha Materials,29/7/2024,3/9/2024,Warehouse A,FALSE,,OverStock
74027,Kitchen Sink,Plumbing,365,50,$178.1,$17.8,"$6,501",Konga Wholesale,29/7/2024,9/8/2024,Warehouse C,FALSE,,OverStock
64478,Electrical Cable,Electrical,411,20,$47.6,$4.8,"$1,956",Konga Wholesale,29/7/2024,14/8/2024,Warehouse B,FALSE,,OverStock
63775,Bulb Pack,Electrical,344,30,$315.4,$31.5,"$10,848",Konga Wholesale,29/7/2024,27/8/2024,Warehouse A,FALSE,,OverStock
86349,Toilet Seat,Hardware,384,40,$42.4,$4.2,"$1,628",Alpha Materials,29/7/2024,19/8/2024,Warehouse A,FALSE,,OverStock
29464,Floor Tiles,Interior,174,100,$382.2,$38.2,"$6,650",Alpha Materials,29/7/2024,2/9/2024,Warehouse A,FALSE,,Other
82613,Cement Bag,Building Materials,253,150,$164.6,$16.5,"$4,163",Konga Wholesale,29/7/2024,3/8/2024,Warehouse A,FALSE,,Other
68618,Roofing Sheet,Building Materials,112,100,$461.0,$46.1,"$5,163",Jumia Supplies,29/7/2024,22/8/2024,Warehouse C,FALSE,,Other
50955,Paint Bucket,Interior,487,20,$401.3,$40.1,"$19,544",Alpha Materials,29/7/2024,1/9/2024,Warehouse A,FALSE,,OverStock
18727,Kitchen Sink,Plumbing,104,150,$119.2,$11.9,"$1,239",Alpha Materials,29/7/2024,11/8/2024,Warehouse B,TRUE,46,Other
24698,Switch Box,Electrical,477,50,$290.1,$29.0,"$13,837",Alpha Materials,29/7/2024,9/8/2024,Warehouse C,FALSE,,OverStock
68274,PVC Pipe,Plumbing,222,80,$272.8,$27.3,"$6,057",MegaBuild Ltd,29/7/2024,25/8/2024,Warehouse B,FALSE,,Other
33097,Water Heater,Plumbing,361,100,$13.4,$1.3,$483,Jumia Supplies,28/7/2024,21/8/2024,Warehouse A,FALSE,,OverStock
54135,Paint Bucket,Interior,318,80,$418.6,$41.9,"$13,312",FixRight Depot,28/7/2024,7/8/2024,Warehouse A,FALSE,,OverStock
42735,Ceiling Board,Interior,439,20,$219.1,$21.9,"$9,617",MegaBuild Ltd,28/7/2024,19/8/2024,Warehouse B,FALSE,,OverStock
15717,Water Heater,Plumbing,106,150,$339.3,$33.9,"$3,597",Konga Wholesale,28/7/2024,12/8/2024,Warehouse B,TRUE,44,Other
23894,PVC Pipe,Plumbing,319,100,$97.6,$9.8,"$3,113",Jumia Supplies,28/7/2024,13/8/2024,Warehouse A,FALSE,,OverStock
81494,Electrical Cable,Electrical,206,50,$160.8,$16.1,"$3,312",MegaBuild Ltd,28/7/2024,18/8/2024,Warehouse A,FALSE,,OverStock
88344,Bulb Pack,Electrical,214,20,$245.0,$24.5,"$5,242",MegaBuild Ltd,27/7/2024,14/8/2024,Warehouse A,FALSE,,OverStock
51002,Window Glass,Hardware,250,150,$15.0,$1.5,$374,FixRight Depot,27/7/2024,1/9/2024,Warehouse C,FALSE,,Other
85591,Roofing Sheet,Building Materials,115,20,$398.7,$39.9,"$4,585",Alpha Materials,27/7/2024,25/8/2024,Warehouse A,FALSE,,OverStock
55704,Cement Bag,Building Materials,414,20,$61.4,$6.1,"$2,542",Konga Wholesale,27/7/2024,3/9/2024,Warehouse A,FALSE,,OverStock
60374,Wallpaper Roll,Interior,158,100,$76.4,$7.6,"$1,207",Konga Wholesale,27/7/2024,10/8/2024,Warehouse B,FALSE,,Other
41742,Concrete Block,Building Materials,256,80,$191.8,$19.2,"$4,911",Konga Wholesale,27/7/2024,12/8/2024,Warehouse C,FALSE,,OverStock
19837,Cement Bag,Building Materials,134,30,$410.4,$41.0,"$5,500",FixRight Depot,27/7/2024,12/8/2024,Warehouse C,FALSE,,OverStock
48467,Water Heater,Plumbing,337,30,$347.5,$34.7,"$11,710",Jumia Supplies,26/7/2024,1/9/2024,Warehouse B,FALSE,,OverStock
31563,Cement Bag,Building Materials,279,50,$283.6,$28.4,"$7,911",Jumia Supplies,26/7/2024,26/8/2024,Warehouse A,FALSE,,OverStock
92357,Shower Set,Hardware,435,150,$446.0,$44.6,"$19,399",Konga Wholesale,26/7/2024,20/8/2024,Warehouse B,FALSE,,Other
78706,Ceiling Board,Interior,296,30,$17.2,$1.7,$509,FixRight Depot,26/7/2024,23/8/2024,Warehouse C,FALSE,,OverStock
20532,Concrete Block,Building Materials,72,100,$142.3,$14.2,"$1,025",Alpha Materials,26/7/2024,20/8/2024,Warehouse A,TRUE,28,Other
21826,Roofing Sheet,Building Materials,443,100,$299.0,$29.9,"$13,244",Jumia Supplies,26/7/2024,6/8/2024,Warehouse A,FALSE,,OverStock
64610,Water Heater,Plumbing,494,50,$228.1,$22.8,"$11,266",FixRight Depot,26/7/2024,4/8/2024,Warehouse B,FALSE,,OverStock
84676,PVC Pipe,Plumbing,474,20,$258.1,$25.8,"$12,234",MegaBuild Ltd,26/7/2024,18/8/2024,Warehouse A,FALSE,,OverStock
26631,Floor Tiles,Interior,12,80,$60.0,$6.0,$72,FixRight Depot,26/7/2024,20/8/2024,Warehouse A,TRUE,68,Other
80561,Cement Bag,Building Materials,337,40,$302.4,$30.2,"$10,189",Jumia Supplies,26/7/2024,3/8/2024,Warehouse B,FALSE,,OverStock
29703,Wallpaper Roll,Interior,438,100,$84.4,$8.4,"$3,696",MegaBuild Ltd,26/7/2024,7/8/2024,Warehouse C,FALSE,,OverStock
62445,Roofing Sheet,Building Materials,485,80,$193.1,$19.3,"$9,363",Konga Wholesale,26/7/2024,16/8/2024,Warehouse A,FALSE,,OverStock
73000,Ceiling Board,Interior,108,50,$258.1,$25.8,"$2,787",MegaBuild Ltd,26/7/2024,17/8/2024,Warehouse A,FALSE,,Other
40027,Paint Bucket,Interior,242,40,$114.2,$11.4,"$2,763",Jumia Supplies,25/7/2024,31/8/2024,Warehouse B,FALSE,,OverStock
34031,Shower Set,Hardware,355,150,$136.0,$13.6,"$4,828",FixRight Depot,25/7/2024,2/8/2024,Warehouse B,FALSE,,Other
38610,PVC Pipe,Plumbing,293,100,$338.6,$33.9,"$9,922",Konga Wholesale,25/7/2024,20/8/2024,Warehouse A,FALSE,,Other
76830,Wallpaper Roll,Interior,463,40,$324.7,$32.5,"$15,035",Jumia Supplies,25/7/2024,14/8/2024,Warehouse B,FALSE,,OverStock
46394,Concrete Block,Building Materials,114,150,$93.2,$9.3,"$1,063",Konga Wholesale,25/7/2024,31/8/2024,Warehouse A,TRUE,36,Other
17925,Floor Tiles,Interior,264,150,$70.0,$7.0,"$1,848",FixRight Depot,25/7/2024,7/8/2024,Warehouse A,FALSE,,Other
46668,Toilet Seat,Hardware,369,30,$413.0,$41.3,"$15,239",MegaBuild Ltd,25/7/2024,30/8/2024,Warehouse A,FALSE,,OverStock
83424,Floor Tiles,Interior,115,40,$61.8,$6.2,$710,Jumia Supplies,25/7/2024,2/9/2024,Warehouse A,FALSE,,Other
35180,Shower Set,Hardware,466,80,$422.4,$42.2,"$19,684",Alpha Materials,25/7/2024,12/8/2024,Warehouse B,FALSE,,OverStock
63521,Switch Box,Electrical,112,150,$290.7,$29.1,"$3,256",Alpha Materials,24/7/2024,14/8/2024,Warehouse A,TRUE,38,Other
32010,PVC Pipe,Plumbing,322,40,$39.7,$4.0,"$1,277",FixRight Depot,24/7/2024,1/8/2024,Warehouse C,FALSE,,OverStock
16782,Toilet Seat,Hardware,367,150,$379.9,$38.0,"$13,941",Jumia Supplies,24/7/2024,27/8/2024,Warehouse A,FALSE,,Other
88863,Floor Tiles,Interior,161,100,$476.5,$47.7,"$7,672",Konga Wholesale,24/7/2024,11/8/2024,Warehouse B,FALSE,,Other
55807,Switch Box,Electrical,283,80,$338.2,$33.8,"$9,571",MegaBuild Ltd,24/7/2024,30/8/2024,Warehouse C,FALSE,,OverStock
32072,Electrical Cable,Electrical,214,20,$146.9,$14.7,"$3,144",Konga Wholesale,24/7/2024,14/8/2024,Warehouse A,FALSE,,OverStock
79535,Kitchen Sink,Plumbing,289,80,$231.8,$23.2,"$6,698",Konga Wholesale,24/7/2024,31/7/2024,Warehouse A,FALSE,,OverStock
61319,Paint Bucket,Interior,20,80,$102.3,$10.2,$205,Jumia Supplies,24/7/2024,12/8/2024,Warehouse C,TRUE,60,Other
50122,Switch Box,Electrical,304,100,$306.4,$30.6,"$9,315",FixRight Depot,24/7/2024,7/8/2024,Warehouse B,FALSE,,OverStock
97350,Switch Box,Electrical,301,50,$380.8,$38.1,"$11,461",Konga Wholesale,24/7/2024,5/8/2024,Warehouse B,FALSE,,OverStock
15635,Electrical Cable,Electrical,457,40,$492.8,$49.3,"$22,519",FixRight Depot,24/7/2024,17/8/2024,Warehouse B,FALSE,,OverStock
13901,Door Frame,Hardware,94,150,$431.0,$43.1,"$4,051",FixRight Depot,24/7/2024,22/8/2024,Warehouse C,TRUE,56,Other
52933,Shower Set,Hardware,425,30,$31.5,$3.1,"$1,338",FixRight Depot,23/7/2024,13/8/2024,Warehouse A,FALSE,,OverStock
38948,Electrical Cable,Electrical,479,30,$8.7,$0.9,$415,FixRight Depot,23/7/2024,15/8/2024,Warehouse C,FALSE,,OverStock
91787,Paint Bucket,Interior,260,30,$315.3,$31.5,"$8,197",Alpha Materials,23/7/2024,30/7/2024,Warehouse C,FALSE,,OverStock
39377,Floor Tiles,Interior,310,80,$305.7,$30.6,"$9,477",Jumia Supplies,23/7/2024,20/8/2024,Warehouse A,FALSE,,OverStock
16853,Roofing Sheet,Building Materials,456,30,$413.0,$41.3,"$18,833",Jumia Supplies,23/7/2024,1/8/2024,Warehouse C,FALSE,,OverStock
19422,PVC Pipe,Plumbing,215,50,$284.3,$28.4,"$6,112",Konga Wholesale,23/7/2024,31/8/2024,Warehouse B,FALSE,,OverStock
11711,PVC Pipe,Plumbing,244,100,$225.0,$22.5,"$5,489",MegaBuild Ltd,23/7/2024,23/8/2024,Warehouse B,FALSE,,Other
54789,Switch Box,Electrical,204,100,$286.7,$28.7,"$5,849",Konga Wholesale,23/7/2024,28/7/2024,Warehouse A,FALSE,,Other
75781,Cement Bag,Building Materials,400,50,$369.4,$36.9,"$14,774",Alpha Materials,23/7/2024,20/8/2024,Warehouse C,FALSE,,OverStock
68616,Cement Bag,Building Materials,381,80,$228.8,$22.9,"$8,717",FixRight Depot,23/7/2024,26/8/2024,Warehouse C,FALSE,,OverStock
41212,Shower Set,Hardware,113,20,$229.9,$23.0,"$2,598",Konga Wholesale,23/7/2024,20/8/2024,Warehouse B,FALSE,,OverStock
94961,Shower Set,Hardware,393,150,$73.3,$7.3,"$2,879",FixRight Depot,23/7/2024,26/8/2024,Warehouse C,FALSE,,Other
14986,Toilet Seat,Hardware,319,100,$278.6,$27.9,"$8,887",Konga Wholesale,22/7/2024,11/8/2024,Warehouse B,FALSE,,OverStock
16378,Window Glass,Hardware,219,100,$448.3,$44.8,"$9,818",FixRight Depot,22/7/2024,28/7/2024,Warehouse A,FALSE,,Other
70663,Bulb Pack,Electrical,243,40,$413.6,$41.4,"$10,051",Alpha Materials,22/7/2024,28/7/2024,Warehouse A,FALSE,,OverStock
73755,Bulb Pack,Electrical,192,50,$486.5,$48.6,"$9,340",MegaBuild Ltd,22/7/2024,6/8/2024,Warehouse B,FALSE,,OverStock
60235,Door Frame,Hardware,375,50,$478.5,$47.8,"$17,943",Konga Wholesale,22/7/2024,16/8/2024,Warehouse A,FALSE,,OverStock
29521,PVC Pipe,Plumbing,434,80,$467.1,$46.7,"$20,271",Konga Wholesale,22/7/2024,31/7/2024,Warehouse C,FALSE,,OverStock
27221,Paint Bucket,Interior,226,150,$217.6,$21.8,"$4,919",FixRight Depot,22/7/2024,7/8/2024,Warehouse B,FALSE,,Other
33178,Paint Bucket,Interior,370,50,$112.4,$11.2,"$4,158",FixRight Depot,22/7/2024,28/7/2024,Warehouse A,FALSE,,OverStock
24866,Kitchen Sink,Plumbing,427,30,$91.2,$9.1,"$3,893",Alpha Materials,22/7/2024,13/8/2024,Warehouse C,FALSE,,OverStock
40908,Concrete Block,Building Materials,467,100,$298.6,$29.9,"$13,945",MegaBuild Ltd,21/7/2024,26/8/2024,Warehouse C,FALSE,,OverStock
19190,Floor Tiles,Interior,460,30,$315.7,$31.6,"$14,524",Alpha Materials,21/7/2024,13/8/2024,Warehouse B,FALSE,,OverStock
13846,Electrical Cable,Electrical,366,50,$89.2,$8.9,"$3,265",Jumia Supplies,21/7/2024,18/8/2024,Warehouse A,FALSE,,OverStock
53386,Wallpaper Roll,Interior,376,150,$422.5,$42.2,"$15,885",Jumia Supplies,21/7/2024,31/7/2024,Warehouse C,FALSE,,Other
52967,Shower Set,Hardware,229,100,$90.0,$9.0,"$2,060",Alpha Materials,21/7/2024,5/8/2024,Warehouse B,FALSE,,Other
38210,Concrete Block,Building Materials,10,20,$113.9,$11.4,$114,Jumia Supplies,21/7/2024,2/8/2024,Warehouse C,TRUE,10,Other
42606,Shower Set,Hardware,401,30,$227.6,$22.8,"$9,128",FixRight Depot,20/7/2024,7/8/2024,Warehouse A,FALSE,,OverStock
40881,Toilet Seat,Hardware,240,40,$210.2,$21.0,"$5,044",Jumia Supplies,20/7/2024,25/8/2024,Warehouse A,FALSE,,OverStock
16256,Electrical Cable,Electrical,65,150,$437.5,$43.8,"$2,844",Konga Wholesale,20/7/2024,11/8/2024,Warehouse A,TRUE,85,Other
31604,Cement Bag,Building Materials,47,80,$170.4,$17.0,$801,Konga Wholesale,20/7/2024,12/8/2024,Warehouse A,TRUE,33,Other
88579,Cement Bag,Building Materials,277,100,$350.3,$35.0,"$9,704",FixRight Depot,20/7/2024,8/8/2024,Warehouse A,FALSE,,Other
84683,Water Heater,Plumbing,325,150,$156.9,$15.7,"$5,099",FixRight Depot,20/7/2024,25/7/2024,Warehouse C,FALSE,,Other
92071,Bulb Pack,Electrical,139,30,$18.7,$1.9,$260,Jumia Supplies,20/7/2024,11/8/2024,Warehouse B,FALSE,,OverStock
28409,Water Heater,Plumbing,208,30,$108.1,$10.8,"$2,249",FixRight Depot,20/7/2024,26/8/2024,Warehouse B,FALSE,,OverStock
30131,Door Frame,Hardware,231,80,$411.9,$41.2,"$9,514",Konga Wholesale,19/7/2024,24/7/2024,Warehouse B,FALSE,,Other
21577,Toilet Seat,Hardware,206,20,$292.6,$29.3,"$6,028",FixRight Depot,19/7/2024,24/8/2024,Warehouse A,FALSE,,OverStock
89026,Kitchen Sink,Plumbing,419,30,$70.1,$7.0,"$2,935",Konga Wholesale,19/7/2024,31/7/2024,Warehouse B,FALSE,,OverStock
98822,Concrete Block,Building Materials,329,30,$47.3,$4.7,"$1,556",FixRight Depot,19/7/2024,23/8/2024,Warehouse A,FALSE,,OverStock
30754,Door Frame,Hardware,304,50,$203.9,$20.4,"$6,198",Jumia Supplies,19/7/2024,29/7/2024,Warehouse C,FALSE,,OverStock
98377,Floor Tiles,Interior,495,50,$89.6,$9.0,"$4,434",Konga Wholesale,19/7/2024,24/7/2024,Warehouse C,FALSE,,OverStock
99100,Floor Tiles,Interior,356,40,$321.6,$32.2,"$11,449",Konga Wholesale,19/7/2024,29/7/2024,Warehouse B,FALSE,,OverStock
84642,Ceiling Board,Interior,350,40,$488.6,$48.9,"$17,101",Jumia Supplies,19/7/2024,6/8/2024,Warehouse A,FALSE,,OverStock
74014,Wallpaper Roll,Interior,414,150,$390.0,$39.0,"$16,146",Alpha Materials,19/7/2024,18/8/2024,Warehouse A,FALSE,,Other
30221,Shower Set,Hardware,50,30,$321.7,$32.2,"$1,608",FixRight Depot,19/7/2024,3/8/2024,Warehouse B,FALSE,,Other
83694,Switch Box,Electrical,115,40,$174.3,$17.4,"$2,004",MegaBuild Ltd,19/7/2024,14/8/2024,Warehouse A,FALSE,,Other
73293,Window Glass,Hardware,225,100,$303.9,$30.4,"$6,838",Jumia Supplies,18/7/2024,30/7/2024,Warehouse B,FALSE,,Other
62975,Door Frame,Hardware,341,40,$102.1,$10.2,"$3,483",Konga Wholesale,18/7/2024,17/8/2024,Warehouse B,FALSE,,OverStock
90249,Ceiling Board,Interior,346,50,$72.7,$7.3,"$2,515",FixRight Depot,18/7/2024,5/8/2024,Warehouse A,FALSE,,OverStock
46870,Kitchen Sink,Plumbing,111,100,$394.6,$39.5,"$4,380",MegaBuild Ltd,18/7/2024,12/8/2024,Warehouse A,FALSE,,Other
44062,Paint Bucket,Interior,230,40,$438.0,$43.8,"$10,074",Konga Wholesale,18/7/2024,3/8/2024,Warehouse C,FALSE,,OverStock
52012,Kitchen Sink,Plumbing,12,150,$53.1,$5.3,$64,Alpha Materials,18/7/2024,25/8/2024,Warehouse C,TRUE,138,Other
17386,Concrete Block,Building Materials,429,30,$306.2,$30.6,"$13,134",MegaBuild Ltd,18/7/2024,13/8/2024,Warehouse A,FALSE,,OverStock
14424,Shower Set,Hardware,328,80,$249.8,$25.0,"$8,195",FixRight Depot,18/7/2024,31/7/2024,Warehouse B,FALSE,,OverStock
55607,Bulb Pack,Electrical,370,40,$76.2,$7.6,"$2,819",Alpha Materials,17/7/2024,28/7/2024,Warehouse A,FALSE,,OverStock
32286,Kitchen Sink,Plumbing,427,50,$57.7,$5.8,"$2,462",MegaBuild Ltd,17/7/2024,4/8/2024,Warehouse B,FALSE,,OverStock
58720,Kitchen Sink,Plumbing,426,20,$333.4,$33.3,"$14,203",Alpha Materials,17/7/2024,2/8/2024,Warehouse C,FALSE,,OverStock
30742,Kitchen Sink,Plumbing,316,150,$330.1,$33.0,"$10,432",MegaBuild Ltd,17/7/2024,22/8/2024,Warehouse B,FALSE,,Other
21683,Door Frame,Hardware,226,150,$44.6,$4.5,"$1,009",Konga Wholesale,17/7/2024,2/8/2024,Warehouse C,FALSE,,Other
35931,Toilet Seat,Hardware,98,50,$153.0,$15.3,"$1,499",Jumia Supplies,17/7/2024,24/7/2024,Warehouse A,FALSE,,Other
65883,Cement Bag,Building Materials,458,50,$327.5,$32.7,"$14,999",MegaBuild Ltd,17/7/2024,25/7/2024,Warehouse C,FALSE,,OverStock
19849,Roofing Sheet,Building Materials,125,80,$131.4,$13.1,"$1,643",Alpha Materials,17/7/2024,26/7/2024,Warehouse B,FALSE,,Other
81158,Door Frame,Hardware,288,80,$55.4,$5.5,"$1,595",FixRight Depot,16/7/2024,26/7/2024,Warehouse B,FALSE,,OverStock
93122,Toilet Seat,Hardware,103,40,$273.7,$27.4,"$2,819",MegaBuild Ltd,16/7/2024,26/7/2024,Warehouse C,FALSE,,Other
25896,Door Frame,Hardware,214,80,$347.7,$34.8,"$7,440",MegaBuild Ltd,16/7/2024,28/7/2024,Warehouse A,FALSE,,Other
93820,Electrical Cable,Electrical,349,100,$295.3,$29.5,"$10,306",Konga Wholesale,16/7/2024,6/8/2024,Warehouse A,FALSE,,OverStock
38690,Cement Bag,Building Materials,119,80,$292.0,$29.2,"$3,475",Jumia Supplies,16/7/2024,18/8/2024,Warehouse A,FALSE,,Other
54460,Door Frame,Hardware,320,80,$422.9,$42.3,"$13,532",Jumia Supplies,16/7/2024,17/8/2024,Warehouse C,FALSE,,OverStock
60231,Water Heater,Plumbing,229,150,$398.1,$39.8,"$9,116",Konga Wholesale,16/7/2024,23/7/2024,Warehouse C,FALSE,,Other
32222,Concrete Block,Building Materials,255,40,$117.6,$11.8,"$2,999",Konga Wholesale,16/7/2024,19/8/2024,Warehouse A,FALSE,,OverStock
78344,Electrical Cable,Electrical,361,80,$330.0,$33.0,"$11,911",MegaBuild Ltd,16/7/2024,10/8/2024,Warehouse B,FALSE,,OverStock
66982,Bulb Pack,Electrical,398,20,$88.9,$8.9,"$3,538",FixRight Depot,16/7/2024,16/8/2024,Warehouse A,FALSE,,OverStock
33267,Door Frame,Hardware,32,40,$89.9,$9.0,$288,Jumia Supplies,16/7/2024,4/8/2024,Warehouse C,TRUE,8,Other
21403,Window Glass,Hardware,223,100,$454.1,$45.4,"$10,126",Konga Wholesale,16/7/2024,3/8/2024,Warehouse B,FALSE,,Other
85440,Switch Box,Electrical,66,100,$185.3,$18.5,"$1,223",MegaBuild Ltd,16/7/2024,23/7/2024,Warehouse A,TRUE,34,Other
12551,Floor Tiles,Interior,88,40,$193.3,$19.3,"$1,701",FixRight Depot,15/7/2024,30/7/2024,Warehouse B,FALSE,,Other
40266,Toilet Seat,Hardware,442,80,$294.6,$29.5,"$13,022",MegaBuild Ltd,15/7/2024,28/7/2024,Warehouse A,FALSE,,OverStock
92633,Kitchen Sink,Plumbing,34,30,$431.8,$43.2,"$1,468",Jumia Supplies,15/7/2024,13/8/2024,Warehouse B,FALSE,,Other
62485,Kitchen Sink,Plumbing,338,50,$305.6,$30.6,"$10,330",Konga Wholesale,15/7/2024,24/7/2024,Warehouse A,FALSE,,OverStock
85348,Bulb Pack,Electrical,370,40,$277.1,$27.7,"$10,252",FixRight Depot,15/7/2024,28/7/2024,Warehouse B,FALSE,,OverStock
60139,Electrical Cable,Electrical,442,100,$372.9,$37.3,"$16,481",MegaBuild Ltd,14/7/2024,22/7/2024,Warehouse A,FALSE,,OverStock
27110,Kitchen Sink,Plumbing,491,100,$264.0,$26.4,"$12,964",Konga Wholesale,14/7/2024,22/8/2024,Warehouse B,FALSE,,OverStock
18798,Ceiling Board,Interior,398,50,$54.3,$5.4,"$2,162",FixRight Depot,14/7/2024,17/8/2024,Warehouse C,FALSE,,OverStock
59104,Roofing Sheet,Building Materials,10,30,$338.2,$33.8,$338,FixRight Depot,14/7/2024,4/8/2024,Warehouse B,TRUE,20,Other
55564,Roofing Sheet,Building Materials,181,80,$468.4,$46.8,"$8,477",MegaBuild Ltd,14/7/2024,7/8/2024,Warehouse C,FALSE,,Other
47462,Door Frame,Hardware,457,20,$74.7,$7.5,"$3,412",Alpha Materials,14/7/2024,15/8/2024,Warehouse B,FALSE,,OverStock
77178,Window Glass,Hardware,202,100,$187.2,$18.7,"$3,780",Alpha Materials,14/7/2024,20/7/2024,Warehouse A,FALSE,,Other
19859,Bulb Pack,Electrical,370,40,$412.4,$41.2,"$15,257",Alpha Materials,14/7/2024,22/7/2024,Warehouse B,FALSE,,OverStock
98801,Roofing Sheet,Building Materials,122,50,$241.0,$24.1,"$2,940",FixRight Depot,13/7/2024,11/8/2024,Warehouse B,FALSE,,Other
62395,Water Heater,Plumbing,187,50,$400.2,$40.0,"$7,484",Jumia Supplies,13/7/2024,14/8/2024,Warehouse C,FALSE,,OverStock
12204,Cement Bag,Building Materials,213,40,$154.9,$15.5,"$3,300",MegaBuild Ltd,13/7/2024,15/8/2024,Warehouse B,FALSE,,OverStock
55095,Paint Bucket,Interior,474,50,$151.1,$15.1,"$7,164",Alpha Materials,13/7/2024,10/8/2024,Warehouse B,FALSE,,OverStock
55283,Toilet Seat,Hardware,123,80,$223.8,$22.4,"$2,753",FixRight Depot,13/7/2024,1/8/2024,Warehouse C,FALSE,,Other
68798,Electrical Cable,Electrical,89,20,$59.2,$5.9,$526,MegaBuild Ltd,13/7/2024,30/7/2024,Warehouse B,FALSE,,OverStock
35727,Switch Box,Electrical,99,80,$20.9,$2.1,$206,Alpha Materials,13/7/2024,25/7/2024,Warehouse C,FALSE,,Other
22679,Electrical Cable,Electrical,417,20,$176.9,$17.7,"$7,378",MegaBuild Ltd,13/7/2024,1/8/2024,Warehouse B,FALSE,,OverStock
77581,Window Glass,Hardware,69,40,$315.7,$31.6,"$2,179",Jumia Supplies,13/7/2024,30/7/2024,Warehouse A,FALSE,,Other
81445,Kitchen Sink,Plumbing,372,50,$6.2,$0.6,$231,FixRight Depot,13/7/2024,19/7/2024,Warehouse A,FALSE,,OverStock
35530,Roofing Sheet,Building Materials,430,20,$159.5,$16.0,"$6,860",Jumia Supplies,13/7/2024,30/7/2024,Warehouse A,FALSE,,OverStock
61544,Ceiling Board,Interior,205,40,$114.0,$11.4,"$2,338",MegaBuild Ltd,13/7/2024,30/7/2024,Warehouse A,FALSE,,OverStock
27733,Bulb Pack,Electrical,362,80,$35.4,$3.5,"$1,280",Jumia Supplies,12/7/2024,4/8/2024,Warehouse A,FALSE,,OverStock
79506,Toilet Seat,Hardware,266,30,$282.1,$28.2,"$7,505",Konga Wholesale,12/7/2024,19/8/2024,Warehouse C,FALSE,,OverStock
15349,Switch Box,Electrical,238,80,$77.0,$7.7,"$1,833",Jumia Supplies,12/7/2024,30/7/2024,Warehouse C,FALSE,,Other
16416,Electrical Cable,Electrical,267,50,$434.9,$43.5,"$11,612",MegaBuild Ltd,12/7/2024,18/7/2024,Warehouse B,FALSE,,OverStock
89220,Kitchen Sink,Plumbing,85,100,$299.5,$30.0,"$2,546",Jumia Supplies,12/7/2024,23/7/2024,Warehouse C,TRUE,15,Other
20605,Paint Bucket,Interior,290,50,$143.3,$14.3,"$4,154",FixRight Depot,12/7/2024,30/7/2024,Warehouse A,FALSE,,OverStock
63365,Shower Set,Hardware,357,80,$168.7,$16.9,"$6,024",Alpha Materials,11/7/2024,20/7/2024,Warehouse C,FALSE,,OverStock
20857,Concrete Block,Building Materials,55,150,$448.2,$44.8,"$2,465",Alpha Materials,11/7/2024,20/7/2024,Warehouse B,TRUE,95,Other
44169,Kitchen Sink,Plumbing,300,150,$39.4,$3.9,"$1,182",Konga Wholesale,11/7/2024,2/8/2024,Warehouse C,FALSE,,Other
35909,Ceiling Board,Interior,448,20,$202.7,$20.3,"$9,079",MegaBuild Ltd,11/7/2024,31/7/2024,Warehouse A,FALSE,,OverStock
48233,Concrete Block,Building Materials,339,150,$341.6,$34.2,"$11,580",Konga Wholesale,11/7/2024,30/7/2024,Warehouse A,FALSE,,Other
87318,Roofing Sheet,Building Materials,478,20,$346.3,$34.6,"$16,554",Konga Wholesale,11/7/2024,22/7/2024,Warehouse A,FALSE,,OverStock
97943,Switch Box,Electrical,441,20,$473.5,$47.3,"$20,880",MegaBuild Ltd,11/7/2024,28/7/2024,Warehouse B,FALSE,,OverStock
66491,Ceiling Board,Interior,303,40,$288.1,$28.8,"$8,731",FixRight Depot,10/7/2024,31/7/2024,Warehouse B,FALSE,,OverStock
93042,Door Frame,Hardware,248,50,$92.8,$9.3,"$2,302",FixRight Depot,10/7/2024,18/8/2024,Warehouse B,FALSE,,OverStock
13191,PVC Pipe,Plumbing,41,80,$70.9,$7.1,$291,Jumia Supplies,10/7/2024,31/7/2024,Warehouse A,TRUE,39,Other
66561,Toilet Seat,Hardware,226,100,$264.0,$26.4,"$5,965",MegaBuild Ltd,10/7/2024,17/7/2024,Warehouse A,FALSE,,Other
65161,Ceiling Board,Interior,199,150,$130.7,$13.1,"$2,601",Alpha Materials,10/7/2024,19/7/2024,Warehouse A,FALSE,,Other
13089,Bulb Pack,Electrical,43,80,$260.3,$26.0,"$1,119",FixRight Depot,10/7/2024,5/8/2024,Warehouse C,TRUE,37,Other
66326,Shower Set,Hardware,439,20,$137.8,$13.8,"$6,049",Konga Wholesale,10/7/2024,26/7/2024,Warehouse C,FALSE,,OverStock
78099,Switch Box,Electrical,222,80,$362.5,$36.3,"$8,048",MegaBuild Ltd,10/7/2024,3/8/2024,Warehouse C,FALSE,,Other
59028,Switch Box,Electrical,99,80,$431.7,$43.2,"$4,274",MegaBuild Ltd,10/7/2024,18/7/2024,Warehouse B,FALSE,,Other
42481,Shower Set,Hardware,316,40,$420.3,$42.0,"$13,282",MegaBuild Ltd,10/7/2024,31/7/2024,Warehouse B,FALSE,,OverStock
37609,Kitchen Sink,Plumbing,209,150,$484.7,$48.5,"$10,130",Jumia Supplies,10/7/2024,11/8/2024,Warehouse B,FALSE,,Other
16102,Shower Set,Hardware,98,50,$427.2,$42.7,"$4,187",Jumia Supplies,9/7/2024,3/8/2024,Warehouse C,FALSE,,Other
12469,Electrical Cable,Electrical,344,80,$341.7,$34.2,"$11,753",FixRight Depot,9/7/2024,9/8/2024,Warehouse C,FALSE,,OverStock
91942,Electrical Cable,Electrical,188,20,$256.6,$25.7,"$4,825",Alpha Materials,9/7/2024,1/8/2024,Warehouse B,FALSE,,OverStock
97960,Cement Bag,Building Materials,455,150,$143.2,$14.3,"$6,517",Alpha Materials,9/7/2024,16/7/2024,Warehouse C,FALSE,,OverStock
16806,Toilet Seat,Hardware,66,80,$404.7,$40.5,"$2,671",FixRight Depot,9/7/2024,4/8/2024,Warehouse B,TRUE,14,Other
96153,Bulb Pack,Electrical,258,40,$421.6,$42.2,"$10,876",Jumia Supplies,9/7/2024,30/7/2024,Warehouse B,FALSE,,OverStock
63013,Kitchen Sink,Plumbing,293,100,$28.1,$2.8,$822,MegaBuild Ltd,9/7/2024,28/7/2024,Warehouse B,FALSE,,Other
39692,Paint Bucket,Interior,1,150,$296.7,$29.7,$30,Jumia Supplies,9/7/2024,16/7/2024,Warehouse A,TRUE,149,Other
43591,Roofing Sheet,Building Materials,0,40,$293.8,$29.4,$0,Jumia Supplies,8/7/2024,6/8/2024,Warehouse B,TRUE,40,Other
48709,Ceiling Board,Interior,308,150,$288.8,$28.9,"$8,894",Konga Wholesale,8/7/2024,14/7/2024,Warehouse A,FALSE,,Other
47418,Door Frame,Hardware,485,20,$8.8,$0.9,$426,FixRight Depot,8/7/2024,20/7/2024,Warehouse A,FALSE,,OverStock
70926,Window Glass,Hardware,6,150,$206.2,$20.6,$124,Alpha Materials,8/7/2024,9/8/2024,Warehouse B,TRUE,144,Other
22213,Concrete Block,Building Materials,427,40,$87.9,$8.8,"$3,753",Jumia Supplies,8/7/2024,6/8/2024,Warehouse C,FALSE,,OverStock
44469,Door Frame,Hardware,37,40,$481.6,$48.2,"$1,782",Jumia Supplies,8/7/2024,18/7/2024,Warehouse C,TRUE,3,Other
75439,Bulb Pack,Electrical,148,40,$452.3,$45.2,"$6,693",Konga Wholesale,8/7/2024,6/8/2024,Warehouse B,FALSE,,OverStock
49491,Electrical Cable,Electrical,82,80,$107.4,$10.7,$881,Jumia Supplies,8/7/2024,15/8/2024,Warehouse B,FALSE,,Other
38357,Electrical Cable,Electrical,451,20,$86.8,$8.7,"$3,916",Jumia Supplies,8/7/2024,16/8/2024,Warehouse A,FALSE,,OverStock
45411,Water Heater,Plumbing,75,40,$35.3,$3.5,$264,FixRight Depot,8/7/2024,16/7/2024,Warehouse B,FALSE,,Other
84548,Bulb Pack,Electrical,399,80,$454.4,$45.4,"$18,130",Jumia Supplies,8/7/2024,12/8/2024,Warehouse A,FALSE,,OverStock
92806,Electrical Cable,Electrical,422,80,$235.8,$23.6,"$9,952",MegaBuild Ltd,7/7/2024,27/7/2024,Warehouse B,FALSE,,OverStock
56418,Water Heater,Plumbing,158,40,$291.0,$29.1,"$4,598",Alpha Materials,7/7/2024,11/8/2024,Warehouse B,FALSE,,OverStock
85282,Roofing Sheet,Building Materials,487,30,$296.0,$29.6,"$14,416",Konga Wholesale,7/7/2024,28/7/2024,Warehouse B,FALSE,,OverStock
17084,Ceiling Board,Interior,90,50,$405.9,$40.6,"$3,653",Alpha Materials,7/7/2024,13/7/2024,Warehouse C,FALSE,,Other
72979,Cement Bag,Building Materials,311,100,$270.5,$27.1,"$8,413",MegaBuild Ltd,7/7/2024,15/7/2024,Warehouse A,FALSE,,OverStock
54383,Roofing Sheet,Building Materials,45,20,$198.8,$19.9,$894,Jumia Supplies,7/7/2024,12/7/2024,Warehouse A,FALSE,,Other
36727,Window Glass,Hardware,139,100,$405.2,$40.5,"$5,632",Konga Wholesale,7/7/2024,23/7/2024,Warehouse B,FALSE,,Other
57195,Window Glass,Hardware,444,30,$128.0,$12.8,"$5,681",MegaBuild Ltd,6/7/2024,25/7/2024,Warehouse B,FALSE,,OverStock
50733,Toilet Seat,Hardware,287,50,$262.8,$26.3,"$7,544",FixRight Depot,6/7/2024,14/8/2024,Warehouse A,FALSE,,OverStock
91238,PVC Pipe,Plumbing,294,80,$254.1,$25.4,"$7,469",Jumia Supplies,6/7/2024,30/7/2024,Warehouse B,FALSE,,OverStock
82002,Ceiling Board,Interior,49,40,$8.2,$0.8,$40,Alpha Materials,6/7/2024,18/7/2024,Warehouse B,FALSE,,Other
70378,Door Frame,Hardware,87,30,$341.7,$34.2,"$2,973",FixRight Depot,6/7/2024,19/7/2024,Warehouse B,FALSE,,Other
97091,Toilet Seat,Hardware,155,80,$38.9,$3.9,$603,FixRight Depot,6/7/2024,16/7/2024,Warehouse C,FALSE,,Other
85653,Concrete Block,Building Materials,183,50,$355.1,$35.5,"$6,499",Alpha Materials,6/7/2024,17/7/2024,Warehouse C,FALSE,,OverStock
86436,Switch Box,Electrical,479,80,$139.6,$14.0,"$6,688",Konga Wholesale,5/7/2024,14/7/2024,Warehouse B,FALSE,,OverStock
95382,Paint Bucket,Interior,191,40,$12.1,$1.2,$231,FixRight Depot,5/7/2024,1/8/2024,Warehouse A,FALSE,,OverStock
44381,Electrical Cable,Electrical,479,40,$314.0,$31.4,"$15,040",FixRight Depot,5/7/2024,15/7/2024,Warehouse B,FALSE,,OverStock
98131,Door Frame,Hardware,253,100,$176.3,$17.6,"$4,461",FixRight Depot,5/7/2024,13/7/2024,Warehouse C,FALSE,,Other
31788,Roofing Sheet,Building Materials,225,40,$360.3,$36.0,"$8,106",Konga Wholesale,5/7/2024,12/7/2024,Warehouse A,FALSE,,OverStock
66437,Ceiling Board,Interior,143,50,$109.9,$11.0,"$1,571",FixRight Depot,5/7/2024,13/8/2024,Warehouse C,FALSE,,Other
10029,Floor Tiles,Interior,38,100,$445.4,$44.5,"$1,692",FixRight Depot,5/7/2024,14/7/2024,Warehouse C,TRUE,62,Other
84581,Floor Tiles,Interior,76,150,$255.0,$25.5,"$1,938",FixRight Depot,5/7/2024,10/8/2024,Warehouse B,TRUE,74,Other
40545,Electrical Cable,Electrical,417,150,$445.8,$44.6,"$18,588",Alpha Materials,5/7/2024,24/7/2024,Warehouse A,FALSE,,Other
49826,Bulb Pack,Electrical,149,150,$336.3,$33.6,"$5,010",Jumia Supplies,5/7/2024,13/7/2024,Warehouse C,TRUE,1,Other
58364,Water Heater,Plumbing,294,30,$496.1,$49.6,"$14,586",MegaBuild Ltd,4/7/2024,20/7/2024,Warehouse A,FALSE,,OverStock
90021,Paint Bucket,Interior,272,150,$112.8,$11.3,"$3,067",MegaBuild Ltd,4/7/2024,14/7/2024,Warehouse C,FALSE,,Other
46731,Water Heater,Plumbing,124,150,$417.5,$41.7,"$5,177",MegaBuild Ltd,4/7/2024,11/8/2024,Warehouse C,TRUE,26,Other
45999,Wallpaper Roll,Interior,25,150,$212.5,$21.2,$531,Jumia Supplies,4/7/2024,13/7/2024,Warehouse A,TRUE,125,Other
49593,Electrical Cable,Electrical,93,20,$425.1,$42.5,"$3,954",FixRight Depot,4/7/2024,16/7/2024,Warehouse B,FALSE,,OverStock
63616,Switch Box,Electrical,155,100,$390.7,$39.1,"$6,055",Jumia Supplies,4/7/2024,13/7/2024,Warehouse C,FALSE,,Other
68860,Concrete Block,Building Materials,171,100,$281.5,$28.1,"$4,813",Jumia Supplies,4/7/2024,5/8/2024,Warehouse C,FALSE,,Other
25852,Toilet Seat,Hardware,106,80,$264.0,$26.4,"$2,798",MegaBuild Ltd,4/7/2024,9/8/2024,Warehouse C,FALSE,,Other
69469,Bulb Pack,Electrical,234,30,$143.0,$14.3,"$3,345",Jumia Supplies,4/7/2024,21/7/2024,Warehouse B,FALSE,,OverStock
42740,Electrical Cable,Electrical,442,30,$127.6,$12.8,"$5,639",Konga Wholesale,4/7/2024,6/8/2024,Warehouse C,FALSE,,OverStock
89510,Switch Box,Electrical,261,40,$211.0,$21.1,"$5,507",Alpha Materials,4/7/2024,26/7/2024,Warehouse C,FALSE,,OverStock
24953,Floor Tiles,Interior,87,20,$180.0,$18.0,"$1,566",Alpha Materials,3/7/2024,7/8/2024,Warehouse B,FALSE,,OverStock
21885,PVC Pipe,Plumbing,289,80,$84.5,$8.4,"$2,441",Alpha Materials,3/7/2024,14/7/2024,Warehouse C,FALSE,,OverStock
45330,PVC Pipe,Plumbing,289,20,$153.7,$15.4,"$4,442",Jumia Supplies,3/7/2024,21/7/2024,Warehouse A,FALSE,,OverStock
27830,Toilet Seat,Hardware,16,30,$425.6,$42.6,$681,MegaBuild Ltd,3/7/2024,14/7/2024,Warehouse C,TRUE,14,Other
93807,Bulb Pack,Electrical,399,50,$95.0,$9.5,"$3,792",Konga Wholesale,2/7/2024,31/7/2024,Warehouse C,FALSE,,OverStock
46713,Window Glass,Hardware,10,100,$445.1,$44.5,$445,FixRight Depot,2/7/2024,16/7/2024,Warehouse B,TRUE,90,Other
37657,Paint Bucket,Interior,481,40,$475.9,$47.6,"$22,893",FixRight Depot,2/7/2024,20/7/2024,Warehouse C,FALSE,,OverStock
76267,Switch Box,Electrical,377,150,$103.1,$10.3,"$3,886",FixRight Depot,2/7/2024,12/7/2024,Warehouse B,FALSE,,Other
94766,Ceiling Board,Interior,249,100,$346.5,$34.6,"$8,628",Konga Wholesale,2/7/2024,10/7/2024,Warehouse B,FALSE,,Other
92593,Kitchen Sink,Plumbing,18,20,$58.1,$5.8,$105,Konga Wholesale,2/7/2024,27/7/2024,Warehouse A,TRUE,2,Other
51232,Kitchen Sink,Plumbing,186,30,$172.6,$17.3,"$3,210",FixRight Depot,2/7/2024,21/7/2024,Warehouse C,FALSE,,OverStock
63812,Toilet Seat,Hardware,149,80,$317.8,$31.8,"$4,735",MegaBuild Ltd,2/7/2024,4/8/2024,Warehouse B,FALSE,,Other
57631,Kitchen Sink,Plumbing,66,20,$279.9,$28.0,"$1,847",FixRight Depot,2/7/2024,22/7/2024,Warehouse B,FALSE,,OverStock
51129,Cement Bag,Building Materials,138,80,$422.1,$42.2,"$5,824",MegaBuild Ltd,2/7/2024,18/7/2024,Warehouse C,FALSE,,Other
88187,Kitchen Sink,Plumbing,292,40,$173.2,$17.3,"$5,059",Jumia Supplies,1/7/2024,28/7/2024,Warehouse A,FALSE,,OverStock
32207,Cement Bag,Building Materials,343,80,$175.9,$17.6,"$6,033",Konga Wholesale,1/7/2024,18/7/2024,Warehouse B,FALSE,,OverStock
66240,Roofing Sheet,Building Materials,216,50,$449.0,$44.9,"$9,699",Konga Wholesale,1/7/2024,19/7/2024,Warehouse B,FALSE,,OverStock
31395,Roofing Sheet,Building Materials,321,40,$111.2,$11.1,"$3,570",Konga Wholesale,1/7/2024,6/8/2024,Warehouse B,FALSE,,OverStock
85801,Concrete Block,Building Materials,347,30,$498.5,$49.9,"$17,299",FixRight Depot,1/7/2024,22/7/2024,Warehouse A,FALSE,,OverStock
78617,Switch Box,Electrical,441,150,$313.1,$31.3,"$13,809",MegaBuild Ltd,1/7/2024,17/7/2024,Warehouse B,FALSE,,Other
39681,Cement Bag,Building Materials,285,80,$48.6,$4.9,"$1,386",FixRight Depot,1/7/2024,12/7/2024,Warehouse B,FALSE,,OverStock
12809,Window Glass,Hardware,464,150,$387.7,$38.8,"$17,991",MegaBuild Ltd,30/6/2024,3/8/2024,Warehouse B,FALSE,,OverStock
61444,Cement Bag,Building Materials,214,80,$451.2,$45.1,"$9,657",Alpha Materials,30/6/2024,18/7/2024,Warehouse C,FALSE,,Other
14606,Cement Bag,Building Materials,335,150,$345.5,$34.6,"$11,576",Alpha Materials,30/6/2024,18/7/2024,Warehouse A,FALSE,,Other
23189,Roofing Sheet,Building Materials,23,150,$384.6,$38.5,$885,Jumia Supplies,30/6/2024,18/7/2024,Warehouse B,TRUE,127,Other
11238,Door Frame,Hardware,157,20,$299.9,$30.0,"$4,709",FixRight Depot,30/6/2024,8/7/2024,Warehouse A,FALSE,,OverStock
69821,Concrete Block,Building Materials,290,40,$111.8,$11.2,"$3,241",Jumia Supplies,30/6/2024,22/7/2024,Warehouse A,FALSE,,OverStock
59831,Kitchen Sink,Plumbing,360,150,$400.4,$40.0,"$14,413",Alpha Materials,30/6/2024,5/8/2024,Warehouse C,FALSE,,Other
41426,Door Frame,Hardware,441,100,$196.1,$19.6,"$8,648",MegaBuild Ltd,30/6/2024,17/7/2024,Warehouse B,FALSE,,OverStock
31946,Electrical Cable,Electrical,408,30,$279.9,$28.0,"$11,418",Alpha Materials,29/6/2024,20/7/2024,Warehouse C,FALSE,,OverStock
42259,Concrete Block,Building Materials,175,20,$284.9,$28.5,"$4,986",Alpha Materials,29/6/2024,6/7/2024,Warehouse A,FALSE,,OverStock
35406,Window Glass,Hardware,59,30,$86.0,$8.6,$508,Jumia Supplies,29/6/2024,19/7/2024,Warehouse A,FALSE,,Other
37664,Concrete Block,Building Materials,286,30,$342.2,$34.2,"$9,786",Alpha Materials,29/6/2024,30/7/2024,Warehouse A,FALSE,,OverStock
53406,Bulb Pack,Electrical,276,80,$358.8,$35.9,"$9,903",Konga Wholesale,29/6/2024,24/7/2024,Warehouse B,FALSE,,OverStock
75417,Water Heater,Plumbing,245,80,$443.9,$44.4,"$10,876",MegaBuild Ltd,28/6/2024,2/8/2024,Warehouse C,FALSE,,OverStock
66151,Kitchen Sink,Plumbing,250,150,$296.7,$29.7,"$7,418",Alpha Materials,28/6/2024,17/7/2024,Warehouse C,FALSE,,Other
52875,Door Frame,Hardware,484,40,$457.0,$45.7,"$22,121",FixRight Depot,28/6/2024,25/7/2024,Warehouse B,FALSE,,OverStock
26292,Ceiling Board,Interior,340,80,$489.0,$48.9,"$16,625",MegaBuild Ltd,28/6/2024,3/8/2024,Warehouse C,FALSE,,OverStock
15054,PVC Pipe,Plumbing,475,40,$34.7,$3.5,"$1,646",Alpha Materials,28/6/2024,20/7/2024,Warehouse A,FALSE,,OverStock
17691,Concrete Block,Building Materials,324,40,$264.1,$26.4,"$8,556",Konga Wholesale,28/6/2024,4/7/2024,Warehouse C,FALSE,,OverStock
28230,Shower Set,Hardware,37,50,$395.5,$39.5,"$1,463",FixRight Depot,27/6/2024,5/7/2024,Warehouse B,TRUE,13,Other
53290,Paint Bucket,Interior,15,50,$401.4,$40.1,$602,Konga Wholesale,27/6/2024,2/7/2024,Warehouse B,TRUE,35,Other
20040,Water Heater,Plumbing,139,30,$231.7,$23.2,"$3,221",MegaBuild Ltd,27/6/2024,14/7/2024,Warehouse C,FALSE,,OverStock
53809,Water Heater,Plumbing,34,100,$284.5,$28.4,$967,Jumia Supplies,27/6/2024,27/7/2024,Warehouse C,TRUE,66,Other
19585,Roofing Sheet,Building Materials,367,40,$338.5,$33.8,"$12,423",Alpha Materials,27/6/2024,31/7/2024,Warehouse C,FALSE,,OverStock
12103,Switch Box,Electrical,4,50,$24.3,$2.4,$10,Konga Wholesale,26/6/2024,6/7/2024,Warehouse C,TRUE,46,Other
21695,Roofing Sheet,Building Materials,330,30,$276.7,$27.7,"$9,131",Alpha Materials,26/6/2024,17/7/2024,Warehouse C,FALSE,,OverStock
24650,Bulb Pack,Electrical,481,150,$453.5,$45.4,"$21,815",Konga Wholesale,26/6/2024,23/7/2024,Warehouse C,FALSE,,OverStock
59431,Kitchen Sink,Plumbing,452,40,$459.5,$46.0,"$20,771",Jumia Supplies,26/6/2024,4/8/2024,Warehouse B,FALSE,,OverStock
52103,Toilet Seat,Hardware,396,80,$40.2,$4.0,"$1,593",Jumia Supplies,26/6/2024,27/7/2024,Warehouse A,FALSE,,OverStock
31818,Floor Tiles,Interior,421,100,$285.9,$28.6,"$12,038",FixRight Depot,26/6/2024,1/8/2024,Warehouse B,FALSE,,OverStock
31788,Concrete Block,Building Materials,465,20,$467.2,$46.7,"$21,723",Konga Wholesale,26/6/2024,9/7/2024,Warehouse B,FALSE,,OverStock
38230,Water Heater,Plumbing,467,20,$106.2,$10.6,"$4,960",Konga Wholesale,25/6/2024,11/7/2024,Warehouse C,FALSE,,OverStock
28205,Toilet Seat,Hardware,83,100,$272.7,$27.3,"$2,263",Konga Wholesale,25/6/2024,1/8/2024,Warehouse C,TRUE,17,Other
89232,Kitchen Sink,Plumbing,47,100,$458.2,$45.8,"$2,153",MegaBuild Ltd,25/6/2024,14/7/2024,Warehouse B,TRUE,53,Other
11316,Water Heater,Plumbing,186,150,$473.7,$47.4,"$8,811",FixRight Depot,25/6/2024,4/7/2024,Warehouse C,FALSE,,Other
92164,Paint Bucket,Interior,346,30,$55.6,$5.6,"$1,923",Alpha Materials,25/6/2024,31/7/2024,Warehouse B,FALSE,,OverStock
19934,Concrete Block,Building Materials,488,20,$27.4,$2.7,"$1,335",Alpha Materials,25/6/2024,31/7/2024,Warehouse A,FALSE,,OverStock
80288,Wallpaper Roll,Interior,242,80,$245.7,$24.6,"$5,947",Konga Wholesale,25/6/2024,1/7/2024,Warehouse B,FALSE,,OverStock
52462,Switch Box,Electrical,323,20,$155.1,$15.5,"$5,011",FixRight Depot,24/6/2024,2/8/2024,Warehouse A,FALSE,,OverStock
26571,Water Heater,Plumbing,337,50,$12.2,$1.2,$411,Alpha Materials,24/6/2024,6/7/2024,Warehouse A,FALSE,,OverStock
84176,Paint Bucket,Interior,224,100,$492.6,$49.3,"$11,033",MegaBuild Ltd,24/6/2024,12/7/2024,Warehouse C,FALSE,,Other
97977,Kitchen Sink,Plumbing,2,50,$464.3,$46.4,$93,Konga Wholesale,24/6/2024,1/7/2024,Warehouse B,TRUE,48,Other
90642,Switch Box,Electrical,417,20,$469.7,$47.0,"$19,585",Jumia Supplies,24/6/2024,16/7/2024,Warehouse B,FALSE,,OverStock
27633,Paint Bucket,Interior,480,150,$295.4,$29.5,"$14,178",Jumia Supplies,23/6/2024,1/8/2024,Warehouse C,FALSE,,OverStock
45699,Cement Bag,Building Materials,278,30,$313.3,$31.3,"$8,709",Jumia Supplies,23/6/2024,2/7/2024,Warehouse B,FALSE,,OverStock
52674,Switch Box,Electrical,391,150,$101.1,$10.1,"$3,953",Alpha Materials,23/6/2024,1/7/2024,Warehouse C,FALSE,,Other
35457,Window Glass,Hardware,55,150,$44.2,$4.4,$243,FixRight Depot,23/6/2024,24/7/2024,Warehouse B,TRUE,95,Other
84237,Roofing Sheet,Building Materials,18,30,$220.8,$22.1,$398,Konga Wholesale,23/6/2024,16/7/2024,Warehouse B,TRUE,12,Other
77155,Cement Bag,Building Materials,99,100,$33.4,$3.3,$330,Jumia Supplies,22/6/2024,27/7/2024,Warehouse A,TRUE,1,Other
19236,Roofing Sheet,Building Materials,202,20,$336.3,$33.6,"$6,794",MegaBuild Ltd,22/6/2024,5/7/2024,Warehouse B,FALSE,,OverStock
84693,Cement Bag,Building Materials,365,30,$260.6,$26.1,"$9,512",FixRight Depot,22/6/2024,3/7/2024,Warehouse A,FALSE,,OverStock
23654,Cement Bag,Building Materials,493,150,$337.6,$33.8,"$16,645",Alpha Materials,22/6/2024,22/7/2024,Warehouse A,FALSE,,OverStock
79086,Kitchen Sink,Plumbing,74,100,$308.0,$30.8,"$2,279",FixRight Depot,22/6/2024,30/6/2024,Warehouse C,TRUE,26,Other
30559,Window Glass,Hardware,57,50,$489.1,$48.9,"$2,788",Alpha Materials,21/6/2024,16/7/2024,Warehouse C,FALSE,,Other
47019,Bulb Pack,Electrical,450,100,$116.4,$11.6,"$5,238",Alpha Materials,21/6/2024,27/7/2024,Warehouse B,FALSE,,OverStock
73723,Paint Bucket,Interior,149,50,$339.4,$33.9,"$5,056",Alpha Materials,21/6/2024,3/7/2024,Warehouse B,FALSE,,Other
15206,PVC Pipe,Plumbing,288,50,$116.1,$11.6,"$3,343",MegaBuild Ltd,21/6/2024,21/7/2024,Warehouse B,FALSE,,OverStock
69004,Paint Bucket,Interior,41,50,$250.6,$25.1,"$1,027",MegaBuild Ltd,21/6/2024,6/7/2024,Warehouse C,TRUE,9,Other
19605,Concrete Block,Building Materials,476,100,$68.9,$6.9,"$3,280",Jumia Supplies,21/6/2024,27/7/2024,Warehouse A,FALSE,,OverStock
35090,Wallpaper Roll,Interior,348,20,$191.3,$19.1,"$6,657",MegaBuild Ltd,21/6/2024,26/6/2024,Warehouse A,FALSE,,OverStock
25921,Toilet Seat,Hardware,76,80,$186.8,$18.7,"$1,420",Jumia Supplies,21/6/2024,13/7/2024,Warehouse A,TRUE,4,Other
47488,PVC Pipe,Plumbing,298,80,$473.4,$47.3,"$14,107",MegaBuild Ltd,21/6/2024,12/7/2024,Warehouse A,FALSE,,OverStock
23348,Cement Bag,Building Materials,496,80,$202.6,$20.3,"$10,050",Jumia Supplies,21/6/2024,4/7/2024,Warehouse B,FALSE,,OverStock
74946,Water Heater,Plumbing,499,100,$464.5,$46.5,"$23,180",Jumia Supplies,20/6/2024,26/7/2024,Warehouse A,FALSE,,OverStock
28690,Shower Set,Hardware,257,50,$16.9,$1.7,$435,Konga Wholesale,20/6/2024,12/7/2024,Warehouse B,FALSE,,OverStock
62248,Ceiling Board,Interior,97,80,$38.7,$3.9,$375,Jumia Supplies,20/6/2024,30/6/2024,Warehouse A,FALSE,,Other
10074,Toilet Seat,Hardware,81,30,$77.3,$7.7,$626,Konga Wholesale,20/6/2024,10/7/2024,Warehouse C,FALSE,,Other
26689,Concrete Block,Building Materials,211,50,$467.0,$46.7,"$9,853",FixRight Depot,20/6/2024,16/7/2024,Warehouse B,FALSE,,OverStock
20556,Kitchen Sink,Plumbing,488,100,$113.8,$11.4,"$5,553",FixRight Depot,20/6/2024,9/7/2024,Warehouse A,FALSE,,OverStock
68559,Paint Bucket,Interior,102,40,$176.0,$17.6,"$1,795",MegaBuild Ltd,20/6/2024,21/7/2024,Warehouse C,FALSE,,Other
49915,PVC Pipe,Plumbing,480,150,$364.4,$36.4,"$17,492",FixRight Depot,19/6/2024,5/7/2024,Warehouse A,FALSE,,OverStock
62664,Floor Tiles,Interior,274,100,$50.8,$5.1,"$1,392",FixRight Depot,19/6/2024,6/7/2024,Warehouse C,FALSE,,Other
60304,Electrical Cable,Electrical,136,40,$33.9,$3.4,$460,Jumia Supplies,19/6/2024,20/7/2024,Warehouse A,FALSE,,OverStock
50129,Concrete Block,Building Materials,488,40,$170.9,$17.1,"$8,342",Konga Wholesale,19/6/2024,25/6/2024,Warehouse A,FALSE,,OverStock
75382,Ceiling Board,Interior,278,100,$409.2,$40.9,"$11,376",Jumia Supplies,19/6/2024,1/7/2024,Warehouse C,FALSE,,Other
42977,Kitchen Sink,Plumbing,72,40,$465.6,$46.6,"$3,353",Jumia Supplies,19/6/2024,5/7/2024,Warehouse B,FALSE,,Other
74198,Cement Bag,Building Materials,434,100,$412.8,$41.3,"$17,915",FixRight Depot,19/6/2024,20/7/2024,Warehouse C,FALSE,,OverStock
86105,PVC Pipe,Plumbing,40,20,$420.9,$42.1,"$1,683",Konga Wholesale,19/6/2024,12/7/2024,Warehouse A,FALSE,,Other
98858,Window Glass,Hardware,6,100,$352.0,$35.2,$211,MegaBuild Ltd,18/6/2024,1/7/2024,Warehouse B,TRUE,94,Other
40116,Concrete Block,Building Materials,459,40,$289.8,$29.0,"$13,302",Alpha Materials,18/6/2024,22/7/2024,Warehouse A,FALSE,,OverStock
82267,Roofing Sheet,Building Materials,428,30,$372.5,$37.2,"$15,942",FixRight Depot,18/6/2024,8/7/2024,Warehouse A,FALSE,,OverStock
87990,Bulb Pack,Electrical,26,100,$265.0,$26.5,$689,FixRight Depot,18/6/2024,21/7/2024,Warehouse A,TRUE,74,Other
82126,Electrical Cable,Electrical,170,80,$441.3,$44.1,"$7,503",MegaBuild Ltd,18/6/2024,23/7/2024,Warehouse B,FALSE,,Other
98636,Toilet Seat,Hardware,446,20,$92.7,$9.3,"$4,132",Konga Wholesale,18/6/2024,18/7/2024,Warehouse C,FALSE,,OverStock
63450,Window Glass,Hardware,178,100,$395.6,$39.6,"$7,042",MegaBuild Ltd,18/6/2024,26/6/2024,Warehouse C,FALSE,,Other
36564,Shower Set,Hardware,120,50,$438.8,$43.9,"$5,265",Jumia Supplies,18/6/2024,5/7/2024,Warehouse B,FALSE,,Other
24975,Bulb Pack,Electrical,409,40,$486.6,$48.7,"$19,902",MegaBuild Ltd,18/6/2024,20/7/2024,Warehouse B,FALSE,,OverStock
55232,Door Frame,Hardware,353,50,$362.8,$36.3,"$12,806",Jumia Supplies,17/6/2024,13/7/2024,Warehouse B,FALSE,,OverStock
44148,Door Frame,Hardware,350,100,$275.6,$27.6,"$9,647",Jumia Supplies,17/6/2024,27/6/2024,Warehouse B,FALSE,,OverStock
65916,Paint Bucket,Interior,42,30,$92.5,$9.2,$388,Jumia Supplies,17/6/2024,11/7/2024,Warehouse A,FALSE,,Other
72257,PVC Pipe,Plumbing,104,100,$378.8,$37.9,"$3,939",Alpha Materials,17/6/2024,22/6/2024,Warehouse A,FALSE,,Other
53030,Water Heater,Plumbing,320,50,$472.4,$47.2,"$15,116",FixRight Depot,17/6/2024,2/7/2024,Warehouse C,FALSE,,OverStock
74557,Paint Bucket,Interior,30,20,$260.9,$26.1,$783,Jumia Supplies,17/6/2024,8/7/2024,Warehouse A,FALSE,,Other
72848,Water Heater,Plumbing,11,80,$399.5,$40.0,$439,Konga Wholesale,17/6/2024,11/7/2024,Warehouse C,TRUE,69,Other
99779,Switch Box,Electrical,23,40,$252.0,$25.2,$580,Alpha Materials,17/6/2024,17/7/2024,Warehouse C,TRUE,17,Other
79963,Kitchen Sink,Plumbing,122,100,$382.2,$38.2,"$4,662",Alpha Materials,17/6/2024,14/7/2024,Warehouse A,FALSE,,Other
49961,Wallpaper Roll,Interior,269,40,$473.6,$47.4,"$12,740",Jumia Supplies,16/6/2024,18/7/2024,Warehouse C,FALSE,,OverStock
28624,Wallpaper Roll,Interior,314,80,$409.5,$40.9,"$12,858",Alpha Materials,16/6/2024,9/7/2024,Warehouse C,FALSE,,OverStock
55349,Cement Bag,Building Materials,409,40,$74.3,$7.4,"$3,038",Alpha Materials,16/6/2024,6/7/2024,Warehouse B,FALSE,,OverStock
33447,Floor Tiles,Interior,264,40,$290.9,$29.1,"$7,681",Alpha Materials,16/6/2024,19/7/2024,Warehouse A,FALSE,,OverStock
20223,Kitchen Sink,Plumbing,377,40,$315.2,$31.5,"$11,883",MegaBuild Ltd,16/6/2024,22/6/2024,Warehouse A,FALSE,,OverStock
92427,PVC Pipe,Plumbing,54,50,$57.9,$5.8,$313,Jumia Supplies,16/6/2024,15/7/2024,Warehouse C,FALSE,,Other
30096,Shower Set,Hardware,328,80,$191.5,$19.2,"$6,283",Alpha Materials,16/6/2024,1/7/2024,Warehouse B,FALSE,,OverStock
40036,Cement Bag,Building Materials,310,80,$266.8,$26.7,"$8,271",Jumia Supplies,16/6/2024,28/6/2024,Warehouse A,FALSE,,OverStock
17661,Door Frame,Hardware,118,50,$292.7,$29.3,"$3,453",FixRight Depot,16/6/2024,18/7/2024,Warehouse C,FALSE,,Other
98503,Bulb Pack,Electrical,312,100,$354.3,$35.4,"$11,053",FixRight Depot,15/6/2024,23/7/2024,Warehouse A,FALSE,,OverStock
39777,Water Heater,Plumbing,415,40,$354.9,$35.5,"$14,730",FixRight Depot,15/6/2024,18/7/2024,Warehouse B,FALSE,,OverStock
18837,Concrete Block,Building Materials,145,50,$69.6,$7.0,"$1,009",Konga Wholesale,15/6/2024,28/6/2024,Warehouse B,FALSE,,Other
87694,Water Heater,Plumbing,3,150,$389.5,$39.0,$117,MegaBuild Ltd,14/6/2024,12/7/2024,Warehouse C,TRUE,147,Other
33474,Bulb Pack,Electrical,481,50,$402.2,$40.2,"$19,345",MegaBuild Ltd,14/6/2024,2/7/2024,Warehouse A,FALSE,,OverStock
74817,Concrete Block,Building Materials,478,50,$304.9,$30.5,"$14,575",Jumia Supplies,14/6/2024,7/7/2024,Warehouse A,FALSE,,OverStock
56978,Ceiling Board,Interior,431,50,$209.7,$21.0,"$9,037",Alpha Materials,14/6/2024,19/6/2024,Warehouse B,FALSE,,OverStock
86394,Bulb Pack,Electrical,110,30,$114.6,$11.5,"$1,261",Konga Wholesale,14/6/2024,23/7/2024,Warehouse C,FALSE,,OverStock
17837,Water Heater,Plumbing,15,150,$116.3,$11.6,$174,Alpha Materials,14/6/2024,12/7/2024,Warehouse A,TRUE,135,Other
62716,Concrete Block,Building Materials,307,100,$83.0,$8.3,"$2,549",Jumia Supplies,14/6/2024,8/7/2024,Warehouse B,FALSE,,OverStock
19223,Roofing Sheet,Building Materials,264,50,$235.3,$23.5,"$6,211",MegaBuild Ltd,14/6/2024,16/7/2024,Warehouse A,FALSE,,OverStock
65803,PVC Pipe,Plumbing,187,150,$95.7,$9.6,"$1,790",MegaBuild Ltd,14/6/2024,13/7/2024,Warehouse B,FALSE,,Other
11027,Floor Tiles,Interior,47,100,$484.6,$48.5,"$2,278",FixRight Depot,14/6/2024,22/6/2024,Warehouse C,TRUE,53,Other
32791,Shower Set,Hardware,25,80,$247.3,$24.7,$618,Jumia Supplies,14/6/2024,24/6/2024,Warehouse B,TRUE,55,Other
10797,Switch Box,Electrical,113,50,$147.6,$14.8,"$1,668",MegaBuild Ltd,14/6/2024,8/7/2024,Warehouse C,FALSE,,Other
29282,Window Glass,Hardware,315,100,$413.4,$41.3,"$13,023",Konga Wholesale,13/6/2024,22/6/2024,Warehouse B,FALSE,,OverStock
92970,Paint Bucket,Interior,309,30,$40.8,$4.1,"$1,262",MegaBuild Ltd,13/6/2024,10/7/2024,Warehouse B,FALSE,,OverStock
99521,Water Heater,Plumbing,239,100,$464.9,$46.5,"$11,110",Jumia Supplies,13/6/2024,2/7/2024,Warehouse B,FALSE,,Other
14090,Roofing Sheet,Building Materials,223,150,$377.7,$37.8,"$8,423",Konga Wholesale,13/6/2024,6/7/2024,Warehouse A,FALSE,,Other
89789,Wallpaper Roll,Interior,212,100,$211.3,$21.1,"$4,479",Jumia Supplies,13/6/2024,3/7/2024,Warehouse A,FALSE,,Other
42261,Toilet Seat,Hardware,22,30,$428.5,$42.9,$943,Jumia Supplies,13/6/2024,9/7/2024,Warehouse B,TRUE,8,Other
26585,Water Heater,Plumbing,102,50,$342.9,$34.3,"$3,498",MegaBuild Ltd,13/6/2024,7/7/2024,Warehouse A,FALSE,,Other
27301,Kitchen Sink,Plumbing,129,80,$314.2,$31.4,"$4,053",FixRight Depot,13/6/2024,24/6/2024,Warehouse B,FALSE,,Other
13877,PVC Pipe,Plumbing,59,30,$220.7,$22.1,"$1,302",Jumia Supplies,13/6/2024,8/7/2024,Warehouse A,FALSE,,Other
72309,Kitchen Sink,Plumbing,325,30,$328.8,$32.9,"$10,687",Jumia Supplies,13/6/2024,2/7/2024,Warehouse A,FALSE,,OverStock
85774,Toilet Seat,Hardware,283,80,$240.4,$24.0,"$6,803",Konga Wholesale,12/6/2024,5/7/2024,Warehouse A,FALSE,,OverStock
68215,Window Glass,Hardware,2,40,$119.3,$11.9,$24,Jumia Supplies,12/6/2024,17/6/2024,Warehouse C,TRUE,38,Other
26246,Paint Bucket,Interior,379,40,$191.0,$19.1,"$7,237",Alpha Materials,12/6/2024,15/7/2024,Warehouse A,FALSE,,OverStock
10360,Paint Bucket,Interior,358,40,$100.0,$10.0,"$3,581",Jumia Supplies,12/6/2024,29/6/2024,Warehouse C,FALSE,,OverStock
36469,Cement Bag,Building Materials,49,50,$233.6,$23.4,"$1,145",FixRight Depot,12/6/2024,17/7/2024,Warehouse C,TRUE,1,Other
52559,Paint Bucket,Interior,85,150,$234.3,$23.4,"$1,992",Jumia Supplies,12/6/2024,10/7/2024,Warehouse B,TRUE,65,Other
54550,Paint Bucket,Interior,342,100,$206.3,$20.6,"$7,054",MegaBuild Ltd,12/6/2024,11/7/2024,Warehouse A,FALSE,,OverStock
23760,Roofing Sheet,Building Materials,344,20,$202.5,$20.3,"$6,967",FixRight Depot,11/6/2024,20/6/2024,Warehouse A,FALSE,,OverStock
83997,Paint Bucket,Interior,413,100,$134.5,$13.5,"$5,557",MegaBuild Ltd,11/6/2024,13/7/2024,Warehouse B,FALSE,,OverStock
23269,Shower Set,Hardware,268,20,$141.5,$14.2,"$3,792",MegaBuild Ltd,11/6/2024,21/6/2024,Warehouse A,FALSE,,OverStock
27157,Electrical Cable,Electrical,276,150,$136.1,$13.6,"$3,756",Alpha Materials,11/6/2024,30/6/2024,Warehouse A,FALSE,,Other
90781,Electrical Cable,Electrical,12,80,$196.3,$19.6,$236,Jumia Supplies,11/6/2024,4/7/2024,Warehouse C,TRUE,68,Other
33386,Paint Bucket,Interior,440,20,$234.8,$23.5,"$10,329",Konga Wholesale,11/6/2024,25/6/2024,Warehouse A,FALSE,,OverStock
36691,Floor Tiles,Interior,251,80,$30.9,$3.1,$775,Konga Wholesale,11/6/2024,23/6/2024,Warehouse C,FALSE,,OverStock
37802,Concrete Block,Building Materials,382,30,$287.1,$28.7,"$10,966",MegaBuild Ltd,11/6/2024,22/6/2024,Warehouse A,FALSE,,OverStock
42049,Kitchen Sink,Plumbing,71,150,$337.4,$33.7,"$2,396",FixRight Depot,10/6/2024,17/6/2024,Warehouse A,TRUE,79,Other
21190,Ceiling Board,Interior,66,100,$135.0,$13.5,$891,Jumia Supplies,10/6/2024,11/7/2024,Warehouse A,TRUE,34,Other
13447,Toilet Seat,Hardware,152,100,$238.6,$23.9,"$3,627",Konga Wholesale,10/6/2024,6/7/2024,Warehouse C,FALSE,,Other
41300,Window Glass,Hardware,63,30,$289.1,$28.9,"$1,821",Jumia Supplies,10/6/2024,16/6/2024,Warehouse B,FALSE,,Other
99037,Water Heater,Plumbing,135,30,$193.4,$19.3,"$2,611",Konga Wholesale,10/6/2024,3/7/2024,Warehouse A,FALSE,,OverStock
27428,Floor Tiles,Interior,124,150,$252.3,$25.2,"$3,129",FixRight Depot,10/6/2024,16/7/2024,Warehouse B,TRUE,26,Other
87737,Paint Bucket,Interior,464,30,$411.7,$41.2,"$19,104",Jumia Supplies,10/6/2024,11/7/2024,Warehouse C,FALSE,,OverStock
46716,PVC Pipe,Plumbing,362,20,$432.3,$43.2,"$15,647",Konga Wholesale,10/6/2024,27/6/2024,Warehouse A,FALSE,,OverStock
69383,Switch Box,Electrical,355,80,$268.6,$26.9,"$9,536",MegaBuild Ltd,9/6/2024,19/6/2024,Warehouse A,FALSE,,OverStock
35611,Bulb Pack,Electrical,484,80,$48.8,$4.9,"$2,364",MegaBuild Ltd,9/6/2024,27/6/2024,Warehouse A,FALSE,,OverStock
82460,Paint Bucket,Interior,497,100,$162.5,$16.2,"$8,075",Jumia Supplies,9/6/2024,8/7/2024,Warehouse A,FALSE,,OverStock
56733,Wallpaper Roll,Interior,464,100,$27.8,$2.8,"$1,291",Konga Wholesale,9/6/2024,8/7/2024,Warehouse A,FALSE,,OverStock
85386,Window Glass,Hardware,161,40,$313.1,$31.3,"$5,041",FixRight Depot,9/6/2024,14/7/2024,Warehouse B,FALSE,,OverStock
92999,Shower Set,Hardware,88,30,$283.2,$28.3,"$2,493",FixRight Depot,9/6/2024,27/6/2024,Warehouse A,FALSE,,Other
28452,Ceiling Board,Interior,190,20,$30.7,$3.1,$583,FixRight Depot,9/6/2024,6/7/2024,Warehouse A,FALSE,,OverStock
60022,Cement Bag,Building Materials,47,150,$159.1,$15.9,$748,MegaBuild Ltd,9/6/2024,16/7/2024,Warehouse C,TRUE,103,Other
37799,Cement Bag,Building Materials,449,100,$242.3,$24.2,"$10,881",Konga Wholesale,9/6/2024,15/7/2024,Warehouse C,FALSE,,OverStock
28079,Door Frame,Hardware,23,80,$423.7,$42.4,$975,Konga Wholesale,9/6/2024,16/7/2024,Warehouse A,TRUE,57,Other
54191,Concrete Block,Building Materials,361,40,$107.5,$10.8,"$3,881",Jumia Supplies,9/6/2024,21/6/2024,Warehouse B,FALSE,,OverStock
59421,Electrical Cable,Electrical,427,20,$209.1,$20.9,"$8,929",Alpha Materials,9/6/2024,16/6/2024,Warehouse C,FALSE,,OverStock
34601,Door Frame,Hardware,170,50,$338.1,$33.8,"$5,748",Konga Wholesale,9/6/2024,10/7/2024,Warehouse A,FALSE,,OverStock
75841,Window Glass,Hardware,193,100,$148.2,$14.8,"$2,860",Jumia Supplies,9/6/2024,28/6/2024,Warehouse B,FALSE,,Other
23796,Shower Set,Hardware,151,50,$366.0,$36.6,"$5,526",Konga Wholesale,9/6/2024,15/6/2024,Warehouse C,FALSE,,OverStock
85450,Shower Set,Hardware,170,80,$118.3,$11.8,"$2,010",Konga Wholesale,8/6/2024,19/6/2024,Warehouse B,FALSE,,Other
67993,Door Frame,Hardware,149,80,$322.8,$32.3,"$4,809",Jumia Supplies,8/6/2024,23/6/2024,Warehouse B,FALSE,,Other
87866,Paint Bucket,Interior,476,50,$426.5,$42.6,"$20,300",MegaBuild Ltd,8/6/2024,11/7/2024,Warehouse C,FALSE,,OverStock
98839,Ceiling Board,Interior,134,50,$424.3,$42.4,"$5,686",Jumia Supplies,8/6/2024,23/6/2024,Warehouse C,FALSE,,Other
53884,Switch Box,Electrical,468,40,$402.0,$40.2,"$18,812",Konga Wholesale,8/6/2024,14/6/2024,Warehouse C,FALSE,,OverStock
21027,Roofing Sheet,Building Materials,220,80,$276.5,$27.7,"$6,084",MegaBuild Ltd,8/6/2024,20/6/2024,Warehouse C,FALSE,,Other
70464,Water Heater,Plumbing,107,40,$99.5,$10.0,"$1,065",Alpha Materials,8/6/2024,21/6/2024,Warehouse C,FALSE,,Other
71720,Kitchen Sink,Plumbing,192,150,$68.5,$6.9,"$1,316",Konga Wholesale,7/6/2024,9/7/2024,Warehouse B,FALSE,,Other
84062,Ceiling Board,Interior,489,40,$160.8,$16.1,"$7,864",MegaBuild Ltd,7/6/2024,22/6/2024,Warehouse C,FALSE,,OverStock
75430,Water Heater,Plumbing,145,30,$442.2,$44.2,"$6,411",MegaBuild Ltd,7/6/2024,1/7/2024,Warehouse A,FALSE,,OverStock
24226,Wallpaper Roll,Interior,375,100,$245.9,$24.6,"$9,220",FixRight Depot,6/6/2024,28/6/2024,Warehouse C,FALSE,,OverStock
66481,Roofing Sheet,Building Materials,108,150,$65.6,$6.6,$708,FixRight Depot,6/6/2024,23/6/2024,Warehouse B,TRUE,42,Other
82089,Wallpaper Roll,Interior,92,50,$20.3,$2.0,$187,Konga Wholesale,6/6/2024,9/7/2024,Warehouse B,FALSE,,Other
27408,Cement Bag,Building Materials,208,150,$167.6,$16.8,"$3,486",Jumia Supplies,6/6/2024,1/7/2024,Warehouse C,FALSE,,Other
96217,Wallpaper Roll,Interior,191,30,$391.2,$39.1,"$7,472",MegaBuild Ltd,6/6/2024,15/7/2024,Warehouse A,FALSE,,OverStock
71457,Electrical Cable,Electrical,324,80,$340.2,$34.0,"$11,022",Alpha Materials,6/6/2024,26/6/2024,Warehouse C,FALSE,,OverStock
82575,Bulb Pack,Electrical,110,80,$393.6,$39.4,"$4,329",Alpha Materials,6/6/2024,4/7/2024,Warehouse C,FALSE,,Other
32098,Bulb Pack,Electrical,265,20,$291.1,$29.1,"$7,713",FixRight Depot,6/6/2024,17/6/2024,Warehouse B,FALSE,,OverStock
29564,Kitchen Sink,Plumbing,122,20,$165.0,$16.5,"$2,013",Konga Wholesale,6/6/2024,6/7/2024,Warehouse B,FALSE,,OverStock
54028,Door Frame,Hardware,499,100,$447.5,$44.7,"$22,329",Alpha Materials,5/6/2024,12/7/2024,Warehouse C,FALSE,,OverStock
74772,Ceiling Board,Interior,215,50,$201.7,$20.2,"$4,336",Alpha Materials,5/6/2024,17/6/2024,Warehouse C,FALSE,,OverStock
33889,Window Glass,Hardware,16,20,$445.7,$44.6,$713,Konga Wholesale,5/6/2024,10/7/2024,Warehouse C,TRUE,4,Other
83802,Kitchen Sink,Plumbing,57,100,$82.1,$8.2,$468,Jumia Supplies,5/6/2024,14/7/2024,Warehouse C,TRUE,43,Other
78040,Concrete Block,Building Materials,197,20,$458.9,$45.9,"$9,041",FixRight Depot,5/6/2024,30/6/2024,Warehouse A,FALSE,,OverStock
10973,Window Glass,Hardware,474,80,$426.7,$42.7,"$20,225",Jumia Supplies,5/6/2024,1/7/2024,Warehouse C,FALSE,,OverStock
55652,Floor Tiles,Interior,103,150,$238.4,$23.8,"$2,456",Jumia Supplies,5/6/2024,6/7/2024,Warehouse C,TRUE,47,Other
28340,Window Glass,Hardware,338,30,$305.1,$30.5,"$10,312",Alpha Materials,5/6/2024,28/6/2024,Warehouse B,FALSE,,OverStock
45016,Shower Set,Hardware,452,30,$251.3,$25.1,"$11,360",Alpha Materials,5/6/2024,13/6/2024,Warehouse C,FALSE,,OverStock
75936,Concrete Block,Building Materials,482,150,$63.2,$6.3,"$3,044",Jumia Supplies,4/6/2024,7/7/2024,Warehouse A,FALSE,,OverStock
77560,Concrete Block,Building Materials,229,100,$385.5,$38.6,"$8,829",MegaBuild Ltd,4/6/2024,9/6/2024,Warehouse C,FALSE,,Other
79035,Water Heater,Plumbing,374,30,$120.9,$12.1,"$4,523",FixRight Depot,4/6/2024,9/6/2024,Warehouse C,FALSE,,OverStock
72820,Window Glass,Hardware,347,80,$446.0,$44.6,"$15,475",Jumia Supplies,4/6/2024,10/6/2024,Warehouse A,FALSE,,OverStock
73175,Bulb Pack,Electrical,385,150,$183.4,$18.3,"$7,061",MegaBuild Ltd,4/6/2024,29/6/2024,Warehouse B,FALSE,,Other
62571,Wallpaper Roll,Interior,423,30,$13.4,$1.3,$566,Jumia Supplies,4/6/2024,12/6/2024,Warehouse A,FALSE,,OverStock
50194,Wallpaper Roll,Interior,45,50,$270.8,$27.1,"$1,218",Konga Wholesale,4/6/2024,11/7/2024,Warehouse B,TRUE,5,Other
14069,Concrete Block,Building Materials,2,150,$115.7,$11.6,$23,Konga Wholesale,4/6/2024,12/6/2024,Warehouse C,TRUE,148,Other
24743,Roofing Sheet,Building Materials,283,30,$247.0,$24.7,"$6,989",FixRight Depot,4/6/2024,17/6/2024,Warehouse A,FALSE,,OverStock
20785,PVC Pipe,Plumbing,190,80,$430.1,$43.0,"$8,171",FixRight Depot,3/6/2024,17/6/2024,Warehouse A,FALSE,,Other
30800,Wallpaper Roll,Interior,459,40,$101.7,$10.2,"$4,668",MegaBuild Ltd,3/6/2024,13/6/2024,Warehouse B,FALSE,,OverStock
67811,Electrical Cable,Electrical,35,40,$427.4,$42.7,"$1,496",FixRight Depot,3/6/2024,10/7/2024,Warehouse A,TRUE,5,Other
15316,Roofing Sheet,Building Materials,378,30,$353.1,$35.3,"$13,349",Konga Wholesale,3/6/2024,16/6/2024,Warehouse B,FALSE,,OverStock
49177,Electrical Cable,Electrical,66,30,$10.6,$1.1,$70,Jumia Supplies,3/6/2024,9/7/2024,Warehouse B,FALSE,,Other
74501,Cement Bag,Building Materials,89,50,$217.8,$21.8,"$1,938",Jumia Supplies,3/6/2024,22/6/2024,Warehouse C,FALSE,,Other
62326,Cement Bag,Building Materials,413,20,$413.1,$41.3,"$17,062",MegaBuild Ltd,2/6/2024,28/6/2024,Warehouse B,FALSE,,OverStock
68627,Switch Box,Electrical,310,100,$313.1,$31.3,"$9,705",FixRight Depot,2/6/2024,12/6/2024,Warehouse C,FALSE,,OverStock
55254,Wallpaper Roll,Interior,70,20,$113.5,$11.3,$794,Jumia Supplies,2/6/2024,2/7/2024,Warehouse B,FALSE,,OverStock
40492,PVC Pipe,Plumbing,92,20,$50.2,$5.0,$462,FixRight Depot,2/6/2024,16/6/2024,Warehouse A,FALSE,,OverStock
84142,Shower Set,Hardware,109,40,$493.2,$49.3,"$5,376",Jumia Supplies,2/6/2024,16/6/2024,Warehouse A,FALSE,,Other
26375,Electrical Cable,Electrical,257,50,$89.8,$9.0,"$2,309",Konga Wholesale,2/6/2024,21/6/2024,Warehouse B,FALSE,,OverStock
59063,Water Heater,Plumbing,243,50,$209.4,$20.9,"$5,087",Jumia Supplies,2/6/2024,23/6/2024,Warehouse A,FALSE,,OverStock
19395,Ceiling Board,Interior,302,50,$485.4,$48.5,"$14,660",Jumia Supplies,2/6/2024,20/6/2024,Warehouse B,FALSE,,OverStock
30998,Water Heater,Plumbing,493,30,$268.9,$26.9,"$13,258",Alpha Materials,2/6/2024,13/6/2024,Warehouse A,FALSE,,OverStock
92283,Bulb Pack,Electrical,409,150,$431.7,$43.2,"$17,657",FixRight Depot,2/6/2024,9/6/2024,Warehouse A,FALSE,,Other
13302,Window Glass,Hardware,446,100,$36.2,$3.6,"$1,614",Konga Wholesale,2/6/2024,8/7/2024,Warehouse A,FALSE,,OverStock
70633,Kitchen Sink,Plumbing,486,30,$42.3,$4.2,"$2,057",FixRight Depot,2/6/2024,10/6/2024,Warehouse B,FALSE,,OverStock
21536,Paint Bucket,Interior,386,50,$399.3,$39.9,"$15,413",FixRight Depot,1/6/2024,5/7/2024,Warehouse A,FALSE,,OverStock
65419,Kitchen Sink,Plumbing,272,30,$116.2,$11.6,"$3,160",MegaBuild Ltd,1/6/2024,19/6/2024,Warehouse A,FALSE,,OverStock
43332,Cement Bag,Building Materials,410,20,$43.3,$4.3,"$1,776",MegaBuild Ltd,1/6/2024,8/6/2024,Warehouse B,FALSE,,OverStock
51152,Door Frame,Hardware,91,100,$249.9,$25.0,"$2,274",Konga Wholesale,1/6/2024,8/7/2024,Warehouse B,TRUE,9,Other
48015,Concrete Block,Building Materials,318,80,$315.8,$31.6,"$10,044",MegaBuild Ltd,1/6/2024,16/6/2024,Warehouse B,FALSE,,OverStock
60021,Window Glass,Hardware,270,80,$327.3,$32.7,"$8,838",MegaBuild Ltd,1/6/2024,26/6/2024,Warehouse C,FALSE,,OverStock
11461,Bulb Pack,Electrical,105,30,$71.8,$7.2,$753,Konga Wholesale,1/6/2024,4/7/2024,Warehouse A,FALSE,,OverStock
12977,Cement Bag,Building Materials,327,80,$350.8,$35.1,"$11,471",Konga Wholesale,1/6/2024,28/6/2024,Warehouse B,FALSE,,OverStock
98456,Water Heater,Plumbing,395,20,$410.3,$41.0,"$16,208",MegaBuild Ltd,1/6/2024,9/6/2024,Warehouse C,FALSE,,OverStock
23397,PVC Pipe,Plumbing,235,80,$183.7,$18.4,"$4,316",Alpha Materials,1/6/2024,28/6/2024,Warehouse B,FALSE,,Other
61599,Paint Bucket,Interior,324,80,$177.8,$17.8,"$5,759",FixRight Depot,1/6/2024,21/6/2024,Warehouse A,FALSE,,OverStock
19651,Ceiling Board,Interior,440,40,$259.7,$26.0,"$11,425",FixRight Depot,1/6/2024,6/7/2024,Warehouse A,FALSE,,OverStock
93588,Electrical Cable,Electrical,108,40,$40.3,$4.0,$435,FixRight Depot,31/5/2024,21/6/2024,Warehouse A,FALSE,,Other
93245,Paint Bucket,Interior,280,40,$178.3,$17.8,"$4,994",Konga Wholesale,31/5/2024,8/7/2024,Warehouse C,FALSE,,OverStock
75546,Floor Tiles,Interior,268,50,$152.4,$15.2,"$4,083",Konga Wholesale,31/5/2024,28/6/2024,Warehouse B,FALSE,,OverStock
70857,Kitchen Sink,Plumbing,86,20,$140.7,$14.1,"$1,210",Alpha Materials,31/5/2024,5/7/2024,Warehouse B,FALSE,,OverStock
50149,Wallpaper Roll,Interior,162,40,$333.6,$33.4,"$5,404",Jumia Supplies,31/5/2024,6/6/2024,Warehouse A,FALSE,,OverStock
95981,Roofing Sheet,Building Materials,337,20,$339.5,$33.9,"$11,440",MegaBuild Ltd,30/5/2024,4/7/2024,Warehouse C,FALSE,,OverStock
43757,Door Frame,Hardware,496,40,$424.4,$42.4,"$21,050",Alpha Materials,30/5/2024,19/6/2024,Warehouse C,FALSE,,OverStock
75911,Water Heater,Plumbing,245,30,$462.6,$46.3,"$11,333",MegaBuild Ltd,30/5/2024,24/6/2024,Warehouse B,FALSE,,OverStock
41957,Toilet Seat,Hardware,224,40,$252.2,$25.2,"$5,650",Jumia Supplies,30/5/2024,5/6/2024,Warehouse C,FALSE,,OverStock
66938,Water Heater,Plumbing,291,100,$21.1,$2.1,$613,FixRight Depot,30/5/2024,19/6/2024,Warehouse C,FALSE,,Other
82540,Concrete Block,Building Materials,207,100,$415.6,$41.6,"$8,604",Alpha Materials,30/5/2024,8/6/2024,Warehouse B,FALSE,,Other
20395,Toilet Seat,Hardware,160,20,$391.4,$39.1,"$6,262",MegaBuild Ltd,29/5/2024,28/6/2024,Warehouse A,FALSE,,OverStock
11813,PVC Pipe,Plumbing,265,80,$472.6,$47.3,"$12,525",FixRight Depot,29/5/2024,23/6/2024,Warehouse B,FALSE,,OverStock
72028,Floor Tiles,Interior,376,50,$86.4,$8.6,"$3,248",Alpha Materials,29/5/2024,23/6/2024,Warehouse B,FALSE,,OverStock
96135,Wallpaper Roll,Interior,56,40,$408.1,$40.8,"$2,285",FixRight Depot,29/5/2024,6/6/2024,Warehouse C,FALSE,,Other
11908,Paint Bucket,Interior,49,150,$308.3,$30.8,"$1,511",Konga Wholesale,29/5/2024,23/6/2024,Warehouse B,TRUE,101,Other
45571,Toilet Seat,Hardware,457,150,$495.3,$49.5,"$22,637",MegaBuild Ltd,29/5/2024,25/6/2024,Warehouse C,FALSE,,OverStock
56390,Door Frame,Hardware,91,30,$365.5,$36.6,"$3,326",Alpha Materials,29/5/2024,29/6/2024,Warehouse A,FALSE,,OverStock
51003,Switch Box,Electrical,423,80,$469.5,$46.9,"$19,859",Jumia Supplies,29/5/2024,13/6/2024,Warehouse A,FALSE,,OverStock
95916,Roofing Sheet,Building Materials,409,80,$391.0,$39.1,"$15,993",Alpha Materials,29/5/2024,23/6/2024,Warehouse B,FALSE,,OverStock
70361,Roofing Sheet,Building Materials,90,40,$278.0,$27.8,"$2,502",Alpha Materials,29/5/2024,29/6/2024,Warehouse C,FALSE,,Other
46979,Shower Set,Hardware,40,50,$232.6,$23.3,$930,Alpha Materials,29/5/2024,3/7/2024,Warehouse B,TRUE,10,Other
85060,Cement Bag,Building Materials,318,100,$261.8,$26.2,"$8,326",Jumia Supplies,28/5/2024,10/6/2024,Warehouse B,FALSE,,OverStock
99599,Electrical Cable,Electrical,291,40,$126.5,$12.6,"$3,680",FixRight Depot,28/5/2024,12/6/2024,Warehouse A,FALSE,,OverStock
57591,Paint Bucket,Interior,2,50,$487.4,$48.7,$97,Jumia Supplies,28/5/2024,29/6/2024,Warehouse A,TRUE,48,Other
40257,Ceiling Board,Interior,190,40,$237.3,$23.7,"$4,509",FixRight Depot,28/5/2024,13/6/2024,Warehouse B,FALSE,,OverStock
36745,Door Frame,Hardware,298,50,$176.4,$17.6,"$5,257",Konga Wholesale,28/5/2024,28/6/2024,Warehouse B,FALSE,,OverStock
44579,Roofing Sheet,Building Materials,21,150,$427.9,$42.8,$899,Konga Wholesale,28/5/2024,17/6/2024,Warehouse C,TRUE,129,Other
59892,Toilet Seat,Hardware,157,100,$463.7,$46.4,"$7,279",MegaBuild Ltd,28/5/2024,12/6/2024,Warehouse B,FALSE,,Other
97108,Electrical Cable,Electrical,433,20,$168.6,$16.9,"$7,299",MegaBuild Ltd,28/5/2024,8/6/2024,Warehouse C,FALSE,,OverStock
19895,Window Glass,Hardware,116,50,$386.4,$38.6,"$4,482",Konga Wholesale,28/5/2024,3/6/2024,Warehouse A,FALSE,,Other
45687,Toilet Seat,Hardware,253,100,$236.2,$23.6,"$5,977",Konga Wholesale,28/5/2024,23/6/2024,Warehouse A,FALSE,,Other
77270,Floor Tiles,Interior,345,40,$405.7,$40.6,"$13,997",FixRight Depot,27/5/2024,2/7/2024,Warehouse A,FALSE,,OverStock
31566,Roofing Sheet,Building Materials,336,50,$232.2,$23.2,"$7,802",Alpha Materials,27/5/2024,22/6/2024,Warehouse A,FALSE,,OverStock
50379,Ceiling Board,Interior,55,20,$176.2,$17.6,$969,MegaBuild Ltd,27/5/2024,19/6/2024,Warehouse C,FALSE,,Other
41932,Shower Set,Hardware,91,80,$68.9,$6.9,$627,Konga Wholesale,27/5/2024,24/6/2024,Warehouse B,FALSE,,Other
67745,Floor Tiles,Interior,127,20,$145.7,$14.6,"$1,851",FixRight Depot,27/5/2024,11/6/2024,Warehouse A,FALSE,,OverStock
43262,PVC Pipe,Plumbing,406,20,$109.6,$11.0,"$4,449",FixRight Depot,27/5/2024,22/6/2024,Warehouse C,FALSE,,OverStock
81857,Bulb Pack,Electrical,386,30,$181.7,$18.2,"$7,014",Jumia Supplies,27/5/2024,29/6/2024,Warehouse C,FALSE,,OverStock
25065,Bulb Pack,Electrical,189,100,$283.8,$28.4,"$5,363",MegaBuild Ltd,27/5/2024,21/6/2024,Warehouse B,FALSE,,Other
79336,Water Heater,Plumbing,266,150,$29.3,$2.9,$779,FixRight Depot,27/5/2024,10/6/2024,Warehouse C,FALSE,,Other
97404,Electrical Cable,Electrical,460,20,$312.5,$31.2,"$14,373",Alpha Materials,27/5/2024,14/6/2024,Warehouse C,FALSE,,OverStock
72607,Electrical Cable,Electrical,364,40,$198.4,$19.8,"$7,221",FixRight Depot,27/5/2024,3/6/2024,Warehouse A,FALSE,,OverStock
72119,Door Frame,Hardware,179,150,$22.6,$2.3,$405,Jumia Supplies,27/5/2024,12/6/2024,Warehouse B,FALSE,,Other
38380,Ceiling Board,Interior,24,80,$309.8,$31.0,$743,Alpha Materials,26/5/2024,7/6/2024,Warehouse C,TRUE,56,Other
88931,Paint Bucket,Interior,160,150,$333.0,$33.3,"$5,328",Jumia Supplies,26/5/2024,27/6/2024,Warehouse A,FALSE,,Other
34127,Shower Set,Hardware,223,30,$256.0,$25.6,"$5,708",Alpha Materials,26/5/2024,8/6/2024,Warehouse B,FALSE,,OverStock
53021,Ceiling Board,Interior,19,30,$450.4,$45.0,$856,FixRight Depot,26/5/2024,5/6/2024,Warehouse B,TRUE,11,Other
58838,Cement Bag,Building Materials,241,150,$454.7,$45.5,"$10,958",FixRight Depot,26/5/2024,3/7/2024,Warehouse B,FALSE,,Other
41016,Electrical Cable,Electrical,284,150,$168.5,$16.9,"$4,785",Konga Wholesale,26/5/2024,3/6/2024,Warehouse C,FALSE,,Other
51604,Water Heater,Plumbing,330,20,$425.5,$42.6,"$14,042",MegaBuild Ltd,26/5/2024,17/6/2024,Warehouse C,FALSE,,OverStock
67775,Window Glass,Hardware,375,100,$427.2,$42.7,"$16,018",Jumia Supplies,25/5/2024,23/6/2024,Warehouse A,FALSE,,OverStock
26767,Water Heater,Plumbing,395,40,$411.8,$41.2,"$16,266",Jumia Supplies,25/5/2024,30/6/2024,Warehouse C,FALSE,,OverStock
38460,Toilet Seat,Hardware,255,40,$433.9,$43.4,"$11,064",FixRight Depot,25/5/2024,5/6/2024,Warehouse A,FALSE,,OverStock
87994,Toilet Seat,Hardware,151,20,$184.0,$18.4,"$2,779",FixRight Depot,25/5/2024,13/6/2024,Warehouse A,FALSE,,OverStock
12792,Water Heater,Plumbing,358,50,$94.3,$9.4,"$3,374",Alpha Materials,25/5/2024,14/6/2024,Warehouse A,FALSE,,OverStock
37924,Cement Bag,Building Materials,65,150,$82.1,$8.2,$534,FixRight Depot,25/5/2024,30/5/2024,Warehouse B,TRUE,85,Other
76865,Paint Bucket,Interior,376,30,$181.1,$18.1,"$6,808",Alpha Materials,25/5/2024,17/6/2024,Warehouse C,FALSE,,OverStock
21356,Switch Box,Electrical,144,150,$93.5,$9.3,"$1,346",Jumia Supplies,25/5/2024,4/6/2024,Warehouse B,TRUE,6,Other
99376,Kitchen Sink,Plumbing,23,80,$212.7,$21.3,$489,FixRight Depot,25/5/2024,2/6/2024,Warehouse B,TRUE,57,Other
90873,Floor Tiles,Interior,37,30,$436.4,$43.6,"$1,615",Jumia Supplies,25/5/2024,5/6/2024,Warehouse B,FALSE,,Other
22822,Kitchen Sink,Plumbing,347,100,$489.0,$48.9,"$16,969",FixRight Depot,25/5/2024,12/6/2024,Warehouse B,FALSE,,OverStock
31307,Kitchen Sink,Plumbing,144,50,$382.1,$38.2,"$5,502",Konga Wholesale,25/5/2024,26/6/2024,Warehouse C,FALSE,,Other
21246,Roofing Sheet,Building Materials,62,150,$290.9,$29.1,"$1,803",MegaBuild Ltd,24/5/2024,30/6/2024,Warehouse B,TRUE,88,Other
80456,Cement Bag,Building Materials,343,100,$152.5,$15.3,"$5,231",MegaBuild Ltd,24/5/2024,21/6/2024,Warehouse A,FALSE,,OverStock
73753,Toilet Seat,Hardware,85,50,$426.9,$42.7,"$3,628",Alpha Materials,24/5/2024,21/6/2024,Warehouse B,FALSE,,Other
16584,PVC Pipe,Plumbing,111,100,$216.8,$21.7,"$2,406",Alpha Materials,24/5/2024,15/6/2024,Warehouse B,FALSE,,Other
61782,Ceiling Board,Interior,406,80,$189.3,$18.9,"$7,685",Jumia Supplies,24/5/2024,28/6/2024,Warehouse B,FALSE,,OverStock
26119,Door Frame,Hardware,86,80,$32.6,$3.3,$281,MegaBuild Ltd,24/5/2024,22/6/2024,Warehouse B,FALSE,,Other
26375,Toilet Seat,Hardware,70,40,$432.6,$43.3,"$3,028",MegaBuild Ltd,24/5/2024,10/6/2024,Warehouse C,FALSE,,Other
83541,PVC Pipe,Plumbing,13,150,$345.3,$34.5,$449,Jumia Supplies,24/5/2024,28/6/2024,Warehouse B,TRUE,137,Other
28837,Window Glass,Hardware,453,150,$63.3,$6.3,"$2,867",Alpha Materials,24/5/2024,6/6/2024,Warehouse A,FALSE,,OverStock
16309,Roofing Sheet,Building Materials,83,100,$440.1,$44.0,"$3,653",FixRight Depot,24/5/2024,2/6/2024,Warehouse C,TRUE,17,Other
59851,Cement Bag,Building Materials,25,20,$439.5,$43.9,"$1,099",Alpha Materials,24/5/2024,1/6/2024,Warehouse B,FALSE,,Other
75210,Kitchen Sink,Plumbing,46,40,$476.0,$47.6,"$2,189",MegaBuild Ltd,24/5/2024,8/6/2024,Warehouse A,FALSE,,Other
58481,Paint Bucket,Interior,136,30,$432.8,$43.3,"$5,886",MegaBuild Ltd,24/5/2024,5/6/2024,Warehouse A,FALSE,,OverStock
74566,Cement Bag,Building Materials,208,100,$391.1,$39.1,"$8,134",Konga Wholesale,24/5/2024,18/6/2024,Warehouse B,FALSE,,Other
99112,Paint Bucket,Interior,222,50,$288.9,$28.9,"$6,412",FixRight Depot,23/5/2024,1/6/2024,Warehouse C,FALSE,,OverStock
89211,Bulb Pack,Electrical,482,80,$366.9,$36.7,"$17,686",Konga Wholesale,23/5/2024,2/6/2024,Warehouse C,FALSE,,OverStock
58443,Kitchen Sink,Plumbing,368,100,$303.6,$30.4,"$11,171",FixRight Depot,23/5/2024,29/5/2024,Warehouse B,FALSE,,OverStock
46561,Floor Tiles,Interior,29,40,$395.1,$39.5,"$1,146",FixRight Depot,23/5/2024,4/6/2024,Warehouse C,TRUE,11,Other
13228,Cement Bag,Building Materials,24,30,$35.9,$3.6,$86,FixRight Depot,23/5/2024,4/6/2024,Warehouse B,TRUE,6,Other
46784,Window Glass,Hardware,404,100,$359.6,$36.0,"$14,528",Alpha Materials,23/5/2024,30/5/2024,Warehouse B,FALSE,,OverStock
56993,PVC Pipe,Plumbing,352,80,$430.2,$43.0,"$15,144",Jumia Supplies,23/5/2024,11/6/2024,Warehouse B,FALSE,,OverStock
65835,Toilet Seat,Hardware,95,50,$274.5,$27.5,"$2,608",Jumia Supplies,22/5/2024,27/6/2024,Warehouse A,FALSE,,Other
71845,Electrical Cable,Electrical,63,150,$301.7,$30.2,"$1,900",MegaBuild Ltd,22/5/2024,7/6/2024,Warehouse C,TRUE,87,Other
22665,Toilet Seat,Hardware,134,40,$341.8,$34.2,"$4,580",Alpha Materials,22/5/2024,29/5/2024,Warehouse C,FALSE,,OverStock
59833,Concrete Block,Building Materials,184,80,$318.4,$31.8,"$5,859",Alpha Materials,22/5/2024,1/6/2024,Warehouse C,FALSE,,Other
57657,Water Heater,Plumbing,28,40,$319.5,$31.9,$894,Jumia Supplies,22/5/2024,26/6/2024,Warehouse C,TRUE,12,Other
93443,Roofing Sheet,Building Materials,375,150,$325.0,$32.5,"$12,187",FixRight Depot,22/5/2024,30/6/2024,Warehouse C,FALSE,,Other
64716,Electrical Cable,Electrical,229,150,$492.8,$49.3,"$11,286",MegaBuild Ltd,22/5/2024,1/6/2024,Warehouse B,FALSE,,Other
28220,Kitchen Sink,Plumbing,465,20,$427.3,$42.7,"$19,869",FixRight Depot,22/5/2024,31/5/2024,Warehouse C,FALSE,,OverStock
36984,Ceiling Board,Interior,0,40,$470.7,$47.1,$0,MegaBuild Ltd,21/5/2024,30/5/2024,Warehouse B,TRUE,40,Other
38228,Window Glass,Hardware,153,50,$394.9,$39.5,"$6,042",Konga Wholesale,21/5/2024,15/6/2024,Warehouse C,FALSE,,OverStock
93375,Cement Bag,Building Materials,92,80,$243.6,$24.4,"$2,241",Alpha Materials,21/5/2024,29/6/2024,Warehouse A,FALSE,,Other
95782,Concrete Block,Building Materials,426,20,$7.9,$0.8,$338,FixRight Depot,21/5/2024,31/5/2024,Warehouse C,FALSE,,OverStock
89311,Toilet Seat,Hardware,51,40,$456.3,$45.6,"$2,327",FixRight Depot,21/5/2024,16/6/2024,Warehouse A,FALSE,,Other
78774,Window Glass,Hardware,424,80,$264.4,$26.4,"$11,210",Konga Wholesale,21/5/2024,3/6/2024,Warehouse C,FALSE,,OverStock
35176,Paint Bucket,Interior,359,30,$324.3,$32.4,"$11,644",MegaBuild Ltd,21/5/2024,14/6/2024,Warehouse A,FALSE,,OverStock
34336,Window Glass,Hardware,498,50,$247.6,$24.8,"$12,329",Jumia Supplies,21/5/2024,26/5/2024,Warehouse C,FALSE,,OverStock
41775,Cement Bag,Building Materials,153,20,$83.4,$8.3,"$1,275",MegaBuild Ltd,21/5/2024,31/5/2024,Warehouse C,FALSE,,OverStock
78323,Shower Set,Hardware,376,80,$243.0,$24.3,"$9,138",Jumia Supplies,20/5/2024,3/6/2024,Warehouse B,FALSE,,OverStock
13765,Water Heater,Plumbing,46,150,$472.5,$47.3,"$2,174",Konga Wholesale,20/5/2024,13/6/2024,Warehouse B,TRUE,104,Other
84353,Ceiling Board,Interior,151,50,$123.9,$12.4,"$1,871",FixRight Depot,20/5/2024,24/6/2024,Warehouse C,FALSE,,OverStock
15594,Wallpaper Roll,Interior,15,150,$413.2,$41.3,$620,Alpha Materials,20/5/2024,2/6/2024,Warehouse A,TRUE,135,Other
31330,Ceiling Board,Interior,145,100,$308.7,$30.9,"$4,476",FixRight Depot,20/5/2024,17/6/2024,Warehouse C,FALSE,,Other
61869,Floor Tiles,Interior,18,50,$121.1,$12.1,$218,Konga Wholesale,20/5/2024,23/6/2024,Warehouse B,TRUE,32,Other
29439,Bulb Pack,Electrical,484,40,$179.8,$18.0,"$8,703",Alpha Materials,20/5/2024,7/6/2024,Warehouse B,FALSE,,OverStock
62073,Shower Set,Hardware,239,20,$237.9,$23.8,"$5,685",Jumia Supplies,20/5/2024,28/5/2024,Warehouse A,FALSE,,OverStock
88477,Floor Tiles,Interior,211,20,$369.4,$36.9,"$7,795",Alpha Materials,19/5/2024,24/5/2024,Warehouse B,FALSE,,OverStock
10806,Roofing Sheet,Building Materials,304,20,$341.4,$34.1,"$10,379",Konga Wholesale,19/5/2024,29/5/2024,Warehouse B,FALSE,,OverStock
29692,Bulb Pack,Electrical,207,20,$171.3,$17.1,"$3,546",Jumia Supplies,19/5/2024,25/6/2024,Warehouse A,FALSE,,OverStock
14781,Ceiling Board,Interior,125,100,$51.2,$5.1,$640,Jumia Supplies,19/5/2024,26/5/2024,Warehouse B,FALSE,,Other
31143,PVC Pipe,Plumbing,431,40,$108.7,$10.9,"$4,685",FixRight Depot,19/5/2024,5/6/2024,Warehouse A,FALSE,,OverStock
44872,Bulb Pack,Electrical,424,80,$244.8,$24.5,"$10,377",MegaBuild Ltd,18/5/2024,21/6/2024,Warehouse C,FALSE,,OverStock
20131,Window Glass,Hardware,146,150,$57.5,$5.8,$840,Alpha Materials,18/5/2024,11/6/2024,Warehouse B,TRUE,4,Other
71509,Roofing Sheet,Building Materials,217,80,$225.0,$22.5,"$4,883",Jumia Supplies,18/5/2024,2/6/2024,Warehouse B,FALSE,,Other
57458,Ceiling Board,Interior,326,20,$358.2,$35.8,"$11,676",FixRight Depot,18/5/2024,28/5/2024,Warehouse C,FALSE,,OverStock
73140,Bulb Pack,Electrical,344,20,$108.9,$10.9,"$3,747",Alpha Materials,18/5/2024,8/6/2024,Warehouse B,FALSE,,OverStock
35059,Bulb Pack,Electrical,273,80,$105.3,$10.5,"$2,876",Jumia Supplies,18/5/2024,13/6/2024,Warehouse C,FALSE,,OverStock
87391,Cement Bag,Building Materials,254,150,$176.6,$17.7,"$4,485",MegaBuild Ltd,18/5/2024,5/6/2024,Warehouse B,FALSE,,Other
84992,Shower Set,Hardware,43,80,$196.4,$19.6,$845,MegaBuild Ltd,18/5/2024,5/6/2024,Warehouse B,TRUE,37,Other
94259,Ceiling Board,Interior,455,80,$182.5,$18.3,"$8,304",Konga Wholesale,18/5/2024,20/6/2024,Warehouse C,FALSE,,OverStock
38359,Paint Bucket,Interior,76,100,$292.4,$29.2,"$2,223",Alpha Materials,18/5/2024,26/6/2024,Warehouse C,TRUE,24,Other
69516,Window Glass,Hardware,34,80,$255.0,$25.5,$867,Konga Wholesale,18/5/2024,3/6/2024,Warehouse C,TRUE,46,Other
97369,Kitchen Sink,Plumbing,80,80,$399.3,$39.9,"$3,194",Jumia Supplies,17/5/2024,7/6/2024,Warehouse A,FALSE,,Other
77263,Wallpaper Roll,Interior,494,100,$404.2,$40.4,"$19,966",Konga Wholesale,17/5/2024,25/6/2024,Warehouse C,FALSE,,OverStock
36149,PVC Pipe,Plumbing,330,30,$189.2,$18.9,"$6,245",Konga Wholesale,17/5/2024,8/6/2024,Warehouse C,FALSE,,OverStock
31839,Shower Set,Hardware,385,100,$435.0,$43.5,"$16,747",Jumia Supplies,17/5/2024,1/6/2024,Warehouse B,FALSE,,OverStock
25994,Door Frame,Hardware,477,40,$149.9,$15.0,"$7,148",FixRight Depot,17/5/2024,5/6/2024,Warehouse B,FALSE,,OverStock
86816,Toilet Seat,Hardware,448,100,$481.1,$48.1,"$21,552",FixRight Depot,17/5/2024,16/6/2024,Warehouse A,FALSE,,OverStock
51887,Roofing Sheet,Building Materials,373,30,$133.2,$13.3,"$4,968",FixRight Depot,17/5/2024,8/6/2024,Warehouse A,FALSE,,OverStock
60411,Kitchen Sink,Plumbing,118,30,$364.9,$36.5,"$4,305",Konga Wholesale,17/5/2024,8/6/2024,Warehouse B,FALSE,,OverStock
67487,Cement Bag,Building Materials,359,40,$138.5,$13.9,"$4,973",Alpha Materials,17/5/2024,13/6/2024,Warehouse C,FALSE,,OverStock
23545,Roofing Sheet,Building Materials,358,100,$257.8,$25.8,"$9,230",FixRight Depot,16/5/2024,22/6/2024,Warehouse C,FALSE,,OverStock
85910,PVC Pipe,Plumbing,299,30,$19.9,$2.0,$594,FixRight Depot,16/5/2024,20/6/2024,Warehouse C,FALSE,,OverStock
88287,Window Glass,Hardware,400,100,$81.3,$8.1,"$3,252",Konga Wholesale,16/5/2024,2/6/2024,Warehouse B,FALSE,,OverStock
56638,Water Heater,Plumbing,296,80,$395.2,$39.5,"$11,698",Alpha Materials,16/5/2024,11/6/2024,Warehouse A,FALSE,,OverStock
10511,Kitchen Sink,Plumbing,261,40,$253.5,$25.4,"$6,616",Konga Wholesale,16/5/2024,17/6/2024,Warehouse C,FALSE,,OverStock
36515,Kitchen Sink,Plumbing,148,30,$403.7,$40.4,"$5,975",Konga Wholesale,16/5/2024,24/6/2024,Warehouse B,FALSE,,OverStock
45765,Kitchen Sink,Plumbing,334,20,$489.1,$48.9,"$16,336",MegaBuild Ltd,16/5/2024,24/6/2024,Warehouse A,FALSE,,OverStock
22836,Concrete Block,Building Materials,190,20,$320.9,$32.1,"$6,096",Jumia Supplies,16/5/2024,2/6/2024,Warehouse A,FALSE,,OverStock
67872,Electrical Cable,Electrical,57,100,$379.7,$38.0,"$2,164",FixRight Depot,16/5/2024,8/6/2024,Warehouse C,TRUE,43,Other
78275,PVC Pipe,Plumbing,62,40,$52.8,$5.3,$327,FixRight Depot,16/5/2024,30/5/2024,Warehouse B,FALSE,,Other
60138,Water Heater,Plumbing,113,30,$310.8,$31.1,"$3,512",Jumia Supplies,15/5/2024,31/5/2024,Warehouse B,FALSE,,OverStock
79390,PVC Pipe,Plumbing,193,150,$52.4,$5.2,"$1,011",Konga Wholesale,15/5/2024,12/6/2024,Warehouse C,FALSE,,Other
33118,Window Glass,Hardware,187,30,$489.8,$49.0,"$9,160",FixRight Depot,15/5/2024,21/5/2024,Warehouse B,FALSE,,OverStock
31236,Shower Set,Hardware,420,80,$341.4,$34.1,"$14,337",Jumia Supplies,15/5/2024,21/6/2024,Warehouse C,FALSE,,OverStock
36447,Door Frame,Hardware,117,80,$223.6,$22.4,"$2,616",MegaBuild Ltd,15/5/2024,18/6/2024,Warehouse A,FALSE,,Other
66153,Kitchen Sink,Plumbing,474,30,$407.4,$40.7,"$19,311",FixRight Depot,15/5/2024,11/6/2024,Warehouse C,FALSE,,OverStock
55580,Door Frame,Hardware,490,40,$473.8,$47.4,"$23,217",Alpha Materials,15/5/2024,26/5/2024,Warehouse C,FALSE,,OverStock
96669,Water Heater,Plumbing,398,150,$256.3,$25.6,"$10,202",FixRight Depot,14/5/2024,17/6/2024,Warehouse B,FALSE,,Other
96576,Bulb Pack,Electrical,138,40,$219.0,$21.9,"$3,022",Jumia Supplies,14/5/2024,19/5/2024,Warehouse A,FALSE,,OverStock
50449,Toilet Seat,Hardware,254,20,$418.0,$41.8,"$10,616",FixRight Depot,14/5/2024,19/5/2024,Warehouse B,FALSE,,OverStock
66790,Concrete Block,Building Materials,168,50,$8.0,$0.8,$135,Jumia Supplies,14/5/2024,27/5/2024,Warehouse A,FALSE,,OverStock
90880,Toilet Seat,Hardware,295,100,$380.6,$38.1,"$11,227",FixRight Depot,14/5/2024,31/5/2024,Warehouse B,FALSE,,Other
47976,Door Frame,Hardware,428,100,$102.3,$10.2,"$4,379",Konga Wholesale,14/5/2024,2/6/2024,Warehouse B,FALSE,,OverStock
16775,Electrical Cable,Electrical,141,40,$29.1,$2.9,$411,Konga Wholesale,14/5/2024,25/5/2024,Warehouse C,FALSE,,OverStock
72270,Concrete Block,Building Materials,141,30,$455.2,$45.5,"$6,419",Konga Wholesale,14/5/2024,30/5/2024,Warehouse A,FALSE,,OverStock
79163,Paint Bucket,Interior,169,80,$151.3,$15.1,"$2,558",FixRight Depot,13/5/2024,14/6/2024,Warehouse B,FALSE,,Other
11306,Water Heater,Plumbing,308,30,$353.4,$35.3,"$10,884",MegaBuild Ltd,13/5/2024,1/6/2024,Warehouse A,FALSE,,OverStock
23917,Door Frame,Hardware,246,80,$360.8,$36.1,"$8,875",Jumia Supplies,13/5/2024,4/6/2024,Warehouse B,FALSE,,OverStock
96673,Concrete Block,Building Materials,175,20,$69.7,$7.0,"$1,219",Konga Wholesale,13/5/2024,10/6/2024,Warehouse A,FALSE,,OverStock
89409,Ceiling Board,Interior,106,40,$68.7,$6.9,$728,Jumia Supplies,13/5/2024,26/5/2024,Warehouse C,FALSE,,Other
70611,Ceiling Board,Interior,281,50,$269.4,$26.9,"$7,571",Konga Wholesale,13/5/2024,13/6/2024,Warehouse A,FALSE,,OverStock
25007,Water Heater,Plumbing,372,40,$297.3,$29.7,"$11,058",Alpha Materials,13/5/2024,23/5/2024,Warehouse C,FALSE,,OverStock
48180,Shower Set,Hardware,390,80,$311.5,$31.1,"$12,148",Alpha Materials,13/5/2024,10/6/2024,Warehouse C,FALSE,,OverStock
88747,Paint Bucket,Interior,375,100,$170.1,$17.0,"$6,380",MegaBuild Ltd,13/5/2024,19/6/2024,Warehouse B,FALSE,,OverStock
63551,Ceiling Board,Interior,220,30,$58.9,$5.9,"$1,296",Alpha Materials,12/5/2024,19/6/2024,Warehouse C,FALSE,,OverStock
24588,Window Glass,Hardware,196,50,$342.3,$34.2,"$6,709",Jumia Supplies,12/5/2024,20/5/2024,Warehouse A,FALSE,,OverStock
82571,Water Heater,Plumbing,109,50,$210.4,$21.0,"$2,293",Alpha Materials,12/5/2024,19/6/2024,Warehouse C,FALSE,,Other
42532,Door Frame,Hardware,32,150,$115.6,$11.6,$370,Jumia Supplies,12/5/2024,31/5/2024,Warehouse A,TRUE,118,Other
99343,Door Frame,Hardware,87,150,$468.3,$46.8,"$4,074",Konga Wholesale,12/5/2024,23/5/2024,Warehouse C,TRUE,63,Other
58266,Kitchen Sink,Plumbing,365,30,$444.2,$44.4,"$16,212",Konga Wholesale,12/5/2024,1/6/2024,Warehouse C,FALSE,,OverStock
74990,Water Heater,Plumbing,115,50,$151.0,$15.1,"$1,737",Konga Wholesale,12/5/2024,10/6/2024,Warehouse B,FALSE,,Other
46036,Bulb Pack,Electrical,148,150,$132.6,$13.3,"$1,963",Konga Wholesale,12/5/2024,31/5/2024,Warehouse A,TRUE,2,Other
96365,Water Heater,Plumbing,145,30,$140.0,$14.0,"$2,029",Konga Wholesale,11/5/2024,10/6/2024,Warehouse C,FALSE,,OverStock
60435,Ceiling Board,Interior,187,30,$23.9,$2.4,$446,Jumia Supplies,11/5/2024,10/6/2024,Warehouse C,FALSE,,OverStock
87186,Wallpaper Roll,Interior,456,30,$69.8,$7.0,"$3,182",Jumia Supplies,11/5/2024,9/6/2024,Warehouse B,FALSE,,OverStock
27241,Water Heater,Plumbing,473,80,$226.9,$22.7,"$10,731",FixRight Depot,11/5/2024,19/5/2024,Warehouse A,FALSE,,OverStock
42963,Electrical Cable,Electrical,333,20,$104.0,$10.4,"$3,463",Jumia Supplies,11/5/2024,29/5/2024,Warehouse B,FALSE,,OverStock
21628,PVC Pipe,Plumbing,348,100,$49.4,$4.9,"$1,719",MegaBuild Ltd,11/5/2024,26/5/2024,Warehouse C,FALSE,,OverStock
16295,Cement Bag,Building Materials,98,40,$364.4,$36.4,"$3,571",Jumia Supplies,10/5/2024,3/6/2024,Warehouse C,FALSE,,Other
13255,Wallpaper Roll,Interior,117,50,$480.7,$48.1,"$5,624",MegaBuild Ltd,10/5/2024,11/6/2024,Warehouse B,FALSE,,Other
92896,Ceiling Board,Interior,272,20,$25.1,$2.5,$682,MegaBuild Ltd,10/5/2024,18/5/2024,Warehouse A,FALSE,,OverStock
56728,Paint Bucket,Interior,11,20,$394.6,$39.5,$434,MegaBuild Ltd,10/5/2024,9/6/2024,Warehouse C,TRUE,9,Other
99796,Floor Tiles,Interior,251,40,$381.6,$38.2,"$9,577",FixRight Depot,10/5/2024,15/6/2024,Warehouse B,FALSE,,OverStock
42643,Electrical Cable,Electrical,322,20,$373.8,$37.4,"$12,037",MegaBuild Ltd,10/5/2024,17/5/2024,Warehouse B,FALSE,,OverStock
29784,Kitchen Sink,Plumbing,398,20,$159.4,$15.9,"$6,345",FixRight Depot,10/5/2024,13/6/2024,Warehouse C,FALSE,,OverStock
79245,Cement Bag,Building Materials,179,50,$342.2,$34.2,"$6,125",Konga Wholesale,10/5/2024,16/5/2024,Warehouse C,FALSE,,OverStock
16054,PVC Pipe,Plumbing,426,20,$142.1,$14.2,"$6,051",MegaBuild Ltd,9/5/2024,17/5/2024,Warehouse B,FALSE,,OverStock
91899,Electrical Cable,Electrical,230,50,$73.2,$7.3,"$1,683",MegaBuild Ltd,9/5/2024,13/6/2024,Warehouse B,FALSE,,OverStock
78322,Wallpaper Roll,Interior,30,40,$75.8,$7.6,$227,MegaBuild Ltd,9/5/2024,9/6/2024,Warehouse C,TRUE,10,Other
80729,PVC Pipe,Plumbing,299,30,$330.9,$33.1,"$9,892",Jumia Supplies,9/5/2024,10/6/2024,Warehouse B,FALSE,,OverStock
69402,Roofing Sheet,Building Materials,86,30,$456.3,$45.6,"$3,924",MegaBuild Ltd,9/5/2024,16/5/2024,Warehouse C,FALSE,,Other
93804,Floor Tiles,Interior,331,40,$54.3,$5.4,"$1,798",MegaBuild Ltd,9/5/2024,6/6/2024,Warehouse B,FALSE,,OverStock
55039,Wallpaper Roll,Interior,200,50,$51.2,$5.1,"$1,023",FixRight Depot,9/5/2024,4/6/2024,Warehouse A,FALSE,,OverStock
39663,Wallpaper Roll,Interior,380,30,$66.3,$6.6,"$2,518",Alpha Materials,9/5/2024,4/6/2024,Warehouse C,FALSE,,OverStock
68570,Ceiling Board,Interior,478,30,$13.3,$1.3,$637,MegaBuild Ltd,9/5/2024,15/6/2024,Warehouse B,FALSE,,OverStock
68989,Toilet Seat,Hardware,43,150,$133.4,$13.3,$574,FixRight Depot,9/5/2024,30/5/2024,Warehouse A,TRUE,107,Other
19642,Water Heater,Plumbing,10,150,$293.9,$29.4,$294,MegaBuild Ltd,9/5/2024,21/5/2024,Warehouse B,TRUE,140,Other
32105,Ceiling Board,Interior,134,50,$486.3,$48.6,"$6,516",Konga Wholesale,9/5/2024,14/6/2024,Warehouse A,FALSE,,Other
61924,Door Frame,Hardware,278,40,$435.1,$43.5,"$12,096",Jumia Supplies,8/5/2024,5/6/2024,Warehouse B,FALSE,,OverStock
43380,Kitchen Sink,Plumbing,39,100,$74.7,$7.5,$291,FixRight Depot,8/5/2024,20/5/2024,Warehouse C,TRUE,61,Other
79211,Cement Bag,Building Materials,322,40,$148.3,$14.8,"$4,774",Alpha Materials,8/5/2024,8/6/2024,Warehouse B,FALSE,,OverStock
65609,Ceiling Board,Interior,46,150,$456.0,$45.6,"$2,097",Konga Wholesale,8/5/2024,14/5/2024,Warehouse B,TRUE,104,Other
25198,Water Heater,Plumbing,342,20,$341.5,$34.1,"$11,678",Jumia Supplies,8/5/2024,21/5/2024,Warehouse C,FALSE,,OverStock
94418,PVC Pipe,Plumbing,363,150,$223.2,$22.3,"$8,104",Jumia Supplies,8/5/2024,27/5/2024,Warehouse B,FALSE,,Other
59577,Wallpaper Roll,Interior,15,50,$25.0,$2.5,$37,MegaBuild Ltd,8/5/2024,12/6/2024,Warehouse B,TRUE,35,Other
80091,Toilet Seat,Hardware,403,150,$361.9,$36.2,"$14,583",Konga Wholesale,7/5/2024,13/6/2024,Warehouse C,FALSE,,Other
49350,Wallpaper Roll,Interior,28,30,$46.9,$4.7,$131,Konga Wholesale,7/5/2024,31/5/2024,Warehouse C,TRUE,2,Other
65872,PVC Pipe,Plumbing,410,50,$243.6,$24.4,"$9,987",Jumia Supplies,7/5/2024,8/6/2024,Warehouse C,FALSE,,OverStock
42705,Ceiling Board,Interior,140,50,$114.5,$11.5,"$1,603",MegaBuild Ltd,7/5/2024,19/5/2024,Warehouse A,FALSE,,Other
73908,Water Heater,Plumbing,150,50,$112.0,$11.2,"$1,680",Jumia Supplies,7/5/2024,25/5/2024,Warehouse B,FALSE,,Other
27007,Bulb Pack,Electrical,483,80,$156.4,$15.6,"$7,552",Alpha Materials,7/5/2024,1/6/2024,Warehouse A,FALSE,,OverStock
93938,Toilet Seat,Hardware,0,40,$176.3,$17.6,$0,FixRight Depot,7/5/2024,2/6/2024,Warehouse C,TRUE,40,Other
55788,Bulb Pack,Electrical,361,40,$124.0,$12.4,"$4,475",MegaBuild Ltd,7/5/2024,19/5/2024,Warehouse A,FALSE,,OverStock
60509,Concrete Block,Building Materials,350,150,$167.0,$16.7,"$5,843",FixRight Depot,7/5/2024,9/6/2024,Warehouse C,FALSE,,Other
84740,PVC Pipe,Plumbing,473,80,$45.0,$4.5,"$2,130",Jumia Supplies,6/5/2024,19/5/2024,Warehouse B,FALSE,,OverStock
37228,Toilet Seat,Hardware,23,150,$17.8,$1.8,$41,Jumia Supplies,6/5/2024,27/5/2024,Warehouse C,TRUE,127,Other
45036,Cement Bag,Building Materials,296,30,$138.9,$13.9,"$4,112",Konga Wholesale,6/5/2024,15/5/2024,Warehouse C,FALSE,,OverStock
74264,Kitchen Sink,Plumbing,159,50,$473.6,$47.4,"$7,530",Alpha Materials,6/5/2024,11/6/2024,Warehouse A,FALSE,,OverStock
69500,Ceiling Board,Interior,368,80,$147.8,$14.8,"$5,438",FixRight Depot,5/5/2024,26/5/2024,Warehouse A,FALSE,,OverStock
56607,Roofing Sheet,Building Materials,441,150,$177.3,$17.7,"$7,819",Konga Wholesale,5/5/2024,21/5/2024,Warehouse A,FALSE,,Other
29873,Roofing Sheet,Building Materials,406,30,$365.9,$36.6,"$14,854",Konga Wholesale,5/5/2024,26/5/2024,Warehouse A,FALSE,,OverStock
21360,Kitchen Sink,Plumbing,89,30,$346.0,$34.6,"$3,079",MegaBuild Ltd,5/5/2024,26/5/2024,Warehouse C,FALSE,,Other
84308,Floor Tiles,Interior,190,40,$53.0,$5.3,"$1,007",Jumia Supplies,5/5/2024,19/5/2024,Warehouse B,FALSE,,OverStock
78580,Floor Tiles,Interior,278,50,$132.3,$13.2,"$3,677",Jumia Supplies,5/5/2024,30/5/2024,Warehouse B,FALSE,,OverStock
91748,Roofing Sheet,Building Materials,20,150,$101.1,$10.1,$202,Alpha Materials,5/5/2024,30/5/2024,Warehouse C,TRUE,130,Other
91256,Water Heater,Plumbing,331,40,$123.6,$12.4,"$4,091",Konga Wholesale,5/5/2024,29/5/2024,Warehouse A,FALSE,,OverStock
62513,Water Heater,Plumbing,107,100,$300.1,$30.0,"$3,211",FixRight Depot,5/5/2024,29/5/2024,Warehouse B,FALSE,,Other
79741,PVC Pipe,Plumbing,362,50,$22.8,$2.3,$825,MegaBuild Ltd,5/5/2024,13/5/2024,Warehouse A,FALSE,,OverStock
15723,Electrical Cable,Electrical,87,80,$315.3,$31.5,"$2,743",Alpha Materials,5/5/2024,31/5/2024,Warehouse A,FALSE,,Other
96257,Bulb Pack,Electrical,70,80,$70.6,$7.1,$494,Konga Wholesale,5/5/2024,6/6/2024,Warehouse C,TRUE,10,Other
23490,Electrical Cable,Electrical,41,100,$212.7,$21.3,$872,Alpha Materials,5/5/2024,6/6/2024,Warehouse B,TRUE,59,Other
26351,Paint Bucket,Interior,38,50,$180.9,$18.1,$687,FixRight Depot,4/5/2024,21/5/2024,Warehouse A,TRUE,12,Other
68830,Shower Set,Hardware,96,80,$434.2,$43.4,"$4,168",FixRight Depot,4/5/2024,16/5/2024,Warehouse B,FALSE,,Other
51300,Bulb Pack,Electrical,412,20,$300.1,$30.0,"$12,365",Konga Wholesale,4/5/2024,25/5/2024,Warehouse B,FALSE,,OverStock
41704,Ceiling Board,Interior,493,30,$226.8,$22.7,"$11,179",Konga Wholesale,4/5/2024,29/5/2024,Warehouse C,FALSE,,OverStock
12438,Kitchen Sink,Plumbing,117,30,$483.2,$48.3,"$5,653",Alpha Materials,4/5/2024,27/5/2024,Warehouse C,FALSE,,OverStock
57431,Cement Bag,Building Materials,0,50,$78.6,$7.9,$0,FixRight Depot,4/5/2024,15/5/2024,Warehouse A,TRUE,50,Other
16716,Floor Tiles,Interior,317,150,$337.6,$33.8,"$10,701",Jumia Supplies,4/5/2024,26/5/2024,Warehouse A,FALSE,,Other
96672,Switch Box,Electrical,423,50,$70.7,$7.1,"$2,991",Konga Wholesale,3/5/2024,6/6/2024,Warehouse B,FALSE,,OverStock
10112,Switch Box,Electrical,209,50,$338.6,$33.9,"$7,078",FixRight Depot,3/5/2024,9/6/2024,Warehouse B,FALSE,,OverStock
86361,Water Heater,Plumbing,344,40,$137.9,$13.8,"$4,744",MegaBuild Ltd,3/5/2024,31/5/2024,Warehouse C,FALSE,,OverStock
65165,Kitchen Sink,Plumbing,278,40,$272.1,$27.2,"$7,563",Alpha Materials,3/5/2024,20/5/2024,Warehouse B,FALSE,,OverStock
58296,Kitchen Sink,Plumbing,395,150,$164.0,$16.4,"$6,476",Alpha Materials,3/5/2024,11/5/2024,Warehouse A,FALSE,,Other
31883,Kitchen Sink,Plumbing,411,100,$246.1,$24.6,"$10,113",Konga Wholesale,2/5/2024,7/5/2024,Warehouse C,FALSE,,OverStock
72278,Wallpaper Roll,Interior,437,150,$244.1,$24.4,"$10,665",MegaBuild Ltd,2/5/2024,28/5/2024,Warehouse C,FALSE,,Other
34248,Electrical Cable,Electrical,183,20,$208.3,$20.8,"$3,812",Konga Wholesale,2/5/2024,10/6/2024,Warehouse C,FALSE,,OverStock
13960,Roofing Sheet,Building Materials,94,150,$37.1,$3.7,$348,Konga Wholesale,2/5/2024,4/6/2024,Warehouse B,TRUE,56,Other
70615,Switch Box,Electrical,0,150,$381.0,$38.1,$0,MegaBuild Ltd,2/5/2024,7/6/2024,Warehouse B,TRUE,150,Other
37734,Electrical Cable,Electrical,398,80,$148.2,$14.8,"$5,898",FixRight Depot,1/5/2024,9/6/2024,Warehouse B,FALSE,,OverStock
53939,Concrete Block,Building Materials,234,30,$441.4,$44.1,"$10,329",MegaBuild Ltd,1/5/2024,15/5/2024,Warehouse A,FALSE,,OverStock
99110,Paint Bucket,Interior,19,80,$129.0,$12.9,$245,Konga Wholesale,1/5/2024,31/5/2024,Warehouse A,TRUE,61,Other
21136,Door Frame,Hardware,120,80,$397.2,$39.7,"$4,767",FixRight Depot,1/5/2024,31/5/2024,Warehouse C,FALSE,,Other
38546,Water Heater,Plumbing,140,30,$304.5,$30.5,"$4,263",Jumia Supplies,1/5/2024,28/5/2024,Warehouse C,FALSE,,OverStock
52853,Ceiling Board,Interior,241,50,$174.1,$17.4,"$4,195",FixRight Depot,1/5/2024,8/5/2024,Warehouse C,FALSE,,OverStock
93205,Kitchen Sink,Plumbing,291,150,$412.3,$41.2,"$11,997",MegaBuild Ltd,1/5/2024,6/6/2024,Warehouse B,FALSE,,Other
61712,Electrical Cable,Electrical,9,80,$68.2,$6.8,$61,Jumia Supplies,1/5/2024,31/5/2024,Warehouse B,TRUE,71,Other
31643,Ceiling Board,Interior,196,150,$165.8,$16.6,"$3,250",Jumia Supplies,1/5/2024,12/5/2024,Warehouse C,FALSE,,Other
55562,Toilet Seat,Hardware,224,80,$276.6,$27.7,"$6,196",Konga Wholesale,1/5/2024,31/5/2024,Warehouse C,FALSE,,Other
81831,PVC Pipe,Plumbing,270,30,$91.5,$9.2,"$2,471",Jumia Supplies,30/4/2024,12/5/2024,Warehouse B,FALSE,,OverStock
81274,Toilet Seat,Hardware,376,80,$465.8,$46.6,"$17,514",Konga Wholesale,30/4/2024,5/5/2024,Warehouse A,FALSE,,OverStock
77173,Roofing Sheet,Building Materials,2,100,$10.7,$1.1,$2,Alpha Materials,30/4/2024,5/5/2024,Warehouse A,TRUE,98,Other
19716,Water Heater,Plumbing,414,40,$129.8,$13.0,"$5,374",FixRight Depot,30/4/2024,16/5/2024,Warehouse B,FALSE,,OverStock
52801,Switch Box,Electrical,276,100,$135.0,$13.5,"$3,727",MegaBuild Ltd,30/4/2024,10/5/2024,Warehouse C,FALSE,,Other
11745,Shower Set,Hardware,332,150,$74.1,$7.4,"$2,458",MegaBuild Ltd,30/4/2024,7/5/2024,Warehouse B,FALSE,,Other
93492,Concrete Block,Building Materials,368,50,$411.8,$41.2,"$15,152",Konga Wholesale,30/4/2024,7/5/2024,Warehouse C,FALSE,,OverStock
41051,Concrete Block,Building Materials,367,100,$291.7,$29.2,"$10,704",FixRight Depot,30/4/2024,21/5/2024,Warehouse B,FALSE,,OverStock
63492,Floor Tiles,Interior,270,150,$194.3,$19.4,"$5,247",Alpha Materials,30/4/2024,27/5/2024,Warehouse B,FALSE,,Other
21358,Ceiling Board,Interior,179,150,$261.8,$26.2,"$4,686",Konga Wholesale,30/4/2024,7/6/2024,Warehouse C,FALSE,,Other
77889,Concrete Block,Building Materials,373,20,$33.7,$3.4,"$1,256",Alpha Materials,29/4/2024,21/5/2024,Warehouse C,FALSE,,OverStock
16057,Toilet Seat,Hardware,318,20,$329.8,$33.0,"$10,487",FixRight Depot,29/4/2024,10/5/2024,Warehouse A,FALSE,,OverStock
47190,Roofing Sheet,Building Materials,289,20,$96.7,$9.7,"$2,794",MegaBuild Ltd,29/4/2024,22/5/2024,Warehouse B,FALSE,,OverStock
97081,PVC Pipe,Plumbing,380,20,$192.8,$19.3,"$7,328",Alpha Materials,29/4/2024,19/5/2024,Warehouse B,FALSE,,OverStock
64020,Electrical Cable,Electrical,190,80,$156.4,$15.6,"$2,971",MegaBuild Ltd,29/4/2024,16/5/2024,Warehouse B,FALSE,,Other
78213,Wallpaper Roll,Interior,177,100,$376.0,$37.6,"$6,655",Jumia Supplies,29/4/2024,22/5/2024,Warehouse A,FALSE,,Other
55543,PVC Pipe,Plumbing,238,30,$123.7,$12.4,"$2,944",Alpha Materials,27/4/2024,26/5/2024,Warehouse A,FALSE,,OverStock
98789,Kitchen Sink,Plumbing,378,80,$302.8,$30.3,"$11,446",FixRight Depot,27/4/2024,22/5/2024,Warehouse A,FALSE,,OverStock
65860,Floor Tiles,Interior,226,80,$33.8,$3.4,$763,FixRight Depot,27/4/2024,11/5/2024,Warehouse C,FALSE,,Other
10717,Concrete Block,Building Materials,335,20,$245.1,$24.5,"$8,212",Alpha Materials,27/4/2024,8/5/2024,Warehouse C,FALSE,,OverStock
19290,Cement Bag,Building Materials,117,100,$169.0,$16.9,"$1,978",Jumia Supplies,27/4/2024,5/5/2024,Warehouse C,FALSE,,Other
84797,Kitchen Sink,Plumbing,199,50,$396.7,$39.7,"$7,894",FixRight Depot,27/4/2024,8/5/2024,Warehouse A,FALSE,,OverStock
37213,Roofing Sheet,Building Materials,224,50,$481.4,$48.1,"$10,783",Konga Wholesale,27/4/2024,4/6/2024,Warehouse C,FALSE,,OverStock
85519,Floor Tiles,Interior,441,150,$473.7,$47.4,"$20,888",FixRight Depot,27/4/2024,1/6/2024,Warehouse C,FALSE,,Other
78908,Window Glass,Hardware,417,100,$399.2,$39.9,"$16,646",FixRight Depot,27/4/2024,19/5/2024,Warehouse A,FALSE,,OverStock
80474,Paint Bucket,Interior,478,150,$82.3,$8.2,"$3,934",Konga Wholesale,27/4/2024,7/5/2024,Warehouse A,FALSE,,OverStock
99262,PVC Pipe,Plumbing,491,30,$62.7,$6.3,"$3,076",Konga Wholesale,27/4/2024,19/5/2024,Warehouse C,FALSE,,OverStock
45402,Kitchen Sink,Plumbing,54,50,$158.6,$15.9,$856,Jumia Supplies,27/4/2024,18/5/2024,Warehouse A,FALSE,,Other
77370,Wallpaper Roll,Interior,444,100,$459.1,$45.9,"$20,385",MegaBuild Ltd,27/4/2024,2/5/2024,Warehouse C,FALSE,,OverStock
32015,Roofing Sheet,Building Materials,95,20,$222.1,$22.2,"$2,110",FixRight Depot,26/4/2024,3/6/2024,Warehouse B,FALSE,,OverStock
75305,Switch Box,Electrical,352,40,$352.1,$35.2,"$12,393",Alpha Materials,26/4/2024,30/5/2024,Warehouse C,FALSE,,OverStock
16765,Cement Bag,Building Materials,388,80,$318.2,$31.8,"$12,345",Konga Wholesale,26/4/2024,6/5/2024,Warehouse A,FALSE,,OverStock
42548,Cement Bag,Building Materials,96,20,$42.6,$4.3,$409,FixRight Depot,26/4/2024,29/5/2024,Warehouse B,FALSE,,OverStock
82369,Wallpaper Roll,Interior,239,20,$350.6,$35.1,"$8,380",Jumia Supplies,26/4/2024,3/5/2024,Warehouse B,FALSE,,OverStock
58505,PVC Pipe,Plumbing,464,150,$396.5,$39.6,"$18,397",FixRight Depot,26/4/2024,10/5/2024,Warehouse C,FALSE,,OverStock
64626,Paint Bucket,Interior,163,50,$341.0,$34.1,"$5,559",Jumia Supplies,26/4/2024,12/5/2024,Warehouse B,FALSE,,OverStock
91164,Paint Bucket,Interior,128,100,$302.1,$30.2,"$3,867",Alpha Materials,26/4/2024,12/5/2024,Warehouse A,FALSE,,Other
49464,Floor Tiles,Interior,361,50,$251.3,$25.1,"$9,071",Konga Wholesale,25/4/2024,28/5/2024,Warehouse C,FALSE,,OverStock
36393,Shower Set,Hardware,346,20,$164.2,$16.4,"$5,680",Jumia Supplies,25/4/2024,17/5/2024,Warehouse C,FALSE,,OverStock
60603,Shower Set,Hardware,83,30,$322.9,$32.3,"$2,680",Konga Wholesale,25/4/2024,12/5/2024,Warehouse B,FALSE,,Other
52425,Window Glass,Hardware,245,150,$249.5,$25.0,"$6,113",FixRight Depot,25/4/2024,17/5/2024,Warehouse A,FALSE,,Other
19145,Door Frame,Hardware,385,150,$179.2,$17.9,"$6,897",Konga Wholesale,25/4/2024,30/5/2024,Warehouse C,FALSE,,Other
27540,Concrete Block,Building Materials,312,40,$287.3,$28.7,"$8,963",FixRight Depot,25/4/2024,11/5/2024,Warehouse A,FALSE,,OverStock
81315,Wallpaper Roll,Interior,172,30,$11.0,$1.1,$190,Konga Wholesale,24/4/2024,24/5/2024,Warehouse B,FALSE,,OverStock
41658,Door Frame,Hardware,488,20,$180.4,$18.0,"$8,804",Konga Wholesale,24/4/2024,21/5/2024,Warehouse C,FALSE,,OverStock
36148,Electrical Cable,Electrical,485,100,$339.4,$33.9,"$16,460",Jumia Supplies,24/4/2024,25/5/2024,Warehouse C,FALSE,,OverStock
55913,Water Heater,Plumbing,344,40,$401.6,$40.2,"$13,814",Alpha Materials,24/4/2024,30/4/2024,Warehouse B,FALSE,,OverStock
34918,Paint Bucket,Interior,293,40,$172.2,$17.2,"$5,045",MegaBuild Ltd,24/4/2024,1/5/2024,Warehouse C,FALSE,,OverStock
57606,Bulb Pack,Electrical,236,50,$19.6,$2.0,$462,Jumia Supplies,24/4/2024,25/5/2024,Warehouse C,FALSE,,OverStock
57452,Cement Bag,Building Materials,445,20,$309.4,$30.9,"$13,768",Konga Wholesale,24/4/2024,23/5/2024,Warehouse B,FALSE,,OverStock
44841,Floor Tiles,Interior,327,50,$71.6,$7.2,"$2,340",MegaBuild Ltd,24/4/2024,18/5/2024,Warehouse C,FALSE,,OverStock
43149,Window Glass,Hardware,477,150,$220.0,$22.0,"$10,492",Alpha Materials,24/4/2024,22/5/2024,Warehouse B,FALSE,,OverStock
10552,Bulb Pack,Electrical,296,20,$447.1,$44.7,"$13,235",Alpha Materials,24/4/2024,29/4/2024,Warehouse B,FALSE,,OverStock
72093,PVC Pipe,Plumbing,199,20,$224.7,$22.5,"$4,472",Alpha Materials,24/4/2024,2/5/2024,Warehouse B,FALSE,,OverStock
48011,Concrete Block,Building Materials,478,50,$347.7,$34.8,"$16,622",Konga Wholesale,24/4/2024,17/5/2024,Warehouse B,FALSE,,OverStock
10412,Kitchen Sink,Plumbing,104,150,$63.5,$6.3,$660,FixRight Depot,23/4/2024,8/5/2024,Warehouse A,TRUE,46,Other
25417,Ceiling Board,Interior,90,30,$330.0,$33.0,"$2,970",MegaBuild Ltd,23/4/2024,28/4/2024,Warehouse A,FALSE,,Other
25630,Bulb Pack,Electrical,441,30,$192.2,$19.2,"$8,477",Jumia Supplies,23/4/2024,4/5/2024,Warehouse C,FALSE,,OverStock
65823,Door Frame,Hardware,63,40,$399.2,$39.9,"$2,515",Jumia Supplies,23/4/2024,17/5/2024,Warehouse C,FALSE,,Other
61690,Water Heater,Plumbing,323,150,$152.4,$15.2,"$4,922",Jumia Supplies,23/4/2024,5/5/2024,Warehouse C,FALSE,,Other
77342,Floor Tiles,Interior,144,20,$137.8,$13.8,"$1,984",Konga Wholesale,23/4/2024,23/5/2024,Warehouse A,FALSE,,OverStock
30337,Door Frame,Hardware,482,30,$144.5,$14.4,"$6,962",FixRight Depot,23/4/2024,3/5/2024,Warehouse A,FALSE,,OverStock
14447,Cement Bag,Building Materials,198,20,$238.3,$23.8,"$4,718",FixRight Depot,23/4/2024,18/5/2024,Warehouse B,FALSE,,OverStock
60428,Door Frame,Hardware,25,50,$404.1,$40.4,"$1,010",FixRight Depot,22/4/2024,31/5/2024,Warehouse C,TRUE,25,Other
54870,PVC Pipe,Plumbing,130,40,$97.0,$9.7,"$1,261",MegaBuild Ltd,22/4/2024,27/4/2024,Warehouse C,FALSE,,OverStock
63668,Switch Box,Electrical,3,80,$59.7,$6.0,$18,Jumia Supplies,22/4/2024,19/5/2024,Warehouse A,TRUE,77,Other
94597,Electrical Cable,Electrical,363,50,$218.2,$21.8,"$7,920",FixRight Depot,22/4/2024,29/5/2024,Warehouse A,FALSE,,OverStock
92018,Concrete Block,Building Materials,103,50,$292.4,$29.2,"$3,012",Jumia Supplies,21/4/2024,20/5/2024,Warehouse A,FALSE,,Other
54238,Ceiling Board,Interior,477,100,$397.0,$39.7,"$18,935",Alpha Materials,21/4/2024,18/5/2024,Warehouse A,FALSE,,OverStock
84102,Cement Bag,Building Materials,429,100,$35.0,$3.5,"$1,502",Konga Wholesale,21/4/2024,28/5/2024,Warehouse C,FALSE,,OverStock
13722,PVC Pipe,Plumbing,228,30,$288.7,$28.9,"$6,581",Konga Wholesale,21/4/2024,28/4/2024,Warehouse A,FALSE,,OverStock
76483,Concrete Block,Building Materials,195,100,$187.2,$18.7,"$3,650",MegaBuild Ltd,21/4/2024,2/5/2024,Warehouse B,FALSE,,Other
69267,Concrete Block,Building Materials,205,100,$414.1,$41.4,"$8,488",Alpha Materials,21/4/2024,24/5/2024,Warehouse A,FALSE,,Other
70200,Cement Bag,Building Materials,476,30,$469.8,$47.0,"$22,360",MegaBuild Ltd,21/4/2024,24/5/2024,Warehouse B,FALSE,,OverStock
69556,Switch Box,Electrical,383,80,$351.0,$35.1,"$13,443",Konga Wholesale,21/4/2024,2/5/2024,Warehouse B,FALSE,,OverStock
96677,Ceiling Board,Interior,125,80,$463.0,$46.3,"$5,788",Konga Wholesale,21/4/2024,26/5/2024,Warehouse B,FALSE,,Other
22003,Window Glass,Hardware,43,100,$471.1,$47.1,"$2,026",Alpha Materials,21/4/2024,26/5/2024,Warehouse A,TRUE,57,Other
79260,Shower Set,Hardware,223,50,$283.0,$28.3,"$6,310",Konga Wholesale,21/4/2024,26/4/2024,Warehouse A,FALSE,,OverStock
89905,Paint Bucket,Interior,66,20,$251.7,$25.2,"$1,661",Jumia Supplies,20/4/2024,16/5/2024,Warehouse C,FALSE,,OverStock
36762,Roofing Sheet,Building Materials,279,80,$224.8,$22.5,"$6,272",FixRight Depot,20/4/2024,28/5/2024,Warehouse C,FALSE,,OverStock
52095,Paint Bucket,Interior,408,50,$315.2,$31.5,"$12,859",Alpha Materials,20/4/2024,6/5/2024,Warehouse C,FALSE,,OverStock
84492,Door Frame,Hardware,203,40,$490.6,$49.1,"$9,958",Jumia Supplies,20/4/2024,25/4/2024,Warehouse B,FALSE,,OverStock
69090,Paint Bucket,Interior,232,50,$447.7,$44.8,"$10,387",FixRight Depot,20/4/2024,27/4/2024,Warehouse A,FALSE,,OverStock
54514,Bulb Pack,Electrical,60,100,$437.6,$43.8,"$2,625",Alpha Materials,20/4/2024,27/4/2024,Warehouse B,TRUE,40,Other
27290,Roofing Sheet,Building Materials,474,150,$473.3,$47.3,"$22,435",FixRight Depot,19/4/2024,6/5/2024,Warehouse A,FALSE,,OverStock
17549,Paint Bucket,Interior,111,100,$466.8,$46.7,"$5,181",Konga Wholesale,19/4/2024,26/4/2024,Warehouse C,FALSE,,Other
46775,Roofing Sheet,Building Materials,76,80,$213.4,$21.3,"$1,622",MegaBuild Ltd,19/4/2024,26/5/2024,Warehouse B,TRUE,4,Other
75185,PVC Pipe,Plumbing,278,100,$102.8,$10.3,"$2,858",Konga Wholesale,19/4/2024,14/5/2024,Warehouse A,FALSE,,Other
83379,Bulb Pack,Electrical,101,30,$453.2,$45.3,"$4,578",Konga Wholesale,18/4/2024,25/5/2024,Warehouse A,FALSE,,OverStock
76077,Roofing Sheet,Building Materials,365,40,$34.0,$3.4,"$1,240",MegaBuild Ltd,18/4/2024,4/5/2024,Warehouse B,FALSE,,OverStock
25954,Door Frame,Hardware,201,50,$333.8,$33.4,"$6,709",Konga Wholesale,18/4/2024,12/5/2024,Warehouse A,FALSE,,OverStock
92291,Concrete Block,Building Materials,494,50,$326.7,$32.7,"$16,137",Konga Wholesale,18/4/2024,19/5/2024,Warehouse B,FALSE,,OverStock
97134,Kitchen Sink,Plumbing,257,80,$466.2,$46.6,"$11,982",Jumia Supplies,18/4/2024,2/5/2024,Warehouse C,FALSE,,OverStock
12716,Switch Box,Electrical,275,100,$430.0,$43.0,"$11,824",FixRight Depot,18/4/2024,23/4/2024,Warehouse C,FALSE,,Other
89737,Floor Tiles,Interior,281,20,$26.3,$2.6,$740,Jumia Supplies,18/4/2024,19/5/2024,Warehouse C,FALSE,,OverStock
53744,Water Heater,Plumbing,432,50,$45.1,$4.5,"$1,949",MegaBuild Ltd,18/4/2024,24/5/2024,Warehouse A,FALSE,,OverStock
55650,Cement Bag,Building Materials,240,40,$439.5,$44.0,"$10,549",Konga Wholesale,18/4/2024,25/5/2024,Warehouse A,FALSE,,OverStock
72395,Concrete Block,Building Materials,12,150,$23.5,$2.3,$28,FixRight Depot,18/4/2024,26/4/2024,Warehouse C,TRUE,138,Other
55147,Window Glass,Hardware,123,20,$24.1,$2.4,$297,Konga Wholesale,18/4/2024,23/5/2024,Warehouse C,FALSE,,OverStock
92203,Wallpaper Roll,Interior,211,40,$499.7,$50.0,"$10,543",Alpha Materials,18/4/2024,30/4/2024,Warehouse A,FALSE,,OverStock
72582,Switch Box,Electrical,378,40,$499.4,$49.9,"$18,878",MegaBuild Ltd,18/4/2024,15/5/2024,Warehouse B,FALSE,,OverStock
84038,Cement Bag,Building Materials,209,20,$443.6,$44.4,"$9,270",Konga Wholesale,17/4/2024,23/4/2024,Warehouse B,FALSE,,OverStock
13164,Window Glass,Hardware,389,30,$122.4,$12.2,"$4,761",MegaBuild Ltd,17/4/2024,25/4/2024,Warehouse B,FALSE,,OverStock
96436,Ceiling Board,Interior,197,20,$108.5,$10.8,"$2,137",Alpha Materials,17/4/2024,17/5/2024,Warehouse A,FALSE,,OverStock
65390,Concrete Block,Building Materials,220,40,$270.1,$27.0,"$5,942",Jumia Supplies,17/4/2024,1/5/2024,Warehouse A,FALSE,,OverStock
64850,Concrete Block,Building Materials,236,100,$461.4,$46.1,"$10,888",MegaBuild Ltd,17/4/2024,22/4/2024,Warehouse C,FALSE,,Other
68390,Toilet Seat,Hardware,39,40,$216.4,$21.6,$844,Alpha Materials,17/4/2024,24/5/2024,Warehouse B,TRUE,1,Other
62331,Door Frame,Hardware,240,50,$353.7,$35.4,"$8,488",Jumia Supplies,17/4/2024,15/5/2024,Warehouse B,FALSE,,OverStock
24887,Floor Tiles,Interior,403,20,$57.8,$5.8,"$2,328",Alpha Materials,17/4/2024,15/5/2024,Warehouse C,FALSE,,OverStock
67194,Shower Set,Hardware,486,150,$138.0,$13.8,"$6,705",MegaBuild Ltd,17/4/2024,6/5/2024,Warehouse C,FALSE,,OverStock
75199,Bulb Pack,Electrical,482,40,$280.0,$28.0,"$13,494",Alpha Materials,17/4/2024,10/5/2024,Warehouse C,FALSE,,OverStock
27747,Bulb Pack,Electrical,356,100,$56.2,$5.6,"$2,001",MegaBuild Ltd,17/4/2024,20/5/2024,Warehouse C,FALSE,,OverStock
56009,Toilet Seat,Hardware,230,80,$147.6,$14.8,"$3,395",MegaBuild Ltd,16/4/2024,18/5/2024,Warehouse A,FALSE,,Other
69789,Cement Bag,Building Materials,234,20,$41.0,$4.1,$959,MegaBuild Ltd,16/4/2024,22/4/2024,Warehouse C,FALSE,,OverStock
24071,Water Heater,Plumbing,392,80,$480.6,$48.1,"$18,838",Jumia Supplies,16/4/2024,26/4/2024,Warehouse C,FALSE,,OverStock
66422,Paint Bucket,Interior,470,80,$405.3,$40.5,"$19,047",Alpha Materials,16/4/2024,28/4/2024,Warehouse A,FALSE,,OverStock
21408,Wallpaper Roll,Interior,268,150,$432.5,$43.3,"$11,592",Alpha Materials,16/4/2024,18/5/2024,Warehouse B,FALSE,,Other
79550,Water Heater,Plumbing,413,40,$384.9,$38.5,"$15,897",FixRight Depot,16/4/2024,27/4/2024,Warehouse A,FALSE,,OverStock
19669,PVC Pipe,Plumbing,446,30,$21.4,$2.1,$956,Konga Wholesale,16/4/2024,18/5/2024,Warehouse B,FALSE,,OverStock
56814,Switch Box,Electrical,26,50,$206.5,$20.6,$537,MegaBuild Ltd,16/4/2024,19/5/2024,Warehouse B,TRUE,24,Other
93853,Water Heater,Plumbing,170,40,$22.0,$2.2,$373,Jumia Supplies,16/4/2024,5/5/2024,Warehouse B,FALSE,,OverStock
67660,Water Heater,Plumbing,121,30,$411.6,$41.2,"$4,980",Konga Wholesale,15/4/2024,30/4/2024,Warehouse C,FALSE,,OverStock
34351,Concrete Block,Building Materials,419,20,$420.7,$42.1,"$17,627",Jumia Supplies,15/4/2024,21/5/2024,Warehouse B,FALSE,,OverStock
59037,Kitchen Sink,Plumbing,471,40,$453.4,$45.3,"$21,357",FixRight Depot,15/4/2024,21/5/2024,Warehouse B,FALSE,,OverStock
38004,Ceiling Board,Interior,28,30,$149.3,$14.9,$418,Alpha Materials,15/4/2024,22/4/2024,Warehouse A,TRUE,2,Other
41232,Kitchen Sink,Plumbing,460,40,$56.7,$5.7,"$2,606",MegaBuild Ltd,15/4/2024,4/5/2024,Warehouse C,FALSE,,OverStock
97225,Bulb Pack,Electrical,268,50,$340.7,$34.1,"$9,130",FixRight Depot,14/4/2024,7/5/2024,Warehouse C,FALSE,,OverStock
15583,Switch Box,Electrical,58,20,$360.8,$36.1,"$2,092",MegaBuild Ltd,14/4/2024,24/4/2024,Warehouse C,FALSE,,Other
30028,Bulb Pack,Electrical,31,150,$405.1,$40.5,"$1,256",FixRight Depot,14/4/2024,19/4/2024,Warehouse B,TRUE,119,Other
76600,Bulb Pack,Electrical,51,150,$65.6,$6.6,$334,Jumia Supplies,14/4/2024,22/5/2024,Warehouse A,TRUE,99,Other
64843,Kitchen Sink,Plumbing,23,40,$282.0,$28.2,$649,Konga Wholesale,14/4/2024,7/5/2024,Warehouse B,TRUE,17,Other
28802,Door Frame,Hardware,81,20,$193.2,$19.3,"$1,565",FixRight Depot,14/4/2024,22/5/2024,Warehouse C,FALSE,,OverStock
22291,Cement Bag,Building Materials,287,40,$444.3,$44.4,"$12,751",Konga Wholesale,14/4/2024,6/5/2024,Warehouse C,FALSE,,OverStock
41063,Bulb Pack,Electrical,159,30,$56.5,$5.6,$898,Alpha Materials,14/4/2024,30/4/2024,Warehouse C,FALSE,,OverStock
18527,PVC Pipe,Plumbing,8,40,$486.3,$48.6,$389,MegaBuild Ltd,14/4/2024,16/5/2024,Warehouse B,TRUE,32,Other
32760,Floor Tiles,Interior,397,100,$449.8,$45.0,"$17,859",MegaBuild Ltd,13/4/2024,12/5/2024,Warehouse A,FALSE,,OverStock
11214,Switch Box,Electrical,118,150,$172.1,$17.2,"$2,030",FixRight Depot,13/4/2024,27/4/2024,Warehouse C,TRUE,32,Other
48737,Switch Box,Electrical,392,40,$218.3,$21.8,"$8,559",Alpha Materials,13/4/2024,9/5/2024,Warehouse C,FALSE,,OverStock
59396,Shower Set,Hardware,447,150,$149.8,$15.0,"$6,694",Jumia Supplies,13/4/2024,17/5/2024,Warehouse A,FALSE,,Other
89455,Paint Bucket,Interior,360,150,$6.7,$0.7,$242,Alpha Materials,13/4/2024,3/5/2024,Warehouse B,FALSE,,Other
64021,Cement Bag,Building Materials,59,50,$482.8,$48.3,"$2,849",Alpha Materials,12/4/2024,20/4/2024,Warehouse B,FALSE,,Other
99613,Switch Box,Electrical,476,30,$373.8,$37.4,"$17,793",Konga Wholesale,12/4/2024,3/5/2024,Warehouse A,FALSE,,OverStock
13321,Toilet Seat,Hardware,444,20,$412.8,$41.3,"$18,327",Alpha Materials,12/4/2024,14/5/2024,Warehouse A,FALSE,,OverStock
41417,Door Frame,Hardware,437,50,$491.9,$49.2,"$21,495",Alpha Materials,12/4/2024,17/5/2024,Warehouse C,FALSE,,OverStock
27358,Roofing Sheet,Building Materials,425,50,$388.6,$38.9,"$16,515",MegaBuild Ltd,12/4/2024,4/5/2024,Warehouse C,FALSE,,OverStock
63871,Toilet Seat,Hardware,246,30,$266.3,$26.6,"$6,550",Jumia Supplies,12/4/2024,19/4/2024,Warehouse C,FALSE,,OverStock
54345,Wallpaper Roll,Interior,214,150,$392.1,$39.2,"$8,391",MegaBuild Ltd,12/4/2024,24/4/2024,Warehouse B,FALSE,,Other
98529,Bulb Pack,Electrical,20,100,$81.4,$8.1,$163,Konga Wholesale,12/4/2024,10/5/2024,Warehouse B,TRUE,80,Other
52517,Kitchen Sink,Plumbing,316,150,$320.9,$32.1,"$10,140",FixRight Depot,12/4/2024,3/5/2024,Warehouse C,FALSE,,Other
68451,Cement Bag,Building Materials,376,80,$161.7,$16.2,"$6,080",FixRight Depot,12/4/2024,7/5/2024,Warehouse B,FALSE,,OverStock
37172,PVC Pipe,Plumbing,406,150,$351.6,$35.2,"$14,275",Jumia Supplies,12/4/2024,11/5/2024,Warehouse A,FALSE,,Other
33051,PVC Pipe,Plumbing,107,50,$484.0,$48.4,"$5,179",Konga Wholesale,11/4/2024,19/5/2024,Warehouse A,FALSE,,Other
14114,Shower Set,Hardware,488,40,$439.9,$44.0,"$21,466",MegaBuild Ltd,11/4/2024,19/4/2024,Warehouse B,FALSE,,OverStock
35557,Floor Tiles,Interior,53,30,$110.6,$11.1,$586,Alpha Materials,11/4/2024,10/5/2024,Warehouse B,FALSE,,Other
94292,Concrete Block,Building Materials,157,20,$412.0,$41.2,"$6,469",Konga Wholesale,11/4/2024,7/5/2024,Warehouse A,FALSE,,OverStock
49419,Wallpaper Roll,Interior,364,20,$364.4,$36.4,"$13,265",Jumia Supplies,11/4/2024,28/4/2024,Warehouse C,FALSE,,OverStock
48734,PVC Pipe,Plumbing,152,30,$298.9,$29.9,"$4,543",Jumia Supplies,11/4/2024,30/4/2024,Warehouse C,FALSE,,OverStock
29112,Bulb Pack,Electrical,240,100,$14.9,$1.5,$358,MegaBuild Ltd,11/4/2024,27/4/2024,Warehouse C,FALSE,,Other
74583,Concrete Block,Building Materials,67,80,$420.0,$42.0,"$2,814",Jumia Supplies,11/4/2024,20/5/2024,Warehouse A,TRUE,13,Other
98154,Cement Bag,Building Materials,397,150,$408.0,$40.8,"$16,198",Alpha Materials,11/4/2024,11/5/2024,Warehouse A,FALSE,,Other
11645,Concrete Block,Building Materials,266,150,$65.8,$6.6,"$1,750",FixRight Depot,10/4/2024,5/5/2024,Warehouse B,FALSE,,Other
35599,Floor Tiles,Interior,210,50,$499.7,$50.0,"$10,495",Jumia Supplies,10/4/2024,12/5/2024,Warehouse C,FALSE,,OverStock
32927,Wallpaper Roll,Interior,117,80,$315.1,$31.5,"$3,687",MegaBuild Ltd,10/4/2024,14/5/2024,Warehouse C,FALSE,,Other
28227,Shower Set,Hardware,62,40,$74.3,$7.4,$461,Jumia Supplies,10/4/2024,12/5/2024,Warehouse B,FALSE,,Other
81895,PVC Pipe,Plumbing,96,20,$349.7,$35.0,"$3,357",Alpha Materials,10/4/2024,7/5/2024,Warehouse B,FALSE,,OverStock
62136,Wallpaper Roll,Interior,451,40,$495.2,$49.5,"$22,331",Konga Wholesale,10/4/2024,9/5/2024,Warehouse A,FALSE,,OverStock
98920,Electrical Cable,Electrical,67,30,$367.3,$36.7,"$2,461",MegaBuild Ltd,9/4/2024,23/4/2024,Warehouse C,FALSE,,Other
93692,PVC Pipe,Plumbing,328,100,$238.8,$23.9,"$7,832",MegaBuild Ltd,9/4/2024,6/5/2024,Warehouse A,FALSE,,OverStock
50863,Floor Tiles,Interior,336,40,$180.6,$18.1,"$6,067",MegaBuild Ltd,9/4/2024,18/5/2024,Warehouse A,FALSE,,OverStock
37703,Concrete Block,Building Materials,433,80,$376.6,$37.7,"$16,306",MegaBuild Ltd,9/4/2024,30/4/2024,Warehouse B,FALSE,,OverStock
27388,Shower Set,Hardware,333,40,$448.6,$44.9,"$14,939",MegaBuild Ltd,9/4/2024,14/5/2024,Warehouse C,FALSE,,OverStock
50854,Concrete Block,Building Materials,268,50,$168.8,$16.9,"$4,524",Konga Wholesale,9/4/2024,23/4/2024,Warehouse C,FALSE,,OverStock
45391,Bulb Pack,Electrical,101,30,$337.1,$33.7,"$3,405",FixRight Depot,9/4/2024,2/5/2024,Warehouse C,FALSE,,OverStock
37946,Bulb Pack,Electrical,480,30,$306.9,$30.7,"$14,731",MegaBuild Ltd,9/4/2024,18/4/2024,Warehouse A,FALSE,,OverStock
12082,Window Glass,Hardware,65,100,$49.5,$4.9,$321,Alpha Materials,9/4/2024,26/4/2024,Warehouse B,TRUE,35,Other
13051,Water Heater,Plumbing,312,150,$325.6,$32.6,"$10,160",MegaBuild Ltd,9/4/2024,16/4/2024,Warehouse C,FALSE,,Other
64664,Paint Bucket,Interior,283,150,$104.1,$10.4,"$2,946",Jumia Supplies,9/4/2024,17/4/2024,Warehouse A,FALSE,,Other
49884,Window Glass,Hardware,27,40,$197.2,$19.7,$532,FixRight Depot,9/4/2024,14/5/2024,Warehouse A,TRUE,13,Other
34538,Roofing Sheet,Building Materials,406,100,$166.0,$16.6,"$6,738",Konga Wholesale,8/4/2024,4/5/2024,Warehouse A,FALSE,,OverStock
13332,Concrete Block,Building Materials,387,20,$15.0,$1.5,$579,FixRight Depot,8/4/2024,17/4/2024,Warehouse C,FALSE,,OverStock
88812,Bulb Pack,Electrical,318,20,$149.2,$14.9,"$4,745",Konga Wholesale,8/4/2024,12/5/2024,Warehouse B,FALSE,,OverStock
71993,Toilet Seat,Hardware,478,100,$305.8,$30.6,"$14,618",Konga Wholesale,8/4/2024,12/5/2024,Warehouse C,FALSE,,OverStock
14123,Electrical Cable,Electrical,267,100,$244.6,$24.5,"$6,531",FixRight Depot,8/4/2024,29/4/2024,Warehouse B,FALSE,,Other
48349,Floor Tiles,Interior,234,100,$377.5,$37.7,"$8,833",Jumia Supplies,8/4/2024,15/5/2024,Warehouse A,FALSE,,Other
18702,Concrete Block,Building Materials,314,40,$286.7,$28.7,"$9,002",Jumia Supplies,7/4/2024,16/5/2024,Warehouse A,FALSE,,OverStock
41821,Concrete Block,Building Materials,56,30,$415.6,$41.6,"$2,327",MegaBuild Ltd,7/4/2024,27/4/2024,Warehouse B,FALSE,,Other
15362,Kitchen Sink,Plumbing,316,80,$14.5,$1.4,$457,Konga Wholesale,7/4/2024,15/5/2024,Warehouse C,FALSE,,OverStock
25900,Water Heater,Plumbing,111,20,$447.8,$44.8,"$4,970",MegaBuild Ltd,7/4/2024,5/5/2024,Warehouse B,FALSE,,OverStock
67811,Paint Bucket,Interior,226,40,$22.3,$2.2,$503,MegaBuild Ltd,7/4/2024,25/4/2024,Warehouse C,FALSE,,OverStock
38022,PVC Pipe,Plumbing,431,20,$134.3,$13.4,"$5,789",MegaBuild Ltd,7/4/2024,8/5/2024,Warehouse B,FALSE,,OverStock
20808,Shower Set,Hardware,388,40,$208.8,$20.9,"$8,100",FixRight Depot,6/4/2024,15/4/2024,Warehouse B,FALSE,,OverStock
23255,Electrical Cable,Electrical,425,30,$495.9,$49.6,"$21,075",MegaBuild Ltd,6/4/2024,22/4/2024,Warehouse B,FALSE,,OverStock
60870,Floor Tiles,Interior,429,50,$129.9,$13.0,"$5,572",MegaBuild Ltd,6/4/2024,6/5/2024,Warehouse A,FALSE,,OverStock
58990,Switch Box,Electrical,354,50,$81.1,$8.1,"$2,869",Jumia Supplies,6/4/2024,4/5/2024,Warehouse B,FALSE,,OverStock
15193,Window Glass,Hardware,427,100,$383.8,$38.4,"$16,387",Jumia Supplies,6/4/2024,3/5/2024,Warehouse B,FALSE,,OverStock
80679,Paint Bucket,Interior,310,30,$52.9,$5.3,"$1,639",Jumia Supplies,6/4/2024,10/5/2024,Warehouse C,FALSE,,OverStock
43885,Kitchen Sink,Plumbing,400,100,$499.8,$50.0,"$19,991",MegaBuild Ltd,5/4/2024,8/5/2024,Warehouse A,FALSE,,OverStock
19304,Switch Box,Electrical,145,50,$417.9,$41.8,"$6,059",FixRight Depot,5/4/2024,8/5/2024,Warehouse B,FALSE,,Other
15539,Paint Bucket,Interior,469,150,$197.8,$19.8,"$9,274",Jumia Supplies,5/4/2024,7/5/2024,Warehouse A,FALSE,,OverStock
93220,Concrete Block,Building Materials,41,30,$140.1,$14.0,$574,MegaBuild Ltd,5/4/2024,23/4/2024,Warehouse B,FALSE,,Other
65810,Kitchen Sink,Plumbing,184,50,$467.9,$46.8,"$8,609",Konga Wholesale,5/4/2024,8/5/2024,Warehouse B,FALSE,,OverStock
32272,Switch Box,Electrical,146,150,$335.6,$33.6,"$4,900",Alpha Materials,5/4/2024,13/5/2024,Warehouse A,TRUE,4,Other
16154,Window Glass,Hardware,477,30,$242.6,$24.3,"$11,571",Alpha Materials,4/4/2024,10/5/2024,Warehouse A,FALSE,,OverStock
41552,PVC Pipe,Plumbing,252,100,$160.3,$16.0,"$4,040",Alpha Materials,4/4/2024,22/4/2024,Warehouse C,FALSE,,Other
44753,Floor Tiles,Interior,132,20,$278.8,$27.9,"$3,680",Alpha Materials,4/4/2024,30/4/2024,Warehouse A,FALSE,,OverStock
80211,Paint Bucket,Interior,420,30,$224.1,$22.4,"$9,411",Konga Wholesale,4/4/2024,19/4/2024,Warehouse B,FALSE,,OverStock
13017,Cement Bag,Building Materials,258,50,$279.3,$27.9,"$7,206",Alpha Materials,4/4/2024,24/4/2024,Warehouse C,FALSE,,OverStock
23672,Floor Tiles,Interior,306,150,$438.0,$43.8,"$13,402",Alpha Materials,4/4/2024,3/5/2024,Warehouse B,FALSE,,Other
83844,Wallpaper Roll,Interior,88,20,$143.3,$14.3,"$1,261",Alpha Materials,4/4/2024,25/4/2024,Warehouse C,FALSE,,OverStock
30099,Window Glass,Hardware,48,20,$341.2,$34.1,"$1,638",Konga Wholesale,4/4/2024,3/5/2024,Warehouse C,FALSE,,Other
29861,Roofing Sheet,Building Materials,361,30,$265.3,$26.5,"$9,577",MegaBuild Ltd,4/4/2024,21/4/2024,Warehouse B,FALSE,,OverStock
70659,Electrical Cable,Electrical,210,40,$222.4,$22.2,"$4,670",Jumia Supplies,4/4/2024,10/5/2024,Warehouse C,FALSE,,OverStock
66746,Window Glass,Hardware,7,100,$360.6,$36.1,$252,Jumia Supplies,3/4/2024,8/4/2024,Warehouse C,TRUE,93,Other
45645,Kitchen Sink,Plumbing,91,100,$347.2,$34.7,"$3,159",FixRight Depot,3/4/2024,10/5/2024,Warehouse B,TRUE,9,Other
67632,Roofing Sheet,Building Materials,146,150,$140.0,$14.0,"$2,044",MegaBuild Ltd,3/4/2024,23/4/2024,Warehouse B,TRUE,4,Other
93509,Electrical Cable,Electrical,141,40,$26.7,$2.7,$376,MegaBuild Ltd,3/4/2024,30/4/2024,Warehouse A,FALSE,,OverStock
28394,Door Frame,Hardware,473,30,$183.4,$18.3,"$8,673",MegaBuild Ltd,3/4/2024,5/5/2024,Warehouse C,FALSE,,OverStock
47371,Ceiling Board,Interior,444,100,$129.1,$12.9,"$5,731",Konga Wholesale,3/4/2024,7/5/2024,Warehouse B,FALSE,,OverStock
43488,Bulb Pack,Electrical,66,80,$374.1,$37.4,"$2,469",FixRight Depot,3/4/2024,14/4/2024,Warehouse B,TRUE,14,Other
86619,Bulb Pack,Electrical,194,100,$89.0,$8.9,"$1,727",Jumia Supplies,2/4/2024,16/4/2024,Warehouse A,FALSE,,Other
95744,Bulb Pack,Electrical,498,20,$27.2,$2.7,"$1,356",Konga Wholesale,2/4/2024,13/4/2024,Warehouse A,FALSE,,OverStock
20799,Window Glass,Hardware,353,40,$275.6,$27.6,"$9,729",Jumia Supplies,2/4/2024,19/4/2024,Warehouse A,FALSE,,OverStock
80309,Window Glass,Hardware,326,150,$201.3,$20.1,"$6,563",Alpha Materials,2/4/2024,22/4/2024,Warehouse A,FALSE,,Other
47684,PVC Pipe,Plumbing,205,150,$186.3,$18.6,"$3,819",Jumia Supplies,2/4/2024,2/5/2024,Warehouse B,FALSE,,Other
95666,Wallpaper Roll,Interior,116,100,$496.7,$49.7,"$5,762",Alpha Materials,2/4/2024,22/4/2024,Warehouse B,FALSE,,Other
42046,Ceiling Board,Interior,462,30,$221.2,$22.1,"$10,220",MegaBuild Ltd,2/4/2024,18/4/2024,Warehouse A,FALSE,,OverStock
47790,Roofing Sheet,Building Materials,61,30,$436.2,$43.6,"$2,661",Konga Wholesale,2/4/2024,3/5/2024,Warehouse B,FALSE,,Other
92888,Paint Bucket,Interior,292,150,$233.2,$23.3,"$6,809",Alpha Materials,2/4/2024,8/5/2024,Warehouse A,FALSE,,Other
75082,Door Frame,Hardware,261,40,$434.7,$43.5,"$11,347",Jumia Supplies,1/4/2024,8/5/2024,Warehouse A,FALSE,,OverStock
63268,Switch Box,Electrical,194,20,$481.8,$48.2,"$9,347",Alpha Materials,1/4/2024,4/5/2024,Warehouse C,FALSE,,OverStock
71756,Wallpaper Roll,Interior,238,20,$10.4,$1.0,$246,FixRight Depot,1/4/2024,28/4/2024,Warehouse B,FALSE,,OverStock
95380,Paint Bucket,Interior,140,20,$205.1,$20.5,"$2,872",Jumia Supplies,1/4/2024,5/5/2024,Warehouse B,FALSE,,OverStock
44256,Ceiling Board,Interior,400,100,$272.9,$27.3,"$10,916",MegaBuild Ltd,1/4/2024,29/4/2024,Warehouse C,FALSE,,OverStock
28260,Window Glass,Hardware,115,80,$293.3,$29.3,"$3,373",FixRight Depot,1/4/2024,16/4/2024,Warehouse A,FALSE,,Other
25223,Kitchen Sink,Plumbing,224,100,$337.0,$33.7,"$7,549",FixRight Depot,31/3/2024,8/5/2024,Warehouse A,FALSE,,Other
27165,Ceiling Board,Interior,160,80,$376.6,$37.7,"$6,026",FixRight Depot,31/3/2024,27/4/2024,Warehouse C,FALSE,,Other
53327,Cement Bag,Building Materials,465,50,$177.5,$17.8,"$8,254",FixRight Depot,31/3/2024,29/4/2024,Warehouse A,FALSE,,OverStock
39309,Window Glass,Hardware,191,80,$354.5,$35.4,"$6,771",MegaBuild Ltd,30/3/2024,7/4/2024,Warehouse C,FALSE,,Other
48826,Cement Bag,Building Materials,248,150,$497.4,$49.7,"$12,336",FixRight Depot,30/3/2024,2/5/2024,Warehouse C,FALSE,,Other
96555,Water Heater,Plumbing,335,150,$318.8,$31.9,"$10,678",FixRight Depot,30/3/2024,22/4/2024,Warehouse A,FALSE,,Other
44019,Shower Set,Hardware,70,50,$16.0,$1.6,$112,Alpha Materials,30/3/2024,7/4/2024,Warehouse B,FALSE,,Other
52912,Kitchen Sink,Plumbing,458,20,$392.8,$39.3,"$17,991",MegaBuild Ltd,30/3/2024,15/4/2024,Warehouse C,FALSE,,OverStock
22427,Paint Bucket,Interior,200,150,$485.9,$48.6,"$9,718",FixRight Depot,30/3/2024,27/4/2024,Warehouse B,FALSE,,Other
28313,Wallpaper Roll,Interior,275,20,$193.4,$19.3,"$5,318",Konga Wholesale,30/3/2024,7/5/2024,Warehouse A,FALSE,,OverStock
49502,Paint Bucket,Interior,481,50,$71.6,$7.2,"$3,442",Alpha Materials,30/3/2024,13/4/2024,Warehouse C,FALSE,,OverStock
81484,Switch Box,Electrical,158,30,$162.1,$16.2,"$2,561",FixRight Depot,30/3/2024,4/5/2024,Warehouse C,FALSE,,OverStock
28356,Switch Box,Electrical,367,30,$310.1,$31.0,"$11,380",Jumia Supplies,30/3/2024,19/4/2024,Warehouse A,FALSE,,OverStock
49028,Door Frame,Hardware,121,30,$107.4,$10.7,"$1,299",MegaBuild Ltd,30/3/2024,6/4/2024,Warehouse B,FALSE,,OverStock
53303,Water Heater,Plumbing,131,20,$439.2,$43.9,"$5,754",Konga Wholesale,29/3/2024,20/4/2024,Warehouse A,FALSE,,OverStock
93611,Switch Box,Electrical,346,50,$401.3,$40.1,"$13,886",MegaBuild Ltd,29/3/2024,3/5/2024,Warehouse C,FALSE,,OverStock
93962,Cement Bag,Building Materials,254,50,$432.3,$43.2,"$10,980",Konga Wholesale,29/3/2024,10/4/2024,Warehouse C,FALSE,,OverStock
62282,Wallpaper Roll,Interior,472,30,$285.5,$28.5,"$13,474",Jumia Supplies,29/3/2024,12/4/2024,Warehouse C,FALSE,,OverStock
22651,Roofing Sheet,Building Materials,103,40,$282.5,$28.3,"$2,910",Konga Wholesale,29/3/2024,15/4/2024,Warehouse B,FALSE,,Other
49499,Concrete Block,Building Materials,424,40,$242.9,$24.3,"$10,297",Jumia Supplies,28/3/2024,18/4/2024,Warehouse B,FALSE,,OverStock
74418,Shower Set,Hardware,238,40,$370.0,$37.0,"$8,807",Konga Wholesale,28/3/2024,10/4/2024,Warehouse A,FALSE,,OverStock
85160,Shower Set,Hardware,427,20,$496.1,$49.6,"$21,183",FixRight Depot,28/3/2024,17/4/2024,Warehouse C,FALSE,,OverStock
91122,Kitchen Sink,Plumbing,367,40,$416.6,$41.7,"$15,290",Jumia Supplies,28/3/2024,4/4/2024,Warehouse B,FALSE,,OverStock
91499,PVC Pipe,Plumbing,441,20,$59.4,$5.9,"$2,621",MegaBuild Ltd,28/3/2024,6/4/2024,Warehouse B,FALSE,,OverStock
25860,Wallpaper Roll,Interior,190,20,$159.1,$15.9,"$3,023",MegaBuild Ltd,28/3/2024,13/4/2024,Warehouse A,FALSE,,OverStock
48585,Floor Tiles,Interior,231,150,$146.1,$14.6,"$3,374",Konga Wholesale,28/3/2024,7/4/2024,Warehouse C,FALSE,,Other
12703,Paint Bucket,Interior,97,20,$342.4,$34.2,"$3,322",Konga Wholesale,28/3/2024,13/4/2024,Warehouse C,FALSE,,OverStock
86553,Ceiling Board,Interior,476,150,$315.1,$31.5,"$14,997",Alpha Materials,28/3/2024,1/5/2024,Warehouse B,FALSE,,OverStock
13763,Shower Set,Hardware,411,100,$27.3,$2.7,"$1,123",Jumia Supplies,28/3/2024,18/4/2024,Warehouse A,FALSE,,OverStock
36399,Kitchen Sink,Plumbing,365,30,$207.3,$20.7,"$7,567",MegaBuild Ltd,27/3/2024,28/4/2024,Warehouse C,FALSE,,OverStock
98397,Roofing Sheet,Building Materials,281,50,$455.0,$45.5,"$12,785",MegaBuild Ltd,27/3/2024,14/4/2024,Warehouse C,FALSE,,OverStock
80476,Roofing Sheet,Building Materials,343,80,$79.3,$7.9,"$2,721",Jumia Supplies,27/3/2024,8/4/2024,Warehouse C,FALSE,,OverStock
92315,Switch Box,Electrical,432,150,$257.3,$25.7,"$11,116",Konga Wholesale,27/3/2024,19/4/2024,Warehouse A,FALSE,,Other
59485,Kitchen Sink,Plumbing,371,150,$96.1,$9.6,"$3,565",MegaBuild Ltd,27/3/2024,12/4/2024,Warehouse C,FALSE,,Other
36547,Toilet Seat,Hardware,145,150,$414.7,$41.5,"$6,013",Jumia Supplies,27/3/2024,11/4/2024,Warehouse B,TRUE,5,Other
97787,Concrete Block,Building Materials,343,100,$431.5,$43.2,"$14,801",Konga Wholesale,27/3/2024,5/4/2024,Warehouse B,FALSE,,OverStock
90635,Electrical Cable,Electrical,386,80,$145.4,$14.5,"$5,612",MegaBuild Ltd,27/3/2024,26/4/2024,Warehouse A,FALSE,,OverStock
79445,Floor Tiles,Interior,291,40,$292.6,$29.3,"$8,515",Alpha Materials,27/3/2024,2/4/2024,Warehouse A,FALSE,,OverStock
50584,Bulb Pack,Electrical,457,80,$342.7,$34.3,"$15,660",Alpha Materials,27/3/2024,3/5/2024,Warehouse A,FALSE,,OverStock
31775,Cement Bag,Building Materials,454,40,$252.0,$25.2,"$11,439",MegaBuild Ltd,27/3/2024,11/4/2024,Warehouse B,FALSE,,OverStock
34783,Water Heater,Plumbing,238,100,$28.7,$2.9,$683,FixRight Depot,27/3/2024,28/4/2024,Warehouse B,FALSE,,Other
20805,Switch Box,Electrical,65,20,$190.8,$19.1,"$1,240",FixRight Depot,26/3/2024,25/4/2024,Warehouse A,FALSE,,OverStock
43642,Ceiling Board,Interior,460,40,$432.5,$43.2,"$19,893",Alpha Materials,26/3/2024,29/4/2024,Warehouse B,FALSE,,OverStock
28366,Floor Tiles,Interior,351,30,$167.9,$16.8,"$5,893",Jumia Supplies,26/3/2024,13/4/2024,Warehouse A,FALSE,,OverStock
53199,Cement Bag,Building Materials,493,40,$480.3,$48.0,"$23,679",Alpha Materials,26/3/2024,19/4/2024,Warehouse B,FALSE,,OverStock
65333,PVC Pipe,Plumbing,380,80,$425.3,$42.5,"$16,162",Konga Wholesale,26/3/2024,2/4/2024,Warehouse C,FALSE,,OverStock
37133,Toilet Seat,Hardware,145,20,$275.9,$27.6,"$4,001",Alpha Materials,26/3/2024,31/3/2024,Warehouse A,FALSE,,OverStock
91855,Roofing Sheet,Building Materials,133,40,$483.2,$48.3,"$6,426",Alpha Materials,26/3/2024,10/4/2024,Warehouse A,FALSE,,OverStock
50149,Bulb Pack,Electrical,265,40,$121.3,$12.1,"$3,215",Alpha Materials,25/3/2024,19/4/2024,Warehouse C,FALSE,,OverStock
24626,Window Glass,Hardware,88,100,$210.5,$21.1,"$1,852",Alpha Materials,25/3/2024,20/4/2024,Warehouse B,TRUE,12,Other
65989,Cement Bag,Building Materials,418,20,$46.0,$4.6,"$1,924",MegaBuild Ltd,25/3/2024,30/4/2024,Warehouse C,FALSE,,OverStock
86772,Shower Set,Hardware,88,150,$78.6,$7.9,$691,Jumia Supplies,25/3/2024,18/4/2024,Warehouse A,TRUE,62,Other
12674,Kitchen Sink,Plumbing,54,150,$405.8,$40.6,"$2,191",Alpha Materials,25/3/2024,20/4/2024,Warehouse B,TRUE,96,Other
66782,Shower Set,Hardware,238,30,$46.2,$4.6,"$1,099",Jumia Supplies,25/3/2024,10/4/2024,Warehouse B,FALSE,,OverStock
76435,Paint Bucket,Interior,110,40,$244.8,$24.5,"$2,693",MegaBuild Ltd,24/3/2024,13/4/2024,Warehouse B,FALSE,,Other
33383,Switch Box,Electrical,29,150,$59.8,$6.0,$173,MegaBuild Ltd,24/3/2024,22/4/2024,Warehouse B,TRUE,121,Other
96450,Water Heater,Plumbing,174,20,$199.7,$20.0,"$3,474",MegaBuild Ltd,24/3/2024,2/5/2024,Warehouse A,FALSE,,OverStock
53158,Floor Tiles,Interior,185,150,$83.4,$8.3,"$1,543",FixRight Depot,24/3/2024,12/4/2024,Warehouse A,FALSE,,Other
45167,Window Glass,Hardware,200,20,$271.2,$27.1,"$5,423",Jumia Supplies,24/3/2024,12/4/2024,Warehouse A,FALSE,,OverStock
46303,Bulb Pack,Electrical,132,150,$493.6,$49.4,"$6,516",Alpha Materials,24/3/2024,30/4/2024,Warehouse C,TRUE,18,Other
21809,Window Glass,Hardware,302,40,$446.7,$44.7,"$13,489",MegaBuild Ltd,24/3/2024,19/4/2024,Warehouse A,FALSE,,OverStock
39794,Shower Set,Hardware,55,150,$491.9,$49.2,"$2,706",Alpha Materials,23/3/2024,5/4/2024,Warehouse A,TRUE,95,Other
80721,Ceiling Board,Interior,172,30,$8.0,$0.8,$138,Jumia Supplies,23/3/2024,12/4/2024,Warehouse C,FALSE,,OverStock
76471,Electrical Cable,Electrical,244,150,$164.8,$16.5,"$4,020",Alpha Materials,23/3/2024,19/4/2024,Warehouse C,FALSE,,Other
96799,Switch Box,Electrical,81,80,$313.2,$31.3,"$2,537",MegaBuild Ltd,23/3/2024,2/4/2024,Warehouse C,FALSE,,Other
82725,Switch Box,Electrical,493,20,$470.0,$47.0,"$23,170",FixRight Depot,23/3/2024,31/3/2024,Warehouse A,FALSE,,OverStock
93388,Door Frame,Hardware,380,40,$150.5,$15.0,"$5,717",Alpha Materials,23/3/2024,30/4/2024,Warehouse A,FALSE,,OverStock
75327,Door Frame,Hardware,161,30,$428.1,$42.8,"$6,892",Konga Wholesale,23/3/2024,23/4/2024,Warehouse A,FALSE,,OverStock
65911,Electrical Cable,Electrical,304,30,$497.3,$49.7,"$15,117",Konga Wholesale,23/3/2024,8/4/2024,Warehouse A,FALSE,,OverStock
70938,Electrical Cable,Electrical,368,150,$337.1,$33.7,"$12,407",Konga Wholesale,23/3/2024,19/4/2024,Warehouse A,FALSE,,Other
24705,Roofing Sheet,Building Materials,100,20,$270.1,$27.0,"$2,701",MegaBuild Ltd,23/3/2024,16/4/2024,Warehouse A,FALSE,,OverStock
96704,Ceiling Board,Interior,124,150,$443.9,$44.4,"$5,505",Alpha Materials,23/3/2024,5/4/2024,Warehouse B,TRUE,26,Other
52487,Concrete Block,Building Materials,285,150,$232.5,$23.3,"$6,627",FixRight Depot,22/3/2024,5/4/2024,Warehouse A,FALSE,,Other
39550,Door Frame,Hardware,446,80,$54.0,$5.4,"$2,408",MegaBuild Ltd,22/3/2024,19/4/2024,Warehouse C,FALSE,,OverStock
60672,Floor Tiles,Interior,12,30,$211.6,$21.2,$254,Alpha Materials,22/3/2024,4/4/2024,Warehouse A,TRUE,18,Other
46366,Switch Box,Electrical,499,150,$172.6,$17.3,"$8,614",FixRight Depot,22/3/2024,7/4/2024,Warehouse C,FALSE,,OverStock
68434,PVC Pipe,Plumbing,116,20,$438.8,$43.9,"$5,090",Konga Wholesale,22/3/2024,1/4/2024,Warehouse B,FALSE,,OverStock
58225,Paint Bucket,Interior,132,20,$319.3,$31.9,"$4,215",Jumia Supplies,22/3/2024,17/4/2024,Warehouse C,FALSE,,OverStock
99795,Kitchen Sink,Plumbing,213,80,$53.0,$5.3,"$1,128",Jumia Supplies,22/3/2024,12/4/2024,Warehouse A,FALSE,,Other
30100,Ceiling Board,Interior,382,20,$462.7,$46.3,"$17,675",FixRight Depot,22/3/2024,29/3/2024,Warehouse A,FALSE,,OverStock
97095,Roofing Sheet,Building Materials,428,150,$136.7,$13.7,"$5,852",Konga Wholesale,22/3/2024,9/4/2024,Warehouse B,FALSE,,Other
50910,Toilet Seat,Hardware,327,20,$425.6,$42.6,"$13,917",MegaBuild Ltd,22/3/2024,5/4/2024,Warehouse A,FALSE,,OverStock
80148,Bulb Pack,Electrical,342,100,$139.5,$14.0,"$4,772",Jumia Supplies,22/3/2024,25/4/2024,Warehouse C,FALSE,,OverStock
90389,Floor Tiles,Interior,477,30,$444.4,$44.4,"$21,196",MegaBuild Ltd,22/3/2024,15/4/2024,Warehouse A,FALSE,,OverStock
30583,Cement Bag,Building Materials,190,20,$90.2,$9.0,"$1,713",Konga Wholesale,21/3/2024,18/4/2024,Warehouse B,FALSE,,OverStock
60017,Concrete Block,Building Materials,196,40,$461.7,$46.2,"$9,049",Alpha Materials,21/3/2024,4/4/2024,Warehouse C,FALSE,,OverStock
80726,Paint Bucket,Interior,62,50,$396.0,$39.6,"$2,455",Jumia Supplies,21/3/2024,22/4/2024,Warehouse B,FALSE,,Other
31725,Roofing Sheet,Building Materials,66,30,$88.0,$8.8,$581,Konga Wholesale,21/3/2024,13/4/2024,Warehouse A,FALSE,,Other
76084,Door Frame,Hardware,360,80,$129.8,$13.0,"$4,674",Jumia Supplies,21/3/2024,26/3/2024,Warehouse B,FALSE,,OverStock
88027,Wallpaper Roll,Interior,234,20,$352.7,$35.3,"$8,252",Konga Wholesale,21/3/2024,9/4/2024,Warehouse C,FALSE,,OverStock
53739,Water Heater,Plumbing,291,150,$463.8,$46.4,"$13,497",Alpha Materials,21/3/2024,14/4/2024,Warehouse A,FALSE,,Other
63662,Electrical Cable,Electrical,319,80,$163.3,$16.3,"$5,210",Konga Wholesale,21/3/2024,27/3/2024,Warehouse B,FALSE,,OverStock
82590,Kitchen Sink,Plumbing,215,20,$360.0,$36.0,"$7,741",Konga Wholesale,20/3/2024,6/4/2024,Warehouse B,FALSE,,OverStock
99826,Bulb Pack,Electrical,444,80,$226.4,$22.6,"$10,054",MegaBuild Ltd,20/3/2024,31/3/2024,Warehouse B,FALSE,,OverStock
99859,Shower Set,Hardware,180,80,$179.4,$17.9,"$3,229",Konga Wholesale,20/3/2024,31/3/2024,Warehouse C,FALSE,,Other
27824,Water Heater,Plumbing,241,40,$145.0,$14.5,"$3,495",Alpha Materials,20/3/2024,4/4/2024,Warehouse B,FALSE,,OverStock
25185,Concrete Block,Building Materials,296,150,$28.7,$2.9,$849,Jumia Supplies,20/3/2024,11/4/2024,Warehouse C,FALSE,,Other
12866,Toilet Seat,Hardware,70,30,$268.5,$26.9,"$1,880",Konga Wholesale,20/3/2024,24/4/2024,Warehouse A,FALSE,,Other
77719,Water Heater,Plumbing,291,40,$185.3,$18.5,"$5,391",Konga Wholesale,20/3/2024,26/3/2024,Warehouse A,FALSE,,OverStock
99998,Kitchen Sink,Plumbing,348,150,$476.7,$47.7,"$16,587",Jumia Supplies,20/3/2024,20/4/2024,Warehouse C,FALSE,,Other
68608,Kitchen Sink,Plumbing,74,20,$375.6,$37.6,"$2,779",MegaBuild Ltd,19/3/2024,23/4/2024,Warehouse A,FALSE,,OverStock
10946,Bulb Pack,Electrical,413,50,$203.4,$20.3,"$8,398",MegaBuild Ltd,19/3/2024,17/4/2024,Warehouse C,FALSE,,OverStock
33437,PVC Pipe,Plumbing,139,150,$420.1,$42.0,"$5,839",MegaBuild Ltd,19/3/2024,13/4/2024,Warehouse C,TRUE,11,Other
84861,Ceiling Board,Interior,273,30,$250.1,$25.0,"$6,827",Jumia Supplies,19/3/2024,27/4/2024,Warehouse C,FALSE,,OverStock
16645,Door Frame,Hardware,285,40,$37.5,$3.8,"$1,070",FixRight Depot,18/3/2024,24/3/2024,Warehouse A,FALSE,,OverStock
60445,Roofing Sheet,Building Materials,42,50,$66.6,$6.7,$280,MegaBuild Ltd,18/3/2024,24/4/2024,Warehouse A,TRUE,8,Other
71602,PVC Pipe,Plumbing,144,100,$236.0,$23.6,"$3,399",Alpha Materials,18/3/2024,28/3/2024,Warehouse C,FALSE,,Other
57431,Paint Bucket,Interior,208,100,$210.3,$21.0,"$4,375",MegaBuild Ltd,18/3/2024,8/4/2024,Warehouse B,FALSE,,Other
86518,Water Heater,Plumbing,273,80,$10.3,$1.0,$281,MegaBuild Ltd,18/3/2024,26/3/2024,Warehouse A,FALSE,,OverStock
25764,Floor Tiles,Interior,28,30,$480.1,$48.0,"$1,344",FixRight Depot,17/3/2024,7/4/2024,Warehouse C,TRUE,2,Other
38261,Door Frame,Hardware,72,50,$326.3,$32.6,"$2,350",MegaBuild Ltd,17/3/2024,16/4/2024,Warehouse A,FALSE,,Other
43012,Paint Bucket,Interior,274,40,$225.6,$22.6,"$6,182",MegaBuild Ltd,17/3/2024,18/4/2024,Warehouse B,FALSE,,OverStock
93100,Concrete Block,Building Materials,302,150,$287.3,$28.7,"$8,678",Alpha Materials,17/3/2024,13/4/2024,Warehouse A,FALSE,,Other
67268,Switch Box,Electrical,46,100,$331.6,$33.2,"$1,525",FixRight Depot,17/3/2024,24/3/2024,Warehouse B,TRUE,54,Other
27469,Ceiling Board,Interior,418,150,$223.1,$22.3,"$9,326",MegaBuild Ltd,17/3/2024,9/4/2024,Warehouse A,FALSE,,Other
10415,Switch Box,Electrical,250,40,$418.3,$41.8,"$10,458",MegaBuild Ltd,17/3/2024,7/4/2024,Warehouse A,FALSE,,OverStock
29330,Concrete Block,Building Materials,382,20,$242.5,$24.2,"$9,262",Konga Wholesale,17/3/2024,8/4/2024,Warehouse A,FALSE,,OverStock
95799,Window Glass,Hardware,81,50,$222.6,$22.3,"$1,803",Jumia Supplies,17/3/2024,25/3/2024,Warehouse A,FALSE,,Other
49767,Toilet Seat,Hardware,67,40,$159.5,$16.0,"$1,069",Konga Wholesale,17/3/2024,17/4/2024,Warehouse A,FALSE,,Other
98535,Floor Tiles,Interior,136,150,$85.6,$8.6,"$1,164",Alpha Materials,16/3/2024,20/4/2024,Warehouse A,TRUE,14,Other
48762,Concrete Block,Building Materials,274,20,$153.1,$15.3,"$4,195",Jumia Supplies,16/3/2024,23/3/2024,Warehouse C,FALSE,,OverStock
75584,Water Heater,Plumbing,188,150,$322.3,$32.2,"$6,060",Jumia Supplies,16/3/2024,10/4/2024,Warehouse C,FALSE,,Other
66344,Shower Set,Hardware,94,40,$238.5,$23.8,"$2,241",Jumia Supplies,16/3/2024,8/4/2024,Warehouse C,FALSE,,Other
10997,Toilet Seat,Hardware,8,150,$239.4,$23.9,$192,Konga Wholesale,16/3/2024,21/4/2024,Warehouse B,TRUE,142,Other
95333,Bulb Pack,Electrical,244,100,$323.6,$32.4,"$7,895",MegaBuild Ltd,16/3/2024,3/4/2024,Warehouse C,FALSE,,Other
23750,PVC Pipe,Plumbing,360,100,$183.4,$18.3,"$6,602",FixRight Depot,16/3/2024,19/4/2024,Warehouse B,FALSE,,OverStock
20920,Door Frame,Hardware,84,40,$206.8,$20.7,"$1,737",MegaBuild Ltd,16/3/2024,27/3/2024,Warehouse A,FALSE,,Other
55213,Cement Bag,Building Materials,75,40,$277.4,$27.7,"$2,081",Jumia Supplies,16/3/2024,30/3/2024,Warehouse C,FALSE,,Other
27259,Cement Bag,Building Materials,64,80,$348.1,$34.8,"$2,228",FixRight Depot,16/3/2024,21/3/2024,Warehouse B,TRUE,16,Other
70545,Roofing Sheet,Building Materials,270,150,$413.8,$41.4,"$11,173",FixRight Depot,15/3/2024,20/4/2024,Warehouse B,FALSE,,Other
73967,Shower Set,Hardware,388,50,$449.0,$44.9,"$17,423",MegaBuild Ltd,15/3/2024,18/4/2024,Warehouse B,FALSE,,OverStock
44851,Paint Bucket,Interior,114,20,$347.6,$34.8,"$3,962",MegaBuild Ltd,15/3/2024,10/4/2024,Warehouse C,FALSE,,OverStock
55156,Paint Bucket,Interior,446,30,$161.5,$16.1,"$7,202",Konga Wholesale,14/3/2024,12/4/2024,Warehouse A,FALSE,,OverStock
89401,Door Frame,Hardware,401,150,$144.8,$14.5,"$5,805",FixRight Depot,14/3/2024,4/4/2024,Warehouse A,FALSE,,Other
39661,Water Heater,Plumbing,379,50,$259.5,$25.9,"$9,834",FixRight Depot,14/3/2024,2/4/2024,Warehouse B,FALSE,,OverStock
12176,Toilet Seat,Hardware,78,20,$368.4,$36.8,"$2,874",Konga Wholesale,14/3/2024,10/4/2024,Warehouse A,FALSE,,OverStock
62115,Bulb Pack,Electrical,139,150,$409.4,$40.9,"$5,690",Alpha Materials,14/3/2024,30/3/2024,Warehouse A,TRUE,11,Other
21419,Kitchen Sink,Plumbing,134,150,$166.1,$16.6,"$2,226",Jumia Supplies,14/3/2024,6/4/2024,Warehouse C,TRUE,16,Other
52477,Electrical Cable,Electrical,422,20,$167.0,$16.7,"$7,047",Alpha Materials,14/3/2024,21/4/2024,Warehouse B,FALSE,,OverStock
24242,Electrical Cable,Electrical,15,40,$377.3,$37.7,$566,Konga Wholesale,14/3/2024,5/4/2024,Warehouse B,TRUE,25,Other
97057,Toilet Seat,Hardware,301,50,$461.3,$46.1,"$13,886",FixRight Depot,14/3/2024,19/4/2024,Warehouse C,FALSE,,OverStock
54041,Kitchen Sink,Plumbing,249,100,$34.8,$3.5,$865,Konga Wholesale,13/3/2024,12/4/2024,Warehouse C,FALSE,,Other
61033,Water Heater,Plumbing,88,30,$208.6,$20.9,"$1,836",Jumia Supplies,13/3/2024,29/3/2024,Warehouse B,FALSE,,Other
44524,Paint Bucket,Interior,278,80,$396.1,$39.6,"$11,012",FixRight Depot,13/3/2024,24/3/2024,Warehouse A,FALSE,,OverStock
37167,Roofing Sheet,Building Materials,429,80,$10.4,$1.0,$448,Jumia Supplies,13/3/2024,30/3/2024,Warehouse C,FALSE,,OverStock
61275,Toilet Seat,Hardware,194,150,$85.3,$8.5,"$1,654",Konga Wholesale,13/3/2024,24/3/2024,Warehouse C,FALSE,,Other
31038,Wallpaper Roll,Interior,296,50,$141.8,$14.2,"$4,198",MegaBuild Ltd,12/3/2024,25/3/2024,Warehouse B,FALSE,,OverStock
99614,Water Heater,Plumbing,399,50,$481.3,$48.1,"$19,203",Alpha Materials,12/3/2024,29/3/2024,Warehouse B,FALSE,,OverStock
80022,Electrical Cable,Electrical,324,30,$148.1,$14.8,"$4,800",Alpha Materials,12/3/2024,21/3/2024,Warehouse A,FALSE,,OverStock
16862,Concrete Block,Building Materials,251,150,$293.7,$29.4,"$7,371",Alpha Materials,12/3/2024,12/4/2024,Warehouse A,FALSE,,Other
94553,Shower Set,Hardware,200,80,$325.0,$32.5,"$6,499",Konga Wholesale,12/3/2024,19/4/2024,Warehouse A,FALSE,,Other
70089,Water Heater,Plumbing,455,80,$153.6,$15.4,"$6,988",Alpha Materials,12/3/2024,17/3/2024,Warehouse A,FALSE,,OverStock
84755,Bulb Pack,Electrical,478,150,$449.6,$45.0,"$21,493",Konga Wholesale,12/3/2024,22/3/2024,Warehouse A,FALSE,,OverStock
32158,Floor Tiles,Interior,270,80,$295.7,$29.6,"$7,983",MegaBuild Ltd,12/3/2024,26/3/2024,Warehouse B,FALSE,,OverStock
45710,Electrical Cable,Electrical,210,50,$372.4,$37.2,"$7,821",FixRight Depot,11/3/2024,12/4/2024,Warehouse B,FALSE,,OverStock
50324,Floor Tiles,Interior,39,20,$92.6,$9.3,$361,MegaBuild Ltd,11/3/2024,24/3/2024,Warehouse C,FALSE,,Other
17660,Water Heater,Plumbing,316,40,$375.2,$37.5,"$11,855",Jumia Supplies,11/3/2024,30/3/2024,Warehouse B,FALSE,,OverStock
42161,Toilet Seat,Hardware,365,50,$471.7,$47.2,"$17,217",FixRight Depot,11/3/2024,22/3/2024,Warehouse C,FALSE,,OverStock
59223,PVC Pipe,Plumbing,464,40,$205.4,$20.5,"$9,530",MegaBuild Ltd,11/3/2024,9/4/2024,Warehouse A,FALSE,,OverStock
87463,Water Heater,Plumbing,86,30,$92.7,$9.3,$797,Konga Wholesale,10/3/2024,22/3/2024,Warehouse A,FALSE,,Other
47425,Water Heater,Plumbing,205,30,$28.4,$2.8,$581,FixRight Depot,10/3/2024,10/4/2024,Warehouse C,FALSE,,OverStock
59648,Ceiling Board,Interior,368,20,$426.8,$42.7,"$15,707",Jumia Supplies,10/3/2024,31/3/2024,Warehouse A,FALSE,,OverStock
75950,Switch Box,Electrical,58,50,$167.5,$16.7,$971,Alpha Materials,10/3/2024,28/3/2024,Warehouse B,FALSE,,Other
46326,Paint Bucket,Interior,247,100,$441.4,$44.1,"$10,902",Konga Wholesale,10/3/2024,23/3/2024,Warehouse B,FALSE,,Other
70910,Roofing Sheet,Building Materials,231,100,$204.4,$20.4,"$4,721",Jumia Supplies,10/3/2024,27/3/2024,Warehouse C,FALSE,,Other
88781,Window Glass,Hardware,184,80,$62.5,$6.2,"$1,149",FixRight Depot,9/3/2024,12/4/2024,Warehouse A,FALSE,,Other
17999,Bulb Pack,Electrical,34,100,$116.6,$11.7,$397,Alpha Materials,9/3/2024,11/4/2024,Warehouse A,TRUE,66,Other
80543,Switch Box,Electrical,306,50,$296.3,$29.6,"$9,067",FixRight Depot,9/3/2024,17/3/2024,Warehouse B,FALSE,,OverStock
70558,Door Frame,Hardware,364,100,$171.4,$17.1,"$6,239",Alpha Materials,9/3/2024,17/3/2024,Warehouse C,FALSE,,OverStock
93300,Toilet Seat,Hardware,380,150,$22.3,$2.2,$846,MegaBuild Ltd,8/3/2024,26/3/2024,Warehouse C,FALSE,,Other
15774,Roofing Sheet,Building Materials,276,50,$274.7,$27.5,"$7,582",Alpha Materials,8/3/2024,3/4/2024,Warehouse C,FALSE,,OverStock
84218,Switch Box,Electrical,460,80,$266.0,$26.6,"$12,236",Jumia Supplies,8/3/2024,12/4/2024,Warehouse A,FALSE,,OverStock
92736,Cement Bag,Building Materials,283,20,$12.6,$1.3,$357,Jumia Supplies,8/3/2024,19/3/2024,Warehouse C,FALSE,,OverStock
77567,Switch Box,Electrical,136,50,$291.9,$29.2,"$3,970",Konga Wholesale,8/3/2024,15/4/2024,Warehouse B,FALSE,,Other
61658,Cement Bag,Building Materials,211,150,$57.5,$5.8,"$1,214",MegaBuild Ltd,8/3/2024,7/4/2024,Warehouse B,FALSE,,Other
89553,Toilet Seat,Hardware,6,20,$87.3,$8.7,$52,Alpha Materials,8/3/2024,15/4/2024,Warehouse C,TRUE,14,Other
43746,Kitchen Sink,Plumbing,402,40,$60.9,$6.1,"$2,447",MegaBuild Ltd,8/3/2024,1/4/2024,Warehouse C,FALSE,,OverStock
70047,PVC Pipe,Plumbing,483,50,$55.5,$5.6,"$2,681",Alpha Materials,8/3/2024,14/3/2024,Warehouse B,FALSE,,OverStock
51787,Switch Box,Electrical,111,150,$247.4,$24.7,"$2,746",Jumia Supplies,8/3/2024,8/4/2024,Warehouse A,TRUE,39,Other
21612,Electrical Cable,Electrical,385,50,$480.1,$48.0,"$18,482",FixRight Depot,8/3/2024,3/4/2024,Warehouse A,FALSE,,OverStock
84349,Roofing Sheet,Building Materials,364,40,$57.1,$5.7,"$2,080",Alpha Materials,8/3/2024,7/4/2024,Warehouse A,FALSE,,OverStock
42125,Switch Box,Electrical,486,150,$316.1,$31.6,"$15,363",Jumia Supplies,7/3/2024,2/4/2024,Warehouse C,FALSE,,OverStock
32228,Shower Set,Hardware,155,100,$110.0,$11.0,"$1,704",FixRight Depot,7/3/2024,26/3/2024,Warehouse A,FALSE,,Other
59752,Kitchen Sink,Plumbing,58,50,$422.3,$42.2,"$2,449",Jumia Supplies,7/3/2024,30/3/2024,Warehouse A,FALSE,,Other
61939,Door Frame,Hardware,256,150,$465.1,$46.5,"$11,907",Konga Wholesale,7/3/2024,18/3/2024,Warehouse C,FALSE,,Other
55028,Electrical Cable,Electrical,307,50,$56.4,$5.6,"$1,731",Jumia Supplies,7/3/2024,30/3/2024,Warehouse B,FALSE,,OverStock
93697,Kitchen Sink,Plumbing,499,150,$456.7,$45.7,"$22,788",Alpha Materials,7/3/2024,21/3/2024,Warehouse A,FALSE,,OverStock
63634,Roofing Sheet,Building Materials,5,40,$56.5,$5.7,$28,FixRight Depot,7/3/2024,22/3/2024,Warehouse B,TRUE,35,Other
61567,Concrete Block,Building Materials,337,20,$245.2,$24.5,"$8,263",FixRight Depot,7/3/2024,28/3/2024,Warehouse A,FALSE,,OverStock
33439,Bulb Pack,Electrical,41,50,$403.9,$40.4,"$1,656",Konga Wholesale,7/3/2024,13/3/2024,Warehouse B,TRUE,9,Other
37937,Paint Bucket,Interior,442,100,$91.1,$9.1,"$4,026",Alpha Materials,7/3/2024,15/3/2024,Warehouse A,FALSE,,OverStock
28130,Wallpaper Roll,Interior,317,40,$372.7,$37.3,"$11,814",Jumia Supplies,7/3/2024,7/4/2024,Warehouse A,FALSE,,OverStock
84663,Switch Box,Electrical,288,50,$371.0,$37.1,"$10,683",FixRight Depot,6/3/2024,14/4/2024,Warehouse C,FALSE,,OverStock
91531,Concrete Block,Building Materials,175,50,$243.9,$24.4,"$4,269",FixRight Depot,6/3/2024,11/3/2024,Warehouse B,FALSE,,OverStock
87994,Cement Bag,Building Materials,257,20,$390.0,$39.0,"$10,022",Konga Wholesale,6/3/2024,7/4/2024,Warehouse B,FALSE,,OverStock
13880,Switch Box,Electrical,74,80,$248.5,$24.9,"$1,839",FixRight Depot,6/3/2024,16/3/2024,Warehouse A,TRUE,6,Other
28996,Toilet Seat,Hardware,23,50,$39.4,$3.9,$91,MegaBuild Ltd,6/3/2024,24/3/2024,Warehouse C,TRUE,27,Other
37740,Roofing Sheet,Building Materials,474,30,$158.4,$15.8,"$7,510",Jumia Supplies,6/3/2024,15/3/2024,Warehouse B,FALSE,,OverStock
74934,Bulb Pack,Electrical,11,80,$248.6,$24.9,$273,Konga Wholesale,6/3/2024,22/3/2024,Warehouse B,TRUE,69,Other
28565,Wallpaper Roll,Interior,314,40,$249.1,$24.9,"$7,821",MegaBuild Ltd,6/3/2024,19/3/2024,Warehouse A,FALSE,,OverStock
10037,Concrete Block,Building Materials,404,50,$383.0,$38.3,"$15,472",Jumia Supplies,5/3/2024,11/4/2024,Warehouse B,FALSE,,OverStock
64766,Shower Set,Hardware,330,80,$37.8,$3.8,"$1,248",MegaBuild Ltd,5/3/2024,12/3/2024,Warehouse A,FALSE,,OverStock
11924,Window Glass,Hardware,464,40,$90.2,$9.0,"$4,187",FixRight Depot,5/3/2024,16/3/2024,Warehouse B,FALSE,,OverStock
62137,PVC Pipe,Plumbing,441,50,$66.0,$6.6,"$2,912",MegaBuild Ltd,4/3/2024,15/3/2024,Warehouse B,FALSE,,OverStock
33382,Door Frame,Hardware,418,20,$323.0,$32.3,"$13,499",FixRight Depot,4/3/2024,12/3/2024,Warehouse C,FALSE,,OverStock
35236,Concrete Block,Building Materials,178,20,$113.5,$11.3,"$2,020",FixRight Depot,4/3/2024,4/4/2024,Warehouse A,FALSE,,OverStock
56095,Wallpaper Roll,Interior,269,50,$220.9,$22.1,"$5,942",FixRight Depot,4/3/2024,20/3/2024,Warehouse C,FALSE,,OverStock
83509,Ceiling Board,Interior,116,30,$170.1,$17.0,"$1,973",MegaBuild Ltd,3/3/2024,1/4/2024,Warehouse C,FALSE,,OverStock
44765,Electrical Cable,Electrical,60,80,$94.4,$9.4,$567,FixRight Depot,3/3/2024,10/4/2024,Warehouse A,TRUE,20,Other
36128,Electrical Cable,Electrical,16,40,$132.5,$13.3,$212,Alpha Materials,3/3/2024,26/3/2024,Warehouse C,TRUE,24,Other
42624,Window Glass,Hardware,92,20,$33.9,$3.4,$311,MegaBuild Ltd,3/3/2024,8/4/2024,Warehouse A,FALSE,,OverStock
54732,Ceiling Board,Interior,355,150,$89.8,$9.0,"$3,188",Jumia Supplies,3/3/2024,15/3/2024,Warehouse B,FALSE,,Other
66614,Cement Bag,Building Materials,197,150,$12.7,$1.3,$249,Konga Wholesale,3/3/2024,8/3/2024,Warehouse A,FALSE,,Other
82102,Ceiling Board,Interior,390,40,$57.3,$5.7,"$2,233",Konga Wholesale,3/3/2024,10/4/2024,Warehouse C,FALSE,,OverStock
13571,Electrical Cable,Electrical,462,150,$82.2,$8.2,"$3,795",Jumia Supplies,3/3/2024,12/3/2024,Warehouse B,FALSE,,OverStock
13346,Electrical Cable,Electrical,227,80,$399.8,$40.0,"$9,075",FixRight Depot,3/3/2024,22/3/2024,Warehouse B,FALSE,,Other
56959,Roofing Sheet,Building Materials,360,100,$451.8,$45.2,"$16,263",Jumia Supplies,2/3/2024,26/3/2024,Warehouse B,FALSE,,OverStock
49082,PVC Pipe,Plumbing,102,80,$389.4,$38.9,"$3,971",Jumia Supplies,2/3/2024,23/3/2024,Warehouse C,FALSE,,Other
24683,Kitchen Sink,Plumbing,106,40,$192.7,$19.3,"$2,043",FixRight Depot,2/3/2024,15/3/2024,Warehouse B,FALSE,,Other
71869,Bulb Pack,Electrical,184,80,$48.8,$4.9,$897,FixRight Depot,2/3/2024,9/3/2024,Warehouse A,FALSE,,Other
58786,Electrical Cable,Electrical,16,150,$37.2,$3.7,$59,MegaBuild Ltd,2/3/2024,11/3/2024,Warehouse C,TRUE,134,Other
25600,Concrete Block,Building Materials,93,80,$336.0,$33.6,"$3,124",Konga Wholesale,2/3/2024,26/3/2024,Warehouse B,FALSE,,Other
33368,Toilet Seat,Hardware,401,50,$192.7,$19.3,"$7,726",Jumia Supplies,2/3/2024,17/3/2024,Warehouse C,FALSE,,OverStock
34020,Wallpaper Roll,Interior,61,40,$125.6,$12.6,$766,Alpha Materials,2/3/2024,5/4/2024,Warehouse B,FALSE,,Other
60193,Wallpaper Roll,Interior,6,30,$257.2,$25.7,$154,FixRight Depot,2/3/2024,29/3/2024,Warehouse C,TRUE,24,Other
26956,Floor Tiles,Interior,153,40,$300.5,$30.0,"$4,597",FixRight Depot,2/3/2024,13/3/2024,Warehouse A,FALSE,,OverStock
23350,Door Frame,Hardware,200,20,$209.3,$20.9,"$4,187",Konga Wholesale,1/3/2024,30/3/2024,Warehouse C,FALSE,,OverStock
44865,Concrete Block,Building Materials,399,80,$96.3,$9.6,"$3,843",Konga Wholesale,1/3/2024,15/3/2024,Warehouse A,FALSE,,OverStock
12895,Electrical Cable,Electrical,218,80,$430.5,$43.1,"$9,385",FixRight Depot,1/3/2024,31/3/2024,Warehouse A,FALSE,,Other
23894,Door Frame,Hardware,449,20,$451.3,$45.1,"$20,264",Jumia Supplies,1/3/2024,31/3/2024,Warehouse C,FALSE,,OverStock
83309,Concrete Block,Building Materials,203,20,$305.8,$30.6,"$6,208",Konga Wholesale,1/3/2024,20/3/2024,Warehouse C,FALSE,,OverStock
93038,Bulb Pack,Electrical,268,150,$420.3,$42.0,"$11,264",Jumia Supplies,1/3/2024,13/3/2024,Warehouse B,FALSE,,Other
39317,Bulb Pack,Electrical,207,30,$210.7,$21.1,"$4,361",Jumia Supplies,1/3/2024,15/3/2024,Warehouse A,FALSE,,OverStock
24962,Electrical Cable,Electrical,145,100,$466.2,$46.6,"$6,759",Konga Wholesale,1/3/2024,31/3/2024,Warehouse A,FALSE,,Other
83133,Door Frame,Hardware,188,40,$112.3,$11.2,"$2,111",Jumia Supplies,1/3/2024,28/3/2024,Warehouse B,FALSE,,OverStock
21646,Cement Bag,Building Materials,406,20,$478.5,$47.9,"$19,428",Alpha Materials,1/3/2024,18/3/2024,Warehouse B,FALSE,,OverStock
76186,Water Heater,Plumbing,274,100,$39.5,$4.0,"$1,083",MegaBuild Ltd,1/3/2024,28/3/2024,Warehouse A,FALSE,,Other
18007,Kitchen Sink,Plumbing,34,20,$371.9,$37.2,"$1,264",Konga Wholesale,29/2/2024,2/4/2024,Warehouse A,FALSE,,Other
47034,Water Heater,Plumbing,196,80,$217.1,$21.7,"$4,255",Alpha Materials,29/2/2024,7/4/2024,Warehouse C,FALSE,,Other
19215,PVC Pipe,Plumbing,145,150,$211.9,$21.2,"$3,072",MegaBuild Ltd,29/2/2024,20/3/2024,Warehouse B,TRUE,5,Other
94853,Paint Bucket,Interior,328,40,$172.6,$17.3,"$5,661",MegaBuild Ltd,29/2/2024,7/3/2024,Warehouse A,FALSE,,OverStock
64261,Electrical Cable,Electrical,460,30,$213.5,$21.3,"$9,819",FixRight Depot,29/2/2024,28/3/2024,Warehouse B,FALSE,,OverStock
29504,Floor Tiles,Interior,205,30,$480.1,$48.0,"$9,841",Konga Wholesale,29/2/2024,14/3/2024,Warehouse A,FALSE,,OverStock
34935,Water Heater,Plumbing,115,100,$338.6,$33.9,"$3,893",Alpha Materials,29/2/2024,7/3/2024,Warehouse B,FALSE,,Other
46827,Electrical Cable,Electrical,73,150,$158.3,$15.8,"$1,156",FixRight Depot,29/2/2024,28/3/2024,Warehouse C,TRUE,77,Other
50696,Concrete Block,Building Materials,260,40,$305.4,$30.5,"$7,941",Jumia Supplies,29/2/2024,8/3/2024,Warehouse A,FALSE,,OverStock
78140,PVC Pipe,Plumbing,129,100,$84.1,$8.4,"$1,084",FixRight Depot,29/2/2024,10/3/2024,Warehouse A,FALSE,,Other
99898,Electrical Cable,Electrical,174,100,$281.2,$28.1,"$4,892",FixRight Depot,29/2/2024,12/3/2024,Warehouse C,FALSE,,Other
66979,Window Glass,Hardware,152,150,$495.6,$49.6,"$7,534",Alpha Materials,28/2/2024,11/3/2024,Warehouse C,FALSE,,Other
24859,Cement Bag,Building Materials,46,80,$424.0,$42.4,"$1,950",Alpha Materials,28/2/2024,25/3/2024,Warehouse B,TRUE,34,Other
91983,Ceiling Board,Interior,207,20,$139.5,$14.0,"$2,888",MegaBuild Ltd,28/2/2024,3/4/2024,Warehouse B,FALSE,,OverStock
84174,Bulb Pack,Electrical,66,80,$195.6,$19.6,"$1,291",MegaBuild Ltd,28/2/2024,8/3/2024,Warehouse B,TRUE,14,Other
99547,Water Heater,Plumbing,288,40,$476.8,$47.7,"$13,731",Konga Wholesale,28/2/2024,22/3/2024,Warehouse C,FALSE,,OverStock
65771,Electrical Cable,Electrical,140,30,$237.0,$23.7,"$3,318",Alpha Materials,27/2/2024,22/3/2024,Warehouse C,FALSE,,OverStock
17493,Kitchen Sink,Plumbing,19,100,$234.6,$23.5,$446,Alpha Materials,27/2/2024,3/3/2024,Warehouse C,TRUE,81,Other
59862,Floor Tiles,Interior,270,150,$378.4,$37.8,"$10,217",Jumia Supplies,27/2/2024,2/4/2024,Warehouse C,FALSE,,Other
48292,Cement Bag,Building Materials,361,30,$228.8,$22.9,"$8,261",Jumia Supplies,27/2/2024,23/3/2024,Warehouse C,FALSE,,OverStock
21055,Concrete Block,Building Materials,336,40,$148.7,$14.9,"$4,997",Jumia Supplies,27/2/2024,26/3/2024,Warehouse A,FALSE,,OverStock
63861,Kitchen Sink,Plumbing,281,100,$127.4,$12.7,"$3,579",MegaBuild Ltd,27/2/2024,19/3/2024,Warehouse B,FALSE,,Other
76795,Window Glass,Hardware,455,100,$196.4,$19.6,"$8,937",Alpha Materials,27/2/2024,6/3/2024,Warehouse B,FALSE,,OverStock
98611,Switch Box,Electrical,236,40,$137.5,$13.8,"$3,246",Jumia Supplies,27/2/2024,20/3/2024,Warehouse A,FALSE,,OverStock
11341,Floor Tiles,Interior,304,80,$396.1,$39.6,"$12,040",Konga Wholesale,26/2/2024,13/3/2024,Warehouse C,FALSE,,OverStock
31390,Toilet Seat,Hardware,91,30,$98.8,$9.9,$899,MegaBuild Ltd,26/2/2024,8/3/2024,Warehouse B,FALSE,,OverStock
56235,PVC Pipe,Plumbing,111,150,$245.9,$24.6,"$2,729",Jumia Supplies,26/2/2024,2/3/2024,Warehouse B,TRUE,39,Other
17213,Door Frame,Hardware,236,150,$445.3,$44.5,"$10,508",MegaBuild Ltd,26/2/2024,20/3/2024,Warehouse A,FALSE,,Other
99937,Water Heater,Plumbing,94,80,$342.1,$34.2,"$3,216",Jumia Supplies,26/2/2024,30/3/2024,Warehouse C,FALSE,,Other
11929,Electrical Cable,Electrical,454,30,$217.0,$21.7,"$9,853",MegaBuild Ltd,26/2/2024,29/3/2024,Warehouse C,FALSE,,OverStock
21439,Concrete Block,Building Materials,138,100,$363.6,$36.4,"$5,017",MegaBuild Ltd,26/2/2024,23/3/2024,Warehouse A,FALSE,,Other
91622,Water Heater,Plumbing,57,20,$198.8,$19.9,"$1,133",FixRight Depot,26/2/2024,3/4/2024,Warehouse C,FALSE,,Other
86964,Switch Box,Electrical,76,30,$185.4,$18.5,"$1,409",Alpha Materials,26/2/2024,29/3/2024,Warehouse B,FALSE,,Other
56729,Door Frame,Hardware,212,50,$279.6,$28.0,"$5,927",Alpha Materials,26/2/2024,1/4/2024,Warehouse A,FALSE,,OverStock
88182,Shower Set,Hardware,270,100,$473.9,$47.4,"$12,796",MegaBuild Ltd,25/2/2024,26/3/2024,Warehouse B,FALSE,,Other
57800,Roofing Sheet,Building Materials,242,150,$459.4,$45.9,"$11,118",MegaBuild Ltd,25/2/2024,15/3/2024,Warehouse C,FALSE,,Other
82976,Concrete Block,Building Materials,371,100,$20.1,$2.0,$744,Konga Wholesale,25/2/2024,23/3/2024,Warehouse B,FALSE,,OverStock
17393,Wallpaper Roll,Interior,14,100,$40.2,$4.0,$56,FixRight Depot,25/2/2024,31/3/2024,Warehouse C,TRUE,86,Other
92797,Electrical Cable,Electrical,133,80,$130.1,$13.0,"$1,730",FixRight Depot,25/2/2024,25/3/2024,Warehouse C,FALSE,,Other
34806,Kitchen Sink,Plumbing,397,30,$214.1,$21.4,"$8,498",Konga Wholesale,25/2/2024,4/3/2024,Warehouse B,FALSE,,OverStock
14853,Switch Box,Electrical,231,40,$474.9,$47.5,"$10,970",Alpha Materials,24/2/2024,23/3/2024,Warehouse A,FALSE,,OverStock
28615,Ceiling Board,Interior,215,80,$229.2,$22.9,"$4,928",Jumia Supplies,24/2/2024,15/3/2024,Warehouse B,FALSE,,Other
89865,Kitchen Sink,Plumbing,366,100,$459.9,$46.0,"$16,831",FixRight Depot,24/2/2024,8/3/2024,Warehouse C,FALSE,,OverStock
88437,Water Heater,Plumbing,342,100,$349.8,$35.0,"$11,963",Alpha Materials,24/2/2024,7/3/2024,Warehouse C,FALSE,,OverStock
19496,Water Heater,Plumbing,422,50,$373.1,$37.3,"$15,744",FixRight Depot,24/2/2024,25/3/2024,Warehouse C,FALSE,,OverStock
25772,Door Frame,Hardware,9,100,$412.5,$41.2,$371,MegaBuild Ltd,24/2/2024,2/3/2024,Warehouse A,TRUE,91,Other
85652,Shower Set,Hardware,242,50,$257.7,$25.8,"$6,235",Jumia Supplies,24/2/2024,15/3/2024,Warehouse B,FALSE,,OverStock
32313,Water Heater,Plumbing,348,100,$362.7,$36.3,"$12,623",Alpha Materials,23/2/2024,8/3/2024,Warehouse B,FALSE,,OverStock
15922,Paint Bucket,Interior,431,30,$393.4,$39.3,"$16,957",Jumia Supplies,23/2/2024,2/3/2024,Warehouse A,FALSE,,OverStock
33483,Paint Bucket,Interior,241,30,$155.8,$15.6,"$3,754",FixRight Depot,22/2/2024,28/2/2024,Warehouse A,FALSE,,OverStock
64722,Bulb Pack,Electrical,190,100,$428.1,$42.8,"$8,134",FixRight Depot,22/2/2024,27/3/2024,Warehouse C,FALSE,,Other
27194,Electrical Cable,Electrical,2,30,$319.3,$31.9,$64,FixRight Depot,22/2/2024,3/3/2024,Warehouse B,TRUE,28,Other
62066,Paint Bucket,Interior,361,100,$30.8,$3.1,"$1,110",Konga Wholesale,22/2/2024,25/3/2024,Warehouse C,FALSE,,OverStock
71607,Water Heater,Plumbing,48,20,$465.3,$46.5,"$2,233",Alpha Materials,22/2/2024,16/3/2024,Warehouse A,FALSE,,Other
16791,Toilet Seat,Hardware,164,40,$463.9,$46.4,"$7,607",FixRight Depot,22/2/2024,8/3/2024,Warehouse C,FALSE,,OverStock
95827,Wallpaper Roll,Interior,112,50,$354.6,$35.5,"$3,971",Jumia Supplies,22/2/2024,28/2/2024,Warehouse C,FALSE,,Other
31584,Concrete Block,Building Materials,34,20,$333.9,$33.4,"$1,135",MegaBuild Ltd,22/2/2024,24/3/2024,Warehouse A,FALSE,,Other
28405,Floor Tiles,Interior,160,80,$223.1,$22.3,"$3,569",Konga Wholesale,22/2/2024,6/3/2024,Warehouse A,FALSE,,Other
48973,Shower Set,Hardware,428,100,$357.3,$35.7,"$15,290",FixRight Depot,22/2/2024,28/2/2024,Warehouse B,FALSE,,OverStock
23510,Kitchen Sink,Plumbing,328,80,$373.6,$37.4,"$12,254",Jumia Supplies,22/2/2024,11/3/2024,Warehouse C,FALSE,,OverStock
29951,PVC Pipe,Plumbing,387,30,$46.8,$4.7,"$1,812",MegaBuild Ltd,22/2/2024,1/4/2024,Warehouse C,FALSE,,OverStock
61996,Concrete Block,Building Materials,131,40,$160.9,$16.1,"$2,107",Alpha Materials,22/2/2024,17/3/2024,Warehouse C,FALSE,,OverStock
76404,Roofing Sheet,Building Materials,55,80,$163.1,$16.3,$897,Konga Wholesale,22/2/2024,16/3/2024,Warehouse C,TRUE,25,Other
52652,Bulb Pack,Electrical,333,80,$310.6,$31.1,"$10,343",FixRight Depot,21/2/2024,23/3/2024,Warehouse C,FALSE,,OverStock
39483,Toilet Seat,Hardware,374,100,$341.1,$34.1,"$12,755",MegaBuild Ltd,21/2/2024,4/3/2024,Warehouse A,FALSE,,OverStock
13621,Cement Bag,Building Materials,411,40,$181.4,$18.1,"$7,456",FixRight Depot,21/2/2024,13/3/2024,Warehouse A,FALSE,,OverStock
91991,Kitchen Sink,Plumbing,270,80,$143.7,$14.4,"$3,880",FixRight Depot,21/2/2024,20/3/2024,Warehouse A,FALSE,,OverStock
40580,Floor Tiles,Interior,160,50,$495.5,$49.5,"$7,927",Konga Wholesale,21/2/2024,13/3/2024,Warehouse C,FALSE,,OverStock
55986,Floor Tiles,Interior,413,40,$68.3,$6.8,"$2,819",FixRight Depot,21/2/2024,10/3/2024,Warehouse B,FALSE,,OverStock
64510,Switch Box,Electrical,456,80,$99.4,$9.9,"$4,532",Alpha Materials,21/2/2024,4/3/2024,Warehouse C,FALSE,,OverStock
91919,Water Heater,Plumbing,358,50,$272.7,$27.3,"$9,761",MegaBuild Ltd,21/2/2024,31/3/2024,Warehouse A,FALSE,,OverStock
75015,Ceiling Board,Interior,445,50,$364.2,$36.4,"$16,205",Alpha Materials,21/2/2024,27/2/2024,Warehouse B,FALSE,,OverStock
62921,Paint Bucket,Interior,321,150,$337.7,$33.8,"$10,839",Alpha Materials,20/2/2024,20/3/2024,Warehouse B,FALSE,,Other
55379,Toilet Seat,Hardware,398,20,$329.1,$32.9,"$13,097",Alpha Materials,20/2/2024,10/3/2024,Warehouse A,FALSE,,OverStock
56619,Switch Box,Electrical,460,30,$253.6,$25.4,"$11,664",Konga Wholesale,20/2/2024,4/3/2024,Warehouse B,FALSE,,OverStock
31199,Paint Bucket,Interior,357,100,$172.0,$17.2,"$6,139",Jumia Supplies,20/2/2024,19/3/2024,Warehouse A,FALSE,,OverStock
92428,Kitchen Sink,Plumbing,2,100,$340.2,$34.0,$68,FixRight Depot,20/2/2024,27/2/2024,Warehouse A,TRUE,98,Other
57279,Cement Bag,Building Materials,124,150,$253.3,$25.3,"$3,141",Alpha Materials,20/2/2024,19/3/2024,Warehouse B,TRUE,26,Other
30951,Ceiling Board,Interior,133,20,$121.8,$12.2,"$1,620",Jumia Supplies,20/2/2024,16/3/2024,Warehouse C,FALSE,,OverStock
35968,Door Frame,Hardware,388,150,$407.9,$40.8,"$15,825",Alpha Materials,20/2/2024,3/3/2024,Warehouse A,FALSE,,Other
26533,Ceiling Board,Interior,278,80,$308.5,$30.8,"$8,575",Konga Wholesale,20/2/2024,21/3/2024,Warehouse B,FALSE,,OverStock
38337,Kitchen Sink,Plumbing,397,80,$456.4,$45.6,"$18,120",Jumia Supplies,20/2/2024,3/3/2024,Warehouse A,FALSE,,OverStock
71788,Door Frame,Hardware,7,150,$229.6,$23.0,$161,FixRight Depot,19/2/2024,1/3/2024,Warehouse A,TRUE,143,Other
96741,Window Glass,Hardware,375,40,$181.2,$18.1,"$6,793",Alpha Materials,19/2/2024,13/3/2024,Warehouse C,FALSE,,OverStock
39320,Switch Box,Electrical,167,40,$180.6,$18.1,"$3,017",Alpha Materials,19/2/2024,14/3/2024,Warehouse A,FALSE,,OverStock
49029,Shower Set,Hardware,228,30,$88.2,$8.8,"$2,011",MegaBuild Ltd,19/2/2024,8/3/2024,Warehouse C,FALSE,,OverStock
42882,Bulb Pack,Electrical,64,80,$349.4,$34.9,"$2,236",Jumia Supplies,19/2/2024,21/3/2024,Warehouse B,TRUE,16,Other
88764,Concrete Block,Building Materials,78,80,$132.3,$13.2,"$1,032",MegaBuild Ltd,19/2/2024,25/3/2024,Warehouse B,TRUE,2,Other
36081,Kitchen Sink,Plumbing,149,100,$498.4,$49.8,"$7,426",MegaBuild Ltd,19/2/2024,10/3/2024,Warehouse C,FALSE,,Other
49214,Switch Box,Electrical,488,150,$158.6,$15.9,"$7,739",Jumia Supplies,19/2/2024,17/3/2024,Warehouse A,FALSE,,OverStock
60139,Toilet Seat,Hardware,386,150,$353.0,$35.3,"$13,627",FixRight Depot,19/2/2024,4/3/2024,Warehouse A,FALSE,,Other
13909,Door Frame,Hardware,145,80,$361.3,$36.1,"$5,239",FixRight Depot,19/2/2024,14/3/2024,Warehouse B,FALSE,,Other
35658,Concrete Block,Building Materials,21,80,$218.8,$21.9,$460,MegaBuild Ltd,18/2/2024,20/3/2024,Warehouse C,TRUE,59,Other
97468,Ceiling Board,Interior,243,30,$253.1,$25.3,"$6,150",Konga Wholesale,18/2/2024,11/3/2024,Warehouse B,FALSE,,OverStock
36189,Cement Bag,Building Materials,449,150,$106.8,$10.7,"$4,796",Jumia Supplies,18/2/2024,26/2/2024,Warehouse A,FALSE,,Other
32259,Roofing Sheet,Building Materials,242,20,$215.3,$21.5,"$5,210",Konga Wholesale,18/2/2024,24/2/2024,Warehouse A,FALSE,,OverStock
85838,Kitchen Sink,Plumbing,130,20,$57.4,$5.7,$747,MegaBuild Ltd,18/2/2024,10/3/2024,Warehouse A,FALSE,,OverStock
97943,Door Frame,Hardware,445,50,$55.7,$5.6,"$2,478",MegaBuild Ltd,18/2/2024,7/3/2024,Warehouse C,FALSE,,OverStock
92298,Switch Box,Electrical,260,100,$480.9,$48.1,"$12,504",MegaBuild Ltd,18/2/2024,28/2/2024,Warehouse B,FALSE,,Other
19895,Switch Box,Electrical,403,80,$22.6,$2.3,$912,Alpha Materials,18/2/2024,12/3/2024,Warehouse C,FALSE,,OverStock
44001,Wallpaper Roll,Interior,387,20,$106.2,$10.6,"$4,111",Konga Wholesale,18/2/2024,18/3/2024,Warehouse A,FALSE,,OverStock
91951,Bulb Pack,Electrical,245,20,$230.9,$23.1,"$5,657",Konga Wholesale,18/2/2024,21/3/2024,Warehouse A,FALSE,,OverStock
98830,Switch Box,Electrical,178,80,$168.1,$16.8,"$2,992",Alpha Materials,18/2/2024,3/3/2024,Warehouse A,FALSE,,Other
21156,Bulb Pack,Electrical,213,20,$184.1,$18.4,"$3,920",Alpha Materials,17/2/2024,17/3/2024,Warehouse B,FALSE,,OverStock
96840,Cement Bag,Building Materials,306,80,$436.8,$43.7,"$13,367",Konga Wholesale,17/2/2024,17/3/2024,Warehouse C,FALSE,,OverStock
56228,Cement Bag,Building Materials,393,40,$497.8,$49.8,"$19,565",FixRight Depot,17/2/2024,14/3/2024,Warehouse B,FALSE,,OverStock
53220,Wallpaper Roll,Interior,357,150,$407.0,$40.7,"$14,531",FixRight Depot,17/2/2024,19/3/2024,Warehouse C,FALSE,,Other
98913,Switch Box,Electrical,169,150,$163.1,$16.3,"$2,756",Konga Wholesale,17/2/2024,13/3/2024,Warehouse C,FALSE,,Other
21805,PVC Pipe,Plumbing,125,40,$15.2,$1.5,$189,Alpha Materials,17/2/2024,6/3/2024,Warehouse A,FALSE,,OverStock
26254,Electrical Cable,Electrical,299,150,$479.5,$47.9,"$14,336",Jumia Supplies,17/2/2024,10/3/2024,Warehouse A,FALSE,,Other
10058,Water Heater,Plumbing,358,150,$24.4,$2.4,$875,Alpha Materials,17/2/2024,18/3/2024,Warehouse C,FALSE,,Other
68171,Water Heater,Plumbing,56,150,$349.3,$34.9,"$1,956",Jumia Supplies,17/2/2024,8/3/2024,Warehouse C,TRUE,94,Other
77602,Cement Bag,Building Materials,285,30,$340.9,$34.1,"$9,715",Konga Wholesale,17/2/2024,15/3/2024,Warehouse B,FALSE,,OverStock
65773,Roofing Sheet,Building Materials,203,20,$200.6,$20.1,"$4,072",Konga Wholesale,17/2/2024,10/3/2024,Warehouse B,FALSE,,OverStock
70217,Electrical Cable,Electrical,315,50,$293.9,$29.4,"$9,258",Alpha Materials,17/2/2024,16/3/2024,Warehouse C,FALSE,,OverStock
62638,Ceiling Board,Interior,163,40,$349.2,$34.9,"$5,692",Jumia Supplies,16/2/2024,5/3/2024,Warehouse A,FALSE,,OverStock
20478,PVC Pipe,Plumbing,410,20,$50.7,$5.1,"$2,078",Konga Wholesale,16/2/2024,13/3/2024,Warehouse C,FALSE,,OverStock
90360,Paint Bucket,Interior,215,100,$237.6,$23.8,"$5,109",MegaBuild Ltd,16/2/2024,22/3/2024,Warehouse B,FALSE,,Other
37127,Switch Box,Electrical,205,20,$188.6,$18.9,"$3,867",Alpha Materials,16/2/2024,7/3/2024,Warehouse B,FALSE,,OverStock
31684,Cement Bag,Building Materials,458,50,$101.5,$10.2,"$4,650",MegaBuild Ltd,16/2/2024,19/3/2024,Warehouse C,FALSE,,OverStock
96486,PVC Pipe,Plumbing,410,30,$132.5,$13.2,"$5,430",FixRight Depot,16/2/2024,25/2/2024,Warehouse B,FALSE,,OverStock
88563,Door Frame,Hardware,332,20,$408.0,$40.8,"$13,547",FixRight Depot,16/2/2024,24/2/2024,Warehouse B,FALSE,,OverStock
33401,PVC Pipe,Plumbing,110,100,$338.0,$33.8,"$3,718",FixRight Depot,16/2/2024,17/3/2024,Warehouse C,FALSE,,Other
55097,Roofing Sheet,Building Materials,373,40,$165.8,$16.6,"$6,184",Alpha Materials,16/2/2024,26/3/2024,Warehouse B,FALSE,,OverStock
44052,Ceiling Board,Interior,391,20,$98.4,$9.8,"$3,847",MegaBuild Ltd,16/2/2024,2/3/2024,Warehouse C,FALSE,,OverStock
24677,Electrical Cable,Electrical,283,150,$262.1,$26.2,"$7,418",MegaBuild Ltd,16/2/2024,9/3/2024,Warehouse B,FALSE,,Other
91457,Switch Box,Electrical,394,30,$481.7,$48.2,"$18,981",Alpha Materials,16/2/2024,20/3/2024,Warehouse A,FALSE,,OverStock
17089,Water Heater,Plumbing,257,150,$453.0,$45.3,"$11,643",MegaBuild Ltd,16/2/2024,16/3/2024,Warehouse A,FALSE,,Other
72054,Electrical Cable,Electrical,57,150,$117.5,$11.8,$670,Konga Wholesale,16/2/2024,3/3/2024,Warehouse A,TRUE,93,Other
15403,Door Frame,Hardware,182,20,$209.7,$21.0,"$3,817",Alpha Materials,16/2/2024,23/3/2024,Warehouse C,FALSE,,OverStock
16511,Switch Box,Electrical,47,30,$354.0,$35.4,"$1,664",Konga Wholesale,16/2/2024,20/3/2024,Warehouse A,FALSE,,Other
41428,PVC Pipe,Plumbing,248,80,$25.0,$2.5,$620,Konga Wholesale,16/2/2024,21/3/2024,Warehouse B,FALSE,,OverStock
94295,Shower Set,Hardware,155,40,$180.8,$18.1,"$2,803",Konga Wholesale,16/2/2024,23/2/2024,Warehouse A,FALSE,,OverStock
32369,Water Heater,Plumbing,19,20,$467.7,$46.8,$889,Jumia Supplies,15/2/2024,28/2/2024,Warehouse C,TRUE,1,Other
43910,Shower Set,Hardware,144,20,$460.5,$46.1,"$6,632",Alpha Materials,15/2/2024,27/2/2024,Warehouse C,FALSE,,OverStock
68150,Cement Bag,Building Materials,401,100,$357.0,$35.7,"$14,316",Alpha Materials,15/2/2024,13/3/2024,Warehouse C,FALSE,,OverStock
79537,Toilet Seat,Hardware,19,80,$224.0,$22.4,$426,Alpha Materials,15/2/2024,21/3/2024,Warehouse C,TRUE,61,Other
31157,Roofing Sheet,Building Materials,359,50,$122.6,$12.3,"$4,400",Alpha Materials,15/2/2024,20/2/2024,Warehouse C,FALSE,,OverStock
38564,Shower Set,Hardware,426,40,$272.1,$27.2,"$11,593",Jumia Supplies,15/2/2024,20/2/2024,Warehouse A,FALSE,,OverStock
25847,Electrical Cable,Electrical,328,50,$473.1,$47.3,"$15,518",FixRight Depot,15/2/2024,18/3/2024,Warehouse A,FALSE,,OverStock
80934,Window Glass,Hardware,197,40,$191.8,$19.2,"$3,778",MegaBuild Ltd,14/2/2024,22/3/2024,Warehouse A,FALSE,,OverStock
65501,Shower Set,Hardware,144,30,$420.5,$42.1,"$6,056",FixRight Depot,14/2/2024,7/3/2024,Warehouse C,FALSE,,OverStock
24706,Switch Box,Electrical,71,40,$259.9,$26.0,"$1,845",FixRight Depot,14/2/2024,13/3/2024,Warehouse A,FALSE,,Other
88616,Switch Box,Electrical,206,100,$374.9,$37.5,"$7,723",MegaBuild Ltd,14/2/2024,17/3/2024,Warehouse A,FALSE,,Other
34815,Floor Tiles,Interior,470,150,$394.5,$39.5,"$18,543",Alpha Materials,14/2/2024,5/3/2024,Warehouse B,FALSE,,OverStock
65919,PVC Pipe,Plumbing,102,150,$363.5,$36.3,"$3,707",Jumia Supplies,14/2/2024,3/3/2024,Warehouse C,TRUE,48,Other
51936,Bulb Pack,Electrical,282,100,$376.4,$37.6,"$10,615",Alpha Materials,14/2/2024,12/3/2024,Warehouse A,FALSE,,Other
74367,Kitchen Sink,Plumbing,385,20,$242.4,$24.2,"$9,333",Jumia Supplies,14/2/2024,7/3/2024,Warehouse B,FALSE,,OverStock
21955,Roofing Sheet,Building Materials,69,30,$171.3,$17.1,"$1,182",Jumia Supplies,14/2/2024,17/3/2024,Warehouse C,FALSE,,Other
93310,Toilet Seat,Hardware,164,20,$422.9,$42.3,"$6,935",FixRight Depot,13/2/2024,16/3/2024,Warehouse C,FALSE,,OverStock
60729,PVC Pipe,Plumbing,247,100,$175.1,$17.5,"$4,325",FixRight Depot,13/2/2024,21/3/2024,Warehouse C,FALSE,,Other
94388,Wallpaper Roll,Interior,241,100,$428.3,$42.8,"$10,323",MegaBuild Ltd,13/2/2024,26/2/2024,Warehouse A,FALSE,,Other
22306,Ceiling Board,Interior,248,100,$423.2,$42.3,"$10,496",Konga Wholesale,13/2/2024,3/3/2024,Warehouse C,FALSE,,Other
84554,Switch Box,Electrical,421,50,$176.9,$17.7,"$7,448",MegaBuild Ltd,13/2/2024,18/3/2024,Warehouse C,FALSE,,OverStock
42210,Concrete Block,Building Materials,496,100,$32.9,$3.3,"$1,630",Konga Wholesale,13/2/2024,15/3/2024,Warehouse B,FALSE,,OverStock
66869,Shower Set,Hardware,274,150,$152.2,$15.2,"$4,169",Jumia Supplies,13/2/2024,2/3/2024,Warehouse A,FALSE,,Other
23188,Door Frame,Hardware,323,80,$460.4,$46.0,"$14,871",FixRight Depot,13/2/2024,1/3/2024,Warehouse B,FALSE,,OverStock
75167,PVC Pipe,Plumbing,336,40,$488.4,$48.8,"$16,411",Alpha Materials,13/2/2024,29/2/2024,Warehouse A,FALSE,,OverStock
89833,Electrical Cable,Electrical,469,80,$129.1,$12.9,"$6,054",Jumia Supplies,13/2/2024,1/3/2024,Warehouse A,FALSE,,OverStock
74863,Paint Bucket,Interior,299,30,$381.5,$38.1,"$11,406",Jumia Supplies,13/2/2024,8/3/2024,Warehouse B,FALSE,,OverStock
57013,Ceiling Board,Interior,87,30,$123.5,$12.3,"$1,074",MegaBuild Ltd,12/2/2024,13/3/2024,Warehouse A,FALSE,,Other
92641,Switch Box,Electrical,134,30,$298.9,$29.9,"$4,005",Konga Wholesale,12/2/2024,1/3/2024,Warehouse B,FALSE,,OverStock
65881,Concrete Block,Building Materials,335,20,$83.6,$8.4,"$2,800",Alpha Materials,12/2/2024,12/3/2024,Warehouse B,FALSE,,OverStock
53534,Toilet Seat,Hardware,34,100,$39.3,$3.9,$134,Jumia Supplies,12/2/2024,18/2/2024,Warehouse B,TRUE,66,Other
10705,Door Frame,Hardware,108,80,$14.6,$1.5,$158,Alpha Materials,12/2/2024,22/3/2024,Warehouse C,FALSE,,Other
49952,Shower Set,Hardware,325,30,$267.2,$26.7,"$8,683",Alpha Materials,11/2/2024,20/3/2024,Warehouse A,FALSE,,OverStock
70006,Bulb Pack,Electrical,267,20,$307.3,$30.7,"$8,206",Konga Wholesale,11/2/2024,26/2/2024,Warehouse C,FALSE,,OverStock
92464,PVC Pipe,Plumbing,367,30,$184.9,$18.5,"$6,785",Jumia Supplies,11/2/2024,19/2/2024,Warehouse A,FALSE,,OverStock
94360,Roofing Sheet,Building Materials,486,80,$370.0,$37.0,"$17,982",FixRight Depot,11/2/2024,7/3/2024,Warehouse C,FALSE,,OverStock
97267,Switch Box,Electrical,347,20,$204.8,$20.5,"$7,106",MegaBuild Ltd,11/2/2024,20/3/2024,Warehouse B,FALSE,,OverStock
32593,Toilet Seat,Hardware,430,150,$87.7,$8.8,"$3,771",Jumia Supplies,11/2/2024,5/3/2024,Warehouse B,FALSE,,Other
28223,Electrical Cable,Electrical,405,100,$284.1,$28.4,"$11,507",MegaBuild Ltd,11/2/2024,6/3/2024,Warehouse A,FALSE,,OverStock
22170,Kitchen Sink,Plumbing,56,150,$110.7,$11.1,$620,Alpha Materials,11/2/2024,16/2/2024,Warehouse C,TRUE,94,Other
96679,Wallpaper Roll,Interior,271,50,$216.0,$21.6,"$5,853",Konga Wholesale,11/2/2024,19/2/2024,Warehouse B,FALSE,,OverStock
97299,Concrete Block,Building Materials,396,100,$31.7,$3.2,"$1,254",Jumia Supplies,11/2/2024,15/3/2024,Warehouse A,FALSE,,OverStock
36289,Concrete Block,Building Materials,72,150,$308.4,$30.8,"$2,221",FixRight Depot,10/2/2024,26/2/2024,Warehouse B,TRUE,78,Other
44681,Wallpaper Roll,Interior,342,30,$420.7,$42.1,"$14,388",Jumia Supplies,10/2/2024,19/2/2024,Warehouse A,FALSE,,OverStock
74619,Electrical Cable,Electrical,494,100,$38.8,$3.9,"$1,918",Konga Wholesale,10/2/2024,5/3/2024,Warehouse C,FALSE,,OverStock
70942,Kitchen Sink,Plumbing,447,50,$302.5,$30.2,"$13,520",Konga Wholesale,10/2/2024,17/3/2024,Warehouse A,FALSE,,OverStock
63836,Cement Bag,Building Materials,51,30,$74.4,$7.4,$379,Konga Wholesale,10/2/2024,16/3/2024,Warehouse C,FALSE,,Other
17043,Shower Set,Hardware,254,20,$476.6,$47.7,"$12,105",MegaBuild Ltd,10/2/2024,15/3/2024,Warehouse B,FALSE,,OverStock
34408,Concrete Block,Building Materials,27,100,$41.7,$4.2,$113,MegaBuild Ltd,10/2/2024,26/2/2024,Warehouse C,TRUE,73,Other
98271,Shower Set,Hardware,29,150,$168.8,$16.9,$489,Alpha Materials,10/2/2024,24/2/2024,Warehouse A,TRUE,121,Other
45011,Switch Box,Electrical,488,20,$379.8,$38.0,"$18,534",MegaBuild Ltd,10/2/2024,16/2/2024,Warehouse A,FALSE,,OverStock
71282,Concrete Block,Building Materials,25,30,$220.6,$22.1,$551,MegaBuild Ltd,10/2/2024,16/2/2024,Warehouse B,TRUE,5,Other
20296,PVC Pipe,Plumbing,41,40,$119.3,$11.9,$489,Konga Wholesale,10/2/2024,6/3/2024,Warehouse B,FALSE,,Other
50894,Window Glass,Hardware,94,20,$383.0,$38.3,"$3,600",MegaBuild Ltd,10/2/2024,19/2/2024,Warehouse B,FALSE,,OverStock
16221,Switch Box,Electrical,7,50,$195.5,$19.6,$137,FixRight Depot,10/2/2024,7/3/2024,Warehouse B,TRUE,43,Other
21679,Bulb Pack,Electrical,430,80,$351.7,$35.2,"$15,123",FixRight Depot,10/2/2024,25/2/2024,Warehouse C,FALSE,,OverStock
35658,Toilet Seat,Hardware,318,30,$179.3,$17.9,"$5,701",FixRight Depot,10/2/2024,17/2/2024,Warehouse C,FALSE,,OverStock
88462,Shower Set,Hardware,425,80,$199.2,$19.9,"$8,465",Alpha Materials,9/2/2024,16/2/2024,Warehouse B,FALSE,,OverStock
82388,Electrical Cable,Electrical,234,50,$107.7,$10.8,"$2,521",Jumia Supplies,9/2/2024,16/3/2024,Warehouse B,FALSE,,OverStock
74068,Shower Set,Hardware,436,50,$281.5,$28.2,"$12,274",Alpha Materials,9/2/2024,19/2/2024,Warehouse A,FALSE,,OverStock
77959,Door Frame,Hardware,370,40,$452.1,$45.2,"$16,729",Jumia Supplies,9/2/2024,9/3/2024,Warehouse B,FALSE,,OverStock
43132,Switch Box,Electrical,275,150,$192.4,$19.2,"$5,292",Konga Wholesale,9/2/2024,11/3/2024,Warehouse C,FALSE,,Other
78237,PVC Pipe,Plumbing,303,150,$95.9,$9.6,"$2,906",Konga Wholesale,9/2/2024,26/2/2024,Warehouse B,FALSE,,Other
66573,Wallpaper Roll,Interior,217,30,$248.4,$24.8,"$5,389",Alpha Materials,8/2/2024,16/3/2024,Warehouse C,FALSE,,OverStock
19348,Toilet Seat,Hardware,52,150,$391.7,$39.2,"$2,037",Konga Wholesale,8/2/2024,26/2/2024,Warehouse C,TRUE,98,Other
60939,Cement Bag,Building Materials,436,100,$380.8,$38.1,"$16,604",Alpha Materials,8/2/2024,21/2/2024,Warehouse C,FALSE,,OverStock
42854,Door Frame,Hardware,5,40,$415.3,$41.5,$208,Jumia Supplies,8/2/2024,5/3/2024,Warehouse C,TRUE,35,Other
48885,PVC Pipe,Plumbing,245,40,$122.2,$12.2,"$2,993",Jumia Supplies,8/2/2024,16/2/2024,Warehouse A,FALSE,,OverStock
53333,Water Heater,Plumbing,463,20,$279.2,$27.9,"$12,928",Alpha Materials,8/2/2024,29/2/2024,Warehouse C,FALSE,,OverStock
31301,PVC Pipe,Plumbing,99,50,$316.2,$31.6,"$3,131",MegaBuild Ltd,8/2/2024,12/3/2024,Warehouse A,FALSE,,Other
78731,Floor Tiles,Interior,445,20,$326.9,$32.7,"$14,546",FixRight Depot,8/2/2024,15/3/2024,Warehouse A,FALSE,,OverStock
24248,Kitchen Sink,Plumbing,491,50,$140.9,$14.1,"$6,919",MegaBuild Ltd,8/2/2024,4/3/2024,Warehouse C,FALSE,,OverStock
45449,Electrical Cable,Electrical,478,50,$243.8,$24.4,"$11,655",MegaBuild Ltd,8/2/2024,19/2/2024,Warehouse C,FALSE,,OverStock
22911,Water Heater,Plumbing,201,80,$494.9,$49.5,"$9,948",Jumia Supplies,8/2/2024,23/2/2024,Warehouse B,FALSE,,Other
43083,Cement Bag,Building Materials,450,50,$86.3,$8.6,"$3,884",MegaBuild Ltd,8/2/2024,14/3/2024,Warehouse A,FALSE,,OverStock
24450,Roofing Sheet,Building Materials,16,150,$152.5,$15.2,$244,MegaBuild Ltd,8/2/2024,14/2/2024,Warehouse B,TRUE,134,Other
66195,Ceiling Board,Interior,211,20,$408.2,$40.8,"$8,613",Alpha Materials,8/2/2024,25/2/2024,Warehouse B,FALSE,,OverStock
17938,Water Heater,Plumbing,241,80,$497.6,$49.8,"$11,991",MegaBuild Ltd,8/2/2024,29/2/2024,Warehouse C,FALSE,,OverStock
89369,PVC Pipe,Plumbing,123,40,$298.0,$29.8,"$3,666",FixRight Depot,8/2/2024,13/3/2024,Warehouse B,FALSE,,OverStock
99403,Roofing Sheet,Building Materials,303,100,$256.3,$25.6,"$7,764",Alpha Materials,8/2/2024,8/3/2024,Warehouse B,FALSE,,OverStock
26163,Kitchen Sink,Plumbing,287,20,$306.2,$30.6,"$8,788",Jumia Supplies,7/2/2024,16/3/2024,Warehouse C,FALSE,,OverStock
71627,Window Glass,Hardware,487,150,$6.6,$0.7,$321,Jumia Supplies,7/2/2024,15/2/2024,Warehouse A,FALSE,,OverStock
63450,PVC Pipe,Plumbing,22,80,$257.0,$25.7,$565,Alpha Materials,7/2/2024,9/3/2024,Warehouse A,TRUE,58,Other
70623,Switch Box,Electrical,291,30,$380.0,$38.0,"$11,058",MegaBuild Ltd,7/2/2024,7/3/2024,Warehouse A,FALSE,,OverStock
89941,Water Heater,Plumbing,149,150,$306.1,$30.6,"$4,561",Jumia Supplies,7/2/2024,2/3/2024,Warehouse C,TRUE,1,Other
38869,Window Glass,Hardware,106,40,$385.0,$38.5,"$4,081",Alpha Materials,7/2/2024,15/3/2024,Warehouse C,FALSE,,Other
46208,Roofing Sheet,Building Materials,95,150,$465.7,$46.6,"$4,424",Alpha Materials,6/2/2024,22/2/2024,Warehouse C,TRUE,55,Other
12920,Bulb Pack,Electrical,453,30,$328.4,$32.8,"$14,875",Konga Wholesale,6/2/2024,13/3/2024,Warehouse C,FALSE,,OverStock
90738,Paint Bucket,Interior,163,50,$51.2,$5.1,$834,Alpha Materials,6/2/2024,22/2/2024,Warehouse B,FALSE,,OverStock
27862,Door Frame,Hardware,178,50,$215.1,$21.5,"$3,828",MegaBuild Ltd,6/2/2024,16/2/2024,Warehouse B,FALSE,,OverStock
94719,Cement Bag,Building Materials,312,20,$57.1,$5.7,"$1,782",MegaBuild Ltd,6/2/2024,2/3/2024,Warehouse C,FALSE,,OverStock
98232,Toilet Seat,Hardware,165,150,$469.5,$46.9,"$7,747",MegaBuild Ltd,6/2/2024,16/2/2024,Warehouse A,FALSE,,Other
83185,Paint Bucket,Interior,69,50,$74.7,$7.5,$515,MegaBuild Ltd,6/2/2024,13/2/2024,Warehouse C,FALSE,,Other
22842,Switch Box,Electrical,276,100,$208.9,$20.9,"$5,766",FixRight Depot,6/2/2024,24/2/2024,Warehouse A,FALSE,,Other
42286,Wallpaper Roll,Interior,472,50,$318.0,$31.8,"$15,009",MegaBuild Ltd,6/2/2024,22/2/2024,Warehouse B,FALSE,,OverStock
67492,Window Glass,Hardware,229,40,$472.0,$47.2,"$10,809",Konga Wholesale,5/2/2024,13/3/2024,Warehouse C,FALSE,,OverStock
32444,Paint Bucket,Interior,243,50,$50.1,$5.0,"$1,217",MegaBuild Ltd,5/2/2024,17/2/2024,Warehouse B,FALSE,,OverStock
35874,Shower Set,Hardware,260,20,$382.9,$38.3,"$9,956",MegaBuild Ltd,5/2/2024,24/2/2024,Warehouse A,FALSE,,OverStock
20796,PVC Pipe,Plumbing,389,50,$429.9,$43.0,"$16,722",MegaBuild Ltd,5/2/2024,12/3/2024,Warehouse A,FALSE,,OverStock
95141,PVC Pipe,Plumbing,147,40,$212.7,$21.3,"$3,127",Jumia Supplies,5/2/2024,18/2/2024,Warehouse A,FALSE,,OverStock
21552,Electrical Cable,Electrical,49,150,$299.3,$29.9,"$1,466",Konga Wholesale,5/2/2024,6/3/2024,Warehouse A,TRUE,101,Other
88651,Shower Set,Hardware,423,40,$357.0,$35.7,"$15,102",MegaBuild Ltd,5/2/2024,24/2/2024,Warehouse A,FALSE,,OverStock
98560,Floor Tiles,Interior,98,150,$316.0,$31.6,"$3,097",Alpha Materials,5/2/2024,13/2/2024,Warehouse A,TRUE,52,Other
69542,Cement Bag,Building Materials,382,80,$6.4,$0.6,$243,Jumia Supplies,5/2/2024,15/3/2024,Warehouse C,FALSE,,OverStock
96497,Electrical Cable,Electrical,200,80,$21.2,$2.1,$423,Jumia Supplies,4/2/2024,25/2/2024,Warehouse A,FALSE,,Other
15515,Switch Box,Electrical,265,50,$125.9,$12.6,"$3,335",Alpha Materials,4/2/2024,14/2/2024,Warehouse A,FALSE,,OverStock
47180,Water Heater,Plumbing,244,40,$429.1,$42.9,"$10,470",FixRight Depot,4/2/2024,19/2/2024,Warehouse A,FALSE,,OverStock
26292,Kitchen Sink,Plumbing,261,30,$337.8,$33.8,"$8,816",Jumia Supplies,4/2/2024,8/3/2024,Warehouse B,FALSE,,OverStock
19321,Kitchen Sink,Plumbing,235,80,$210.2,$21.0,"$4,939",Jumia Supplies,4/2/2024,2/3/2024,Warehouse B,FALSE,,Other
20349,Cement Bag,Building Materials,387,100,$331.6,$33.2,"$12,833",Alpha Materials,4/2/2024,14/2/2024,Warehouse A,FALSE,,OverStock
16773,Bulb Pack,Electrical,366,30,$116.9,$11.7,"$4,277",MegaBuild Ltd,4/2/2024,14/2/2024,Warehouse B,FALSE,,OverStock
52706,Bulb Pack,Electrical,364,20,$125.6,$12.6,"$4,570",Konga Wholesale,4/2/2024,29/2/2024,Warehouse A,FALSE,,OverStock
50996,Door Frame,Hardware,248,50,$394.1,$39.4,"$9,773",Alpha Materials,4/2/2024,14/2/2024,Warehouse C,FALSE,,OverStock
25406,Wallpaper Roll,Interior,347,80,$228.7,$22.9,"$7,934",Jumia Supplies,4/2/2024,26/2/2024,Warehouse B,FALSE,,OverStock
73656,Window Glass,Hardware,34,150,$316.1,$31.6,"$1,075",Jumia Supplies,3/2/2024,11/3/2024,Warehouse C,TRUE,116,Other
76697,PVC Pipe,Plumbing,349,50,$476.8,$47.7,"$16,640",Konga Wholesale,3/2/2024,15/2/2024,Warehouse B,FALSE,,OverStock
61408,Toilet Seat,Hardware,218,100,$274.8,$27.5,"$5,990",Konga Wholesale,3/2/2024,10/2/2024,Warehouse A,FALSE,,Other
84385,Paint Bucket,Interior,496,40,$5.7,$0.6,$280,Alpha Materials,3/2/2024,11/3/2024,Warehouse A,FALSE,,OverStock
65175,Floor Tiles,Interior,235,20,$415.6,$41.6,"$9,767",Konga Wholesale,3/2/2024,20/2/2024,Warehouse A,FALSE,,OverStock
91583,Ceiling Board,Interior,42,150,$359.2,$35.9,"$1,508",Jumia Supplies,3/2/2024,12/3/2024,Warehouse B,TRUE,108,Other
69337,Wallpaper Roll,Interior,215,50,$14.8,$1.5,$317,MegaBuild Ltd,3/2/2024,27/2/2024,Warehouse C,FALSE,,OverStock
92049,Bulb Pack,Electrical,55,40,$263.7,$26.4,"$1,451",MegaBuild Ltd,3/2/2024,9/2/2024,Warehouse C,FALSE,,Other
27864,Water Heater,Plumbing,412,150,$167.5,$16.8,"$6,903",MegaBuild Ltd,3/2/2024,8/3/2024,Warehouse C,FALSE,,Other
85772,Paint Bucket,Interior,462,40,$289.5,$29.0,"$13,377",Jumia Supplies,3/2/2024,8/3/2024,Warehouse C,FALSE,,OverStock
80588,Wallpaper Roll,Interior,395,30,$288.8,$28.9,"$11,408",Konga Wholesale,2/2/2024,10/3/2024,Warehouse C,FALSE,,OverStock
41598,Electrical Cable,Electrical,459,150,$37.5,$3.7,"$1,720",Konga Wholesale,2/2/2024,12/2/2024,Warehouse C,FALSE,,OverStock
66548,Kitchen Sink,Plumbing,253,80,$10.2,$1.0,$258,FixRight Depot,2/2/2024,16/2/2024,Warehouse B,FALSE,,OverStock
29689,Door Frame,Hardware,20,20,$199.0,$19.9,$398,Konga Wholesale,2/2/2024,10/2/2024,Warehouse C,FALSE,,Other
96839,Toilet Seat,Hardware,189,30,$296.7,$29.7,"$5,607",FixRight Depot,2/2/2024,19/2/2024,Warehouse B,FALSE,,OverStock
66632,Roofing Sheet,Building Materials,257,50,$217.2,$21.7,"$5,581",FixRight Depot,2/2/2024,15/2/2024,Warehouse B,FALSE,,OverStock
34600,Bulb Pack,Electrical,109,20,$385.5,$38.6,"$4,202",Konga Wholesale,1/2/2024,2/3/2024,Warehouse C,FALSE,,OverStock
93721,Shower Set,Hardware,169,30,$496.2,$49.6,"$8,385",Alpha Materials,1/2/2024,26/2/2024,Warehouse A,FALSE,,OverStock
96058,Concrete Block,Building Materials,192,80,$166.0,$16.6,"$3,187",Alpha Materials,1/2/2024,10/3/2024,Warehouse C,FALSE,,Other
72678,Water Heater,Plumbing,401,100,$46.6,$4.7,"$1,870",Alpha Materials,1/2/2024,12/2/2024,Warehouse B,FALSE,,OverStock
77777,Bulb Pack,Electrical,196,40,$163.4,$16.3,"$3,202",Konga Wholesale,1/2/2024,7/3/2024,Warehouse C,FALSE,,OverStock
53831,Cement Bag,Building Materials,266,100,$332.2,$33.2,"$8,837",Alpha Materials,1/2/2024,24/2/2024,Warehouse C,FALSE,,Other
78125,Electrical Cable,Electrical,358,150,$5.7,$0.6,$203,Konga Wholesale,1/2/2024,9/2/2024,Warehouse B,FALSE,,Other
88249,Shower Set,Hardware,44,30,$235.4,$23.5,"$1,036",MegaBuild Ltd,31/1/2024,27/2/2024,Warehouse C,FALSE,,Other
26566,Electrical Cable,Electrical,274,20,$381.0,$38.1,"$10,440",MegaBuild Ltd,31/1/2024,21/2/2024,Warehouse B,FALSE,,OverStock
77695,Shower Set,Hardware,424,30,$57.9,$5.8,"$2,454",MegaBuild Ltd,31/1/2024,5/3/2024,Warehouse C,FALSE,,OverStock
42872,Floor Tiles,Interior,329,100,$134.5,$13.5,"$4,426",MegaBuild Ltd,31/1/2024,11/2/2024,Warehouse B,FALSE,,OverStock
92027,Ceiling Board,Interior,218,150,$11.2,$1.1,$243,MegaBuild Ltd,31/1/2024,10/2/2024,Warehouse A,FALSE,,Other
50178,Bulb Pack,Electrical,494,150,$330.7,$33.1,"$16,334",FixRight Depot,31/1/2024,16/2/2024,Warehouse B,FALSE,,OverStock
45081,Cement Bag,Building Materials,153,80,$404.0,$40.4,"$6,181",MegaBuild Ltd,31/1/2024,6/3/2024,Warehouse A,FALSE,,Other
83396,Concrete Block,Building Materials,474,100,$129.4,$12.9,"$6,135",Jumia Supplies,31/1/2024,26/2/2024,Warehouse A,FALSE,,OverStock
54016,Roofing Sheet,Building Materials,26,50,$365.6,$36.6,$951,FixRight Depot,31/1/2024,10/2/2024,Warehouse B,TRUE,24,Other
95783,Toilet Seat,Hardware,156,80,$20.4,$2.0,$318,Konga Wholesale,31/1/2024,12/2/2024,Warehouse C,FALSE,,Other
14808,Electrical Cable,Electrical,83,150,$483.1,$48.3,"$4,010",Alpha Materials,31/1/2024,10/3/2024,Warehouse C,TRUE,67,Other
96070,Roofing Sheet,Building Materials,390,150,$78.9,$7.9,"$3,078",Jumia Supplies,31/1/2024,28/2/2024,Warehouse B,FALSE,,Other
37685,Kitchen Sink,Plumbing,386,100,$40.2,$4.0,"$1,550",Alpha Materials,30/1/2024,24/2/2024,Warehouse B,FALSE,,OverStock
16265,Floor Tiles,Interior,76,100,$320.1,$32.0,"$2,433",FixRight Depot,30/1/2024,16/2/2024,Warehouse C,TRUE,24,Other
27809,Toilet Seat,Hardware,170,30,$177.1,$17.7,"$3,010",Alpha Materials,30/1/2024,7/3/2024,Warehouse A,FALSE,,OverStock
25164,Wallpaper Roll,Interior,466,50,$77.0,$7.7,"$3,590",FixRight Depot,30/1/2024,13/2/2024,Warehouse B,FALSE,,OverStock
85768,Wallpaper Roll,Interior,318,150,$196.2,$19.6,"$6,238",Alpha Materials,30/1/2024,4/3/2024,Warehouse A,FALSE,,Other
63001,Water Heater,Plumbing,80,100,$270.1,$27.0,"$2,161",Konga Wholesale,30/1/2024,10/2/2024,Warehouse B,TRUE,20,Other
51534,Ceiling Board,Interior,276,100,$476.1,$47.6,"$13,141",Alpha Materials,30/1/2024,26/2/2024,Warehouse C,FALSE,,Other
38787,Switch Box,Electrical,100,40,$367.1,$36.7,"$3,671",Alpha Materials,30/1/2024,4/3/2024,Warehouse C,FALSE,,Other
71401,Switch Box,Electrical,299,150,$284.1,$28.4,"$8,494",FixRight Depot,30/1/2024,21/2/2024,Warehouse B,FALSE,,Other
20922,Window Glass,Hardware,338,20,$39.3,$3.9,"$1,329",MegaBuild Ltd,29/1/2024,21/2/2024,Warehouse B,FALSE,,OverStock
27040,Concrete Block,Building Materials,149,40,$24.3,$2.4,$363,Alpha Materials,29/1/2024,18/2/2024,Warehouse C,FALSE,,OverStock
74356,Water Heater,Plumbing,278,40,$171.6,$17.2,"$4,769",FixRight Depot,29/1/2024,7/3/2024,Warehouse A,FALSE,,OverStock
99180,Paint Bucket,Interior,121,100,$249.9,$25.0,"$3,024",Jumia Supplies,29/1/2024,12/2/2024,Warehouse B,FALSE,,Other
47918,Window Glass,Hardware,467,100,$418.8,$41.9,"$19,557",Alpha Materials,29/1/2024,19/2/2024,Warehouse B,FALSE,,OverStock
31305,PVC Pipe,Plumbing,364,20,$275.6,$27.6,"$10,033",Konga Wholesale,29/1/2024,2/3/2024,Warehouse C,FALSE,,OverStock
52635,Ceiling Board,Interior,84,80,$31.2,$3.1,$262,MegaBuild Ltd,29/1/2024,26/2/2024,Warehouse B,FALSE,,Other
14835,Water Heater,Plumbing,135,30,$118.6,$11.9,"$1,600",Konga Wholesale,28/1/2024,29/2/2024,Warehouse B,FALSE,,OverStock
21244,Electrical Cable,Electrical,7,20,$431.9,$43.2,$302,Konga Wholesale,28/1/2024,15/2/2024,Warehouse C,TRUE,13,Other
42009,Shower Set,Hardware,86,150,$17.6,$1.8,$151,FixRight Depot,28/1/2024,27/2/2024,Warehouse C,TRUE,64,Other
82534,Bulb Pack,Electrical,84,150,$104.4,$10.4,$877,MegaBuild Ltd,28/1/2024,1/3/2024,Warehouse C,TRUE,66,Other
87681,Bulb Pack,Electrical,329,30,$5.1,$0.5,$167,MegaBuild Ltd,28/1/2024,29/2/2024,Warehouse A,FALSE,,OverStock
80949,Electrical Cable,Electrical,160,100,$193.2,$19.3,"$3,092",FixRight Depot,28/1/2024,15/2/2024,Warehouse A,FALSE,,Other
65372,Wallpaper Roll,Interior,397,50,$185.3,$18.5,"$7,357",Jumia Supplies,28/1/2024,15/2/2024,Warehouse C,FALSE,,OverStock
78993,Wallpaper Roll,Interior,97,100,$278.7,$27.9,"$2,704",Jumia Supplies,28/1/2024,10/2/2024,Warehouse B,TRUE,3,Other
29276,Water Heater,Plumbing,436,50,$393.3,$39.3,"$17,149",MegaBuild Ltd,28/1/2024,4/3/2024,Warehouse C,FALSE,,OverStock
92565,Kitchen Sink,Plumbing,116,30,$74.3,$7.4,$862,Konga Wholesale,27/1/2024,2/3/2024,Warehouse B,FALSE,,OverStock
26220,Concrete Block,Building Materials,22,150,$454.9,$45.5,"$1,001",Jumia Supplies,27/1/2024,24/2/2024,Warehouse C,TRUE,128,Other
93040,Shower Set,Hardware,20,40,$415.2,$41.5,$830,Jumia Supplies,27/1/2024,9/2/2024,Warehouse B,TRUE,20,Other
72134,Cement Bag,Building Materials,225,40,$235.8,$23.6,"$5,306",Jumia Supplies,27/1/2024,9/2/2024,Warehouse A,FALSE,,OverStock
39404,Shower Set,Hardware,48,100,$123.5,$12.4,$593,MegaBuild Ltd,27/1/2024,8/2/2024,Warehouse A,TRUE,52,Other
16469,Bulb Pack,Electrical,440,30,$280.6,$28.1,"$12,346",MegaBuild Ltd,26/1/2024,4/2/2024,Warehouse B,FALSE,,OverStock
47641,Floor Tiles,Interior,58,30,$30.5,$3.1,$177,Jumia Supplies,26/1/2024,2/3/2024,Warehouse C,FALSE,,Other
56473,Bulb Pack,Electrical,491,150,$74.7,$7.5,"$3,668",Konga Wholesale,26/1/2024,24/2/2024,Warehouse A,FALSE,,OverStock
85432,Paint Bucket,Interior,24,30,$383.9,$38.4,$921,Jumia Supplies,26/1/2024,5/2/2024,Warehouse C,TRUE,6,Other
43371,Ceiling Board,Interior,356,50,$366.3,$36.6,"$13,040",Alpha Materials,26/1/2024,17/2/2024,Warehouse C,FALSE,,OverStock
47869,Wallpaper Roll,Interior,307,150,$271.7,$27.2,"$8,342",MegaBuild Ltd,26/1/2024,25/2/2024,Warehouse B,FALSE,,Other
33997,Electrical Cable,Electrical,468,50,$379.4,$37.9,"$17,755",Alpha Materials,26/1/2024,3/3/2024,Warehouse B,FALSE,,OverStock
67254,Kitchen Sink,Plumbing,383,150,$200.3,$20.0,"$7,671",MegaBuild Ltd,26/1/2024,1/2/2024,Warehouse C,FALSE,,Other
56659,Electrical Cable,Electrical,389,20,$334.8,$33.5,"$13,024",Alpha Materials,25/1/2024,13/2/2024,Warehouse A,FALSE,,OverStock
61448,Toilet Seat,Hardware,400,50,$259.3,$25.9,"$10,372",Alpha Materials,25/1/2024,4/2/2024,Warehouse B,FALSE,,OverStock
16050,Roofing Sheet,Building Materials,3,80,$341.6,$34.2,$102,Jumia Supplies,25/1/2024,13/2/2024,Warehouse C,TRUE,77,Other
11919,Ceiling Board,Interior,417,50,$124.8,$12.5,"$5,202",FixRight Depot,25/1/2024,31/1/2024,Warehouse B,FALSE,,OverStock
97185,Switch Box,Electrical,410,20,$340.2,$34.0,"$13,947",FixRight Depot,25/1/2024,20/2/2024,Warehouse C,FALSE,,OverStock
28706,Shower Set,Hardware,214,50,$282.0,$28.2,"$6,035",FixRight Depot,25/1/2024,26/2/2024,Warehouse B,FALSE,,OverStock
72513,Cement Bag,Building Materials,242,80,$180.2,$18.0,"$4,362",FixRight Depot,25/1/2024,25/2/2024,Warehouse A,FALSE,,OverStock
33705,Kitchen Sink,Plumbing,380,50,$362.4,$36.2,"$13,772",Alpha Materials,24/1/2024,3/3/2024,Warehouse B,FALSE,,OverStock
64040,Door Frame,Hardware,234,80,$95.5,$9.5,"$2,234",Jumia Supplies,24/1/2024,8/2/2024,Warehouse A,FALSE,,Other
28705,Kitchen Sink,Plumbing,462,40,$321.1,$32.1,"$14,837",FixRight Depot,24/1/2024,29/1/2024,Warehouse A,FALSE,,OverStock
72863,Window Glass,Hardware,58,20,$499.9,$50.0,"$2,899",FixRight Depot,24/1/2024,22/2/2024,Warehouse B,FALSE,,Other
82607,Floor Tiles,Interior,478,20,$296.8,$29.7,"$14,186",Konga Wholesale,24/1/2024,17/2/2024,Warehouse A,FALSE,,OverStock
81713,PVC Pipe,Plumbing,90,30,$156.1,$15.6,"$1,405",Konga Wholesale,24/1/2024,2/2/2024,Warehouse B,FALSE,,Other
81678,Door Frame,Hardware,272,20,$60.8,$6.1,"$1,652",FixRight Depot,24/1/2024,1/3/2024,Warehouse A,FALSE,,OverStock
54149,Kitchen Sink,Plumbing,377,20,$21.3,$2.1,$802,Jumia Supplies,23/1/2024,3/2/2024,Warehouse A,FALSE,,OverStock
55784,Roofing Sheet,Building Materials,158,30,$120.8,$12.1,"$1,908",MegaBuild Ltd,23/1/2024,9/2/2024,Warehouse B,FALSE,,OverStock
97519,Shower Set,Hardware,440,80,$388.2,$38.8,"$17,081",Konga Wholesale,23/1/2024,2/2/2024,Warehouse C,FALSE,,OverStock
66068,Electrical Cable,Electrical,187,20,$192.1,$19.2,"$3,593",MegaBuild Ltd,23/1/2024,10/2/2024,Warehouse B,FALSE,,OverStock
75633,PVC Pipe,Plumbing,329,80,$74.8,$7.5,"$2,460",Konga Wholesale,22/1/2024,28/1/2024,Warehouse A,FALSE,,OverStock
53526,Roofing Sheet,Building Materials,451,50,$148.6,$14.9,"$6,701",Konga Wholesale,22/1/2024,3/2/2024,Warehouse B,FALSE,,OverStock
93948,Water Heater,Plumbing,425,80,$373.9,$37.4,"$15,889",Jumia Supplies,22/1/2024,1/3/2024,Warehouse A,FALSE,,OverStock
69754,Kitchen Sink,Plumbing,420,100,$69.8,$7.0,"$2,933",Konga Wholesale,22/1/2024,15/2/2024,Warehouse A,FALSE,,OverStock
40988,Ceiling Board,Interior,452,20,$210.7,$21.1,"$9,525",FixRight Depot,22/1/2024,10/2/2024,Warehouse A,FALSE,,OverStock
82743,Floor Tiles,Interior,227,50,$61.7,$6.2,"$1,401",Alpha Materials,22/1/2024,18/2/2024,Warehouse C,FALSE,,OverStock
73545,Shower Set,Hardware,89,150,$125.5,$12.5,"$1,117",MegaBuild Ltd,22/1/2024,18/2/2024,Warehouse B,TRUE,61,Other
30171,Shower Set,Hardware,184,30,$132.0,$13.2,"$2,428",FixRight Depot,22/1/2024,8/2/2024,Warehouse B,FALSE,,OverStock
51616,Electrical Cable,Electrical,498,30,$180.7,$18.1,"$8,999",Alpha Materials,22/1/2024,31/1/2024,Warehouse B,FALSE,,OverStock
46530,Ceiling Board,Interior,405,40,$409.2,$40.9,"$16,574",Jumia Supplies,22/1/2024,4/2/2024,Warehouse B,FALSE,,OverStock
86323,Ceiling Board,Interior,437,150,$334.3,$33.4,"$14,608",MegaBuild Ltd,22/1/2024,31/1/2024,Warehouse A,FALSE,,Other
47194,Ceiling Board,Interior,270,40,$391.0,$39.1,"$10,556",Konga Wholesale,21/1/2024,13/2/2024,Warehouse A,FALSE,,OverStock
10358,PVC Pipe,Plumbing,50,30,$33.5,$3.4,$168,FixRight Depot,21/1/2024,5/2/2024,Warehouse C,FALSE,,Other
19386,Kitchen Sink,Plumbing,44,50,$260.5,$26.0,"$1,146",FixRight Depot,21/1/2024,12/2/2024,Warehouse C,TRUE,6,Other
84034,Switch Box,Electrical,380,100,$247.8,$24.8,"$9,415",Konga Wholesale,21/1/2024,29/2/2024,Warehouse C,FALSE,,OverStock
13664,Electrical Cable,Electrical,59,30,$193.2,$19.3,"$1,140",Jumia Supplies,21/1/2024,21/2/2024,Warehouse C,FALSE,,Other
99882,Shower Set,Hardware,332,40,$84.2,$8.4,"$2,794",FixRight Depot,21/1/2024,27/1/2024,Warehouse B,FALSE,,OverStock
44810,Water Heater,Plumbing,350,20,$375.6,$37.6,"$13,144",Jumia Supplies,21/1/2024,23/2/2024,Warehouse B,FALSE,,OverStock
96472,Cement Bag,Building Materials,423,100,$414.1,$41.4,"$17,516",FixRight Depot,21/1/2024,18/2/2024,Warehouse B,FALSE,,OverStock
37655,Bulb Pack,Electrical,486,150,$280.6,$28.1,"$13,638",Konga Wholesale,21/1/2024,9/2/2024,Warehouse C,FALSE,,OverStock
56475,Switch Box,Electrical,375,100,$210.3,$21.0,"$7,884",MegaBuild Ltd,21/1/2024,3/2/2024,Warehouse C,FALSE,,OverStock
78197,Paint Bucket,Interior,149,20,$150.0,$15.0,"$2,235",Konga Wholesale,21/1/2024,21/2/2024,Warehouse B,FALSE,,OverStock
43572,Kitchen Sink,Plumbing,385,40,$297.2,$29.7,"$11,442",Jumia Supplies,20/1/2024,29/1/2024,Warehouse B,FALSE,,OverStock
78154,Concrete Block,Building Materials,25,150,$240.4,$24.0,$601,MegaBuild Ltd,20/1/2024,30/1/2024,Warehouse B,TRUE,125,Other
69317,Cement Bag,Building Materials,366,150,$458.0,$45.8,"$16,761",FixRight Depot,20/1/2024,10/2/2024,Warehouse B,FALSE,,Other
90201,Door Frame,Hardware,174,20,$217.3,$21.7,"$3,782",MegaBuild Ltd,19/1/2024,26/1/2024,Warehouse A,FALSE,,OverStock
99242,Shower Set,Hardware,487,150,$280.0,$28.0,"$13,635",Alpha Materials,19/1/2024,29/1/2024,Warehouse C,FALSE,,OverStock
46135,Door Frame,Hardware,332,40,$279.3,$27.9,"$9,271",Alpha Materials,19/1/2024,24/1/2024,Warehouse B,FALSE,,OverStock
87518,Toilet Seat,Hardware,375,150,$134.9,$13.5,"$5,060",MegaBuild Ltd,19/1/2024,5/2/2024,Warehouse B,FALSE,,Other
34022,Ceiling Board,Interior,470,150,$88.2,$8.8,"$4,145",Konga Wholesale,19/1/2024,12/2/2024,Warehouse C,FALSE,,OverStock
62330,PVC Pipe,Plumbing,286,30,$477.1,$47.7,"$13,644",Jumia Supplies,19/1/2024,9/2/2024,Warehouse B,FALSE,,OverStock
25437,Wallpaper Roll,Interior,445,30,$172.1,$17.2,"$7,658",FixRight Depot,19/1/2024,26/2/2024,Warehouse A,FALSE,,OverStock
91863,Wallpaper Roll,Interior,241,20,$210.3,$21.0,"$5,068",Jumia Supplies,19/1/2024,15/2/2024,Warehouse A,FALSE,,OverStock
44409,Cement Bag,Building Materials,130,80,$108.1,$10.8,"$1,405",FixRight Depot,19/1/2024,25/2/2024,Warehouse B,FALSE,,Other
24155,Cement Bag,Building Materials,431,30,$498.9,$49.9,"$21,501",Konga Wholesale,19/1/2024,26/2/2024,Warehouse C,FALSE,,OverStock
10692,Bulb Pack,Electrical,107,50,$415.2,$41.5,"$4,442",Alpha Materials,18/1/2024,17/2/2024,Warehouse A,FALSE,,Other
81792,Water Heater,Plumbing,471,20,$199.0,$19.9,"$9,371",Alpha Materials,18/1/2024,4/2/2024,Warehouse C,FALSE,,OverStock
96840,Door Frame,Hardware,381,150,$244.3,$24.4,"$9,309",FixRight Depot,18/1/2024,19/2/2024,Warehouse B,FALSE,,Other
30773,Toilet Seat,Hardware,482,100,$481.2,$48.1,"$23,193",FixRight Depot,18/1/2024,20/2/2024,Warehouse C,FALSE,,OverStock
28330,Ceiling Board,Interior,108,20,$485.4,$48.5,"$5,243",FixRight Depot,18/1/2024,28/1/2024,Warehouse C,FALSE,,OverStock
77561,PVC Pipe,Plumbing,163,50,$212.1,$21.2,"$3,457",Konga Wholesale,18/1/2024,30/1/2024,Warehouse B,FALSE,,OverStock
39870,Kitchen Sink,Plumbing,316,50,$349.7,$35.0,"$11,050",Konga Wholesale,18/1/2024,29/1/2024,Warehouse C,FALSE,,OverStock
50028,Bulb Pack,Electrical,399,50,$271.0,$27.1,"$10,813",FixRight Depot,18/1/2024,4/2/2024,Warehouse A,FALSE,,OverStock
51705,Wallpaper Roll,Interior,432,20,$341.4,$34.1,"$14,750",Konga Wholesale,18/1/2024,24/2/2024,Warehouse B,FALSE,,OverStock
45059,Electrical Cable,Electrical,454,150,$361.9,$36.2,"$16,429",Konga Wholesale,18/1/2024,10/2/2024,Warehouse B,FALSE,,OverStock
40261,Door Frame,Hardware,64,20,$94.8,$9.5,$607,Jumia Supplies,18/1/2024,22/2/2024,Warehouse C,FALSE,,OverStock
69919,Door Frame,Hardware,350,100,$83.6,$8.4,"$2,924",Konga Wholesale,18/1/2024,22/2/2024,Warehouse A,FALSE,,OverStock
82545,PVC Pipe,Plumbing,45,40,$490.7,$49.1,"$2,208",FixRight Depot,17/1/2024,21/2/2024,Warehouse A,FALSE,,Other
46021,Kitchen Sink,Plumbing,408,40,$205.1,$20.5,"$8,369",FixRight Depot,17/1/2024,2/2/2024,Warehouse A,FALSE,,OverStock
34495,Switch Box,Electrical,250,40,$188.9,$18.9,"$4,723",Jumia Supplies,17/1/2024,16/2/2024,Warehouse B,FALSE,,OverStock
76708,Door Frame,Hardware,8,150,$74.6,$7.5,$60,Jumia Supplies,17/1/2024,16/2/2024,Warehouse C,TRUE,142,Other
40776,Water Heater,Plumbing,188,150,$145.9,$14.6,"$2,742",MegaBuild Ltd,17/1/2024,11/2/2024,Warehouse C,FALSE,,Other
68204,Ceiling Board,Interior,122,50,$376.3,$37.6,"$4,591",MegaBuild Ltd,17/1/2024,3/2/2024,Warehouse C,FALSE,,Other
50533,Paint Bucket,Interior,238,150,$430.8,$43.1,"$10,252",Konga Wholesale,17/1/2024,30/1/2024,Warehouse B,FALSE,,Other
46516,Cement Bag,Building Materials,39,80,$250.3,$25.0,$976,Konga Wholesale,17/1/2024,30/1/2024,Warehouse A,TRUE,41,Other
84090,Concrete Block,Building Materials,497,40,$267.2,$26.7,"$13,280",MegaBuild Ltd,17/1/2024,8/2/2024,Warehouse C,FALSE,,OverStock
45701,Bulb Pack,Electrical,233,50,$43.4,$4.3,"$1,010",MegaBuild Ltd,17/1/2024,29/1/2024,Warehouse A,FALSE,,OverStock
42615,Toilet Seat,Hardware,92,80,$177.8,$17.8,"$1,636",MegaBuild Ltd,17/1/2024,29/1/2024,Warehouse A,FALSE,,Other
96534,Water Heater,Plumbing,65,50,$325.2,$32.5,"$2,114",MegaBuild Ltd,17/1/2024,25/1/2024,Warehouse C,FALSE,,Other
26999,Water Heater,Plumbing,444,80,$357.8,$35.8,"$15,887",Konga Wholesale,16/1/2024,28/1/2024,Warehouse A,FALSE,,OverStock
76985,Roofing Sheet,Building Materials,472,80,$133.5,$13.4,"$6,301",Jumia Supplies,16/1/2024,29/1/2024,Warehouse B,FALSE,,OverStock
47387,Roofing Sheet,Building Materials,228,40,$138.3,$13.8,"$3,152",Alpha Materials,16/1/2024,12/2/2024,Warehouse B,FALSE,,OverStock
35957,Toilet Seat,Hardware,476,80,$301.1,$30.1,"$14,332",Alpha Materials,16/1/2024,19/2/2024,Warehouse C,FALSE,,OverStock
60511,Door Frame,Hardware,321,50,$55.9,$5.6,"$1,794",Jumia Supplies,16/1/2024,3/2/2024,Warehouse A,FALSE,,OverStock
65034,Window Glass,Hardware,224,100,$446.4,$44.6,"$10,000",Konga Wholesale,16/1/2024,23/1/2024,Warehouse C,FALSE,,Other
51644,Bulb Pack,Electrical,332,20,$397.5,$39.8,"$13,198",Konga Wholesale,16/1/2024,25/1/2024,Warehouse B,FALSE,,OverStock
77082,Ceiling Board,Interior,402,40,$151.6,$15.2,"$6,095",Konga Wholesale,16/1/2024,24/2/2024,Warehouse B,FALSE,,OverStock
52124,Switch Box,Electrical,304,30,$104.2,$10.4,"$3,167",FixRight Depot,16/1/2024,10/2/2024,Warehouse C,FALSE,,OverStock
46123,Floor Tiles,Interior,362,80,$338.7,$33.9,"$12,262",Jumia Supplies,16/1/2024,20/2/2024,Warehouse C,FALSE,,OverStock
48518,Ceiling Board,Interior,273,30,$180.3,$18.0,"$4,922",Alpha Materials,15/1/2024,13/2/2024,Warehouse B,FALSE,,OverStock
76727,Concrete Block,Building Materials,443,50,$183.4,$18.3,"$8,124",Jumia Supplies,15/1/2024,23/1/2024,Warehouse A,FALSE,,OverStock
91103,Kitchen Sink,Plumbing,383,30,$313.5,$31.3,"$12,005",Jumia Supplies,15/1/2024,24/1/2024,Warehouse B,FALSE,,OverStock
23782,Cement Bag,Building Materials,270,100,$496.5,$49.6,"$13,404",Alpha Materials,15/1/2024,23/1/2024,Warehouse A,FALSE,,Other
23665,Window Glass,Hardware,74,30,$488.2,$48.8,"$3,612",Konga Wholesale,15/1/2024,26/1/2024,Warehouse B,FALSE,,Other
60155,Bulb Pack,Electrical,158,20,$172.7,$17.3,"$2,728",FixRight Depot,15/1/2024,15/2/2024,Warehouse C,FALSE,,OverStock
78348,Toilet Seat,Hardware,85,100,$190.5,$19.0,"$1,619",Alpha Materials,15/1/2024,5/2/2024,Warehouse C,TRUE,15,Other
70843,Door Frame,Hardware,177,80,$276.0,$27.6,"$4,884",FixRight Depot,15/1/2024,14/2/2024,Warehouse B,FALSE,,Other
73690,Bulb Pack,Electrical,315,150,$151.8,$15.2,"$4,781",Alpha Materials,15/1/2024,17/2/2024,Warehouse B,FALSE,,Other
40541,Toilet Seat,Hardware,220,150,$205.2,$20.5,"$4,514",Jumia Supplies,15/1/2024,23/1/2024,Warehouse A,FALSE,,Other
15122,Kitchen Sink,Plumbing,77,30,$375.0,$37.5,"$2,888",Konga Wholesale,14/1/2024,25/1/2024,Warehouse C,FALSE,,Other
26087,Ceiling Board,Interior,118,150,$243.1,$24.3,"$2,868",Alpha Materials,14/1/2024,21/1/2024,Warehouse B,TRUE,32,Other
26237,Wallpaper Roll,Interior,53,50,$320.4,$32.0,"$1,698",FixRight Depot,14/1/2024,15/2/2024,Warehouse A,FALSE,,Other
24645,Shower Set,Hardware,414,80,$210.9,$21.1,"$8,729",MegaBuild Ltd,14/1/2024,26/1/2024,Warehouse A,FALSE,,OverStock
95643,PVC Pipe,Plumbing,34,150,$476.8,$47.7,"$1,621",FixRight Depot,14/1/2024,28/1/2024,Warehouse C,TRUE,116,Other
85271,Shower Set,Hardware,481,20,$274.3,$27.4,"$13,193",MegaBuild Ltd,14/1/2024,2/2/2024,Warehouse A,FALSE,,OverStock
18262,Ceiling Board,Interior,364,20,$7.8,$0.8,$284,Konga Wholesale,14/1/2024,6/2/2024,Warehouse C,FALSE,,OverStock
88303,Door Frame,Hardware,491,40,$257.5,$25.8,"$12,644",Konga Wholesale,14/1/2024,20/1/2024,Warehouse B,FALSE,,OverStock
78487,Water Heater,Plumbing,379,100,$29.9,$3.0,"$1,132",Konga Wholesale,13/1/2024,17/2/2024,Warehouse B,FALSE,,OverStock
37364,Water Heater,Plumbing,226,50,$6.4,$0.6,$145,Alpha Materials,13/1/2024,4/2/2024,Warehouse C,FALSE,,OverStock
91731,Bulb Pack,Electrical,185,30,$433.2,$43.3,"$8,014",MegaBuild Ltd,13/1/2024,11/2/2024,Warehouse C,FALSE,,OverStock
71401,Door Frame,Hardware,131,20,$457.7,$45.8,"$5,995",MegaBuild Ltd,13/1/2024,20/1/2024,Warehouse B,FALSE,,OverStock
72651,Door Frame,Hardware,444,40,$94.1,$9.4,"$4,178",Jumia Supplies,13/1/2024,31/1/2024,Warehouse C,FALSE,,OverStock
34935,Shower Set,Hardware,124,150,$480.2,$48.0,"$5,955",MegaBuild Ltd,13/1/2024,24/1/2024,Warehouse B,TRUE,26,Other
99344,Switch Box,Electrical,237,20,$403.8,$40.4,"$9,569",MegaBuild Ltd,13/1/2024,13/2/2024,Warehouse B,FALSE,,OverStock
76418,Ceiling Board,Interior,464,50,$236.1,$23.6,"$10,953",Konga Wholesale,12/1/2024,22/1/2024,Warehouse B,FALSE,,OverStock
22237,Ceiling Board,Interior,58,150,$361.7,$36.2,"$2,098",MegaBuild Ltd,12/1/2024,16/2/2024,Warehouse B,TRUE,92,Other
38036,Wallpaper Roll,Interior,28,150,$112.8,$11.3,$316,Jumia Supplies,12/1/2024,20/2/2024,Warehouse B,TRUE,122,Other
64583,PVC Pipe,Plumbing,341,100,$32.5,$3.3,"$1,109",Alpha Materials,12/1/2024,3/2/2024,Warehouse A,FALSE,,OverStock
53950,Shower Set,Hardware,106,150,$489.7,$49.0,"$5,191",FixRight Depot,12/1/2024,4/2/2024,Warehouse B,TRUE,44,Other
73828,Kitchen Sink,Plumbing,369,100,$257.6,$25.8,"$9,507",MegaBuild Ltd,12/1/2024,8/2/2024,Warehouse A,FALSE,,OverStock
17017,PVC Pipe,Plumbing,462,40,$326.2,$32.6,"$15,069",MegaBuild Ltd,12/1/2024,19/1/2024,Warehouse A,FALSE,,OverStock
86831,Roofing Sheet,Building Materials,215,30,$200.8,$20.1,"$4,317",Konga Wholesale,12/1/2024,4/2/2024,Warehouse C,FALSE,,OverStock
34504,Electrical Cable,Electrical,236,100,$39.4,$3.9,$929,Alpha Materials,12/1/2024,16/2/2024,Warehouse A,FALSE,,Other
49992,Water Heater,Plumbing,433,80,$126.7,$12.7,"$5,487",MegaBuild Ltd,12/1/2024,5/2/2024,Warehouse A,FALSE,,OverStock
23979,Electrical Cable,Electrical,208,40,$397.6,$39.8,"$8,270",FixRight Depot,11/1/2024,15/2/2024,Warehouse B,FALSE,,OverStock
12147,Concrete Block,Building Materials,203,20,$358.9,$35.9,"$7,286",FixRight Depot,11/1/2024,18/2/2024,Warehouse B,FALSE,,OverStock
38365,Bulb Pack,Electrical,408,20,$23.6,$2.4,$963,Jumia Supplies,11/1/2024,10/2/2024,Warehouse B,FALSE,,OverStock
25846,Switch Box,Electrical,474,30,$135.9,$13.6,"$6,442",FixRight Depot,11/1/2024,18/2/2024,Warehouse C,FALSE,,OverStock
33793,Kitchen Sink,Plumbing,255,80,$308.6,$30.9,"$7,870",Konga Wholesale,10/1/2024,13/2/2024,Warehouse A,FALSE,,OverStock
44235,Water Heater,Plumbing,296,80,$31.0,$3.1,$917,Konga Wholesale,10/1/2024,10/2/2024,Warehouse A,FALSE,,OverStock
10368,Door Frame,Hardware,275,20,$216.0,$21.6,"$5,941",Jumia Supplies,10/1/2024,23/1/2024,Warehouse C,FALSE,,OverStock
59882,Paint Bucket,Interior,494,20,$230.5,$23.1,"$11,388",Jumia Supplies,10/1/2024,15/1/2024,Warehouse C,FALSE,,OverStock
20068,Kitchen Sink,Plumbing,464,150,$144.0,$14.4,"$6,683",Konga Wholesale,10/1/2024,19/1/2024,Warehouse C,FALSE,,OverStock
97097,Concrete Block,Building Materials,478,50,$181.3,$18.1,"$8,666",MegaBuild Ltd,10/1/2024,4/2/2024,Warehouse C,FALSE,,OverStock
47589,Roofing Sheet,Building Materials,93,150,$77.7,$7.8,$722,FixRight Depot,10/1/2024,17/2/2024,Warehouse A,TRUE,57,Other
62384,Roofing Sheet,Building Materials,190,150,$73.3,$7.3,"$1,393",Alpha Materials,10/1/2024,21/1/2024,Warehouse B,FALSE,,Other
92873,Shower Set,Hardware,330,30,$484.5,$48.4,"$15,988",FixRight Depot,9/1/2024,23/1/2024,Warehouse A,FALSE,,OverStock
66652,Toilet Seat,Hardware,342,80,$497.3,$49.7,"$17,008",Alpha Materials,9/1/2024,27/1/2024,Warehouse A,FALSE,,OverStock
87924,Door Frame,Hardware,259,50,$247.0,$24.7,"$6,398",Alpha Materials,9/1/2024,17/2/2024,Warehouse B,FALSE,,OverStock
97858,Electrical Cable,Electrical,389,150,$458.0,$45.8,"$17,817",FixRight Depot,9/1/2024,15/2/2024,Warehouse B,FALSE,,Other
87712,Bulb Pack,Electrical,3,50,$67.7,$6.8,$20,Jumia Supplies,9/1/2024,30/1/2024,Warehouse B,TRUE,47,Other
12106,Bulb Pack,Electrical,302,50,$159.0,$15.9,"$4,801",Konga Wholesale,9/1/2024,14/1/2024,Warehouse C,FALSE,,OverStock
11927,Switch Box,Electrical,392,100,$327.1,$32.7,"$12,823",Jumia Supplies,9/1/2024,6/2/2024,Warehouse B,FALSE,,OverStock
15217,Concrete Block,Building Materials,438,100,$78.1,$7.8,"$3,420",Konga Wholesale,9/1/2024,18/1/2024,Warehouse C,FALSE,,OverStock
43763,Kitchen Sink,Plumbing,65,20,$150.8,$15.1,$980,Alpha Materials,9/1/2024,26/1/2024,Warehouse B,FALSE,,OverStock
52533,PVC Pipe,Plumbing,260,100,$416.1,$41.6,"$10,819",FixRight Depot,8/1/2024,22/1/2024,Warehouse A,FALSE,,Other
56716,Roofing Sheet,Building Materials,272,50,$339.2,$33.9,"$9,226",Konga Wholesale,8/1/2024,28/1/2024,Warehouse A,FALSE,,OverStock
76404,Floor Tiles,Interior,429,80,$402.2,$40.2,"$17,255",MegaBuild Ltd,8/1/2024,12/2/2024,Warehouse C,FALSE,,OverStock
40716,Cement Bag,Building Materials,171,30,$46.4,$4.6,$794,Konga Wholesale,8/1/2024,15/2/2024,Warehouse B,FALSE,,OverStock
99432,Floor Tiles,Interior,42,40,$22.3,$2.2,$94,FixRight Depot,8/1/2024,3/2/2024,Warehouse B,FALSE,,Other
26032,Window Glass,Hardware,222,150,$448.7,$44.9,"$9,961",Alpha Materials,7/1/2024,21/1/2024,Warehouse C,FALSE,,Other
83800,Water Heater,Plumbing,461,100,$74.9,$7.5,"$3,454",Alpha Materials,7/1/2024,25/1/2024,Warehouse C,FALSE,,OverStock
24289,Cement Bag,Building Materials,195,30,$208.5,$20.8,"$4,066",Konga Wholesale,7/1/2024,17/1/2024,Warehouse C,FALSE,,OverStock
23163,Paint Bucket,Interior,465,50,$198.2,$19.8,"$9,215",MegaBuild Ltd,7/1/2024,8/2/2024,Warehouse B,FALSE,,OverStock
27084,Electrical Cable,Electrical,252,150,$26.9,$2.7,$677,MegaBuild Ltd,7/1/2024,31/1/2024,Warehouse B,FALSE,,Other
26057,Ceiling Board,Interior,111,100,$298.6,$29.9,"$3,314",MegaBuild Ltd,7/1/2024,6/2/2024,Warehouse B,FALSE,,Other
23936,Cement Bag,Building Materials,333,40,$295.1,$29.5,"$9,827",FixRight Depot,7/1/2024,21/1/2024,Warehouse C,FALSE,,OverStock
66843,PVC Pipe,Plumbing,303,50,$72.4,$7.2,"$2,195",Alpha Materials,7/1/2024,25/1/2024,Warehouse A,FALSE,,OverStock
53527,Water Heater,Plumbing,396,150,$26.7,$2.7,"$1,059",FixRight Depot,6/1/2024,8/2/2024,Warehouse A,FALSE,,Other
28781,Cement Bag,Building Materials,493,40,$386.4,$38.6,"$19,049",Konga Wholesale,6/1/2024,12/2/2024,Warehouse C,FALSE,,OverStock
87988,Ceiling Board,Interior,400,150,$404.9,$40.5,"$16,196",Alpha Materials,6/1/2024,14/2/2024,Warehouse A,FALSE,,Other
16910,Electrical Cable,Electrical,430,100,$425.2,$42.5,"$18,284",Konga Wholesale,5/1/2024,4/2/2024,Warehouse A,FALSE,,OverStock
53872,Concrete Block,Building Materials,195,100,$358.5,$35.8,"$6,990",Alpha Materials,5/1/2024,19/1/2024,Warehouse C,FALSE,,Other
69222,Cement Bag,Building Materials,287,50,$57.3,$5.7,"$1,644",Konga Wholesale,5/1/2024,29/1/2024,Warehouse A,FALSE,,OverStock
97453,Door Frame,Hardware,391,30,$456.8,$45.7,"$17,862",Alpha Materials,5/1/2024,4/2/2024,Warehouse C,FALSE,,OverStock
87129,Ceiling Board,Interior,31,150,$440.5,$44.1,"$1,366",FixRight Depot,5/1/2024,20/1/2024,Warehouse A,TRUE,119,Other
97938,Paint Bucket,Interior,90,100,$251.9,$25.2,"$2,267",Konga Wholesale,5/1/2024,27/1/2024,Warehouse B,TRUE,10,Other
98789,Kitchen Sink,Plumbing,391,150,$156.5,$15.6,"$6,118",FixRight Depot,5/1/2024,4/2/2024,Warehouse C,FALSE,,Other
80053,Paint Bucket,Interior,155,150,$56.2,$5.6,$872,Jumia Supplies,5/1/2024,26/1/2024,Warehouse B,FALSE,,Other
86908,Roofing Sheet,Building Materials,200,100,$324.3,$32.4,"$6,486",MegaBuild Ltd,4/1/2024,3/2/2024,Warehouse C,FALSE,,Other
93583,Door Frame,Hardware,120,20,$273.6,$27.4,"$3,283",MegaBuild Ltd,4/1/2024,30/1/2024,Warehouse B,FALSE,,OverStock
14261,Concrete Block,Building Materials,462,100,$12.7,$1.3,$584,MegaBuild Ltd,4/1/2024,14/1/2024,Warehouse C,FALSE,,OverStock
33814,Cement Bag,Building Materials,148,50,$233.0,$23.3,"$3,448",MegaBuild Ltd,4/1/2024,5/2/2024,Warehouse C,FALSE,,Other
78745,Toilet Seat,Hardware,262,20,$497.8,$49.8,"$13,043",FixRight Depot,4/1/2024,7/2/2024,Warehouse C,FALSE,,OverStock
23760,Ceiling Board,Interior,308,40,$181.3,$18.1,"$5,583",FixRight Depot,4/1/2024,23/1/2024,Warehouse A,FALSE,,OverStock
34268,Door Frame,Hardware,104,80,$394.1,$39.4,"$4,099",Konga Wholesale,4/1/2024,30/1/2024,Warehouse A,FALSE,,Other
91437,Ceiling Board,Interior,399,50,$490.7,$49.1,"$19,579",Alpha Materials,3/1/2024,23/1/2024,Warehouse C,FALSE,,OverStock
45187,Window Glass,Hardware,178,150,$498.9,$49.9,"$8,880",Konga Wholesale,3/1/2024,5/2/2024,Warehouse A,FALSE,,Other
49309,Shower Set,Hardware,269,150,$65.2,$6.5,"$1,754",Jumia Supplies,3/1/2024,23/1/2024,Warehouse C,FALSE,,Other
88953,Bulb Pack,Electrical,80,50,$95.2,$9.5,$762,FixRight Depot,2/1/2024,12/1/2024,Warehouse B,FALSE,,Other
10854,Cement Bag,Building Materials,112,20,$137.1,$13.7,"$1,535",Alpha Materials,2/1/2024,8/1/2024,Warehouse A,FALSE,,OverStock
30932,Wallpaper Roll,Interior,345,20,$260.7,$26.1,"$8,995",Alpha Materials,2/1/2024,7/1/2024,Warehouse C,FALSE,,OverStock
33236,Shower Set,Hardware,35,80,$213.6,$21.4,$748,FixRight Depot,2/1/2024,7/1/2024,Warehouse C,TRUE,45,Other
26121,Switch Box,Electrical,440,150,$128.2,$12.8,"$5,639",Konga Wholesale,2/1/2024,14/1/2024,Warehouse A,FALSE,,Other
28316,Concrete Block,Building Materials,357,40,$246.8,$24.7,"$8,812",Jumia Supplies,2/1/2024,5/2/2024,Warehouse C,FALSE,,OverStock
22191,Concrete Block,Building Materials,160,80,$473.9,$47.4,"$7,583",FixRight Depot,2/1/2024,13/1/2024,Warehouse B,FALSE,,Other
56202,Bulb Pack,Electrical,358,30,$125.6,$12.6,"$4,496",Alpha Materials,2/1/2024,25/1/2024,Warehouse B,FALSE,,OverStock
44743,Electrical Cable,Electrical,146,50,$177.8,$17.8,"$2,596",Jumia Supplies,2/1/2024,15/1/2024,Warehouse B,FALSE,,Other
43690,Roofing Sheet,Building Materials,439,50,$379.5,$37.9,"$16,660",MegaBuild Ltd,2/1/2024,30/1/2024,Warehouse A,FALSE,,OverStock
62800,Switch Box,Electrical,297,150,$72.0,$7.2,"$2,139",Alpha Materials,2/1/2024,30/1/2024,Warehouse A,FALSE,,Other
61030,Shower Set,Hardware,462,30,$218.7,$21.9,"$10,103",FixRight Depot,2/1/2024,28/1/2024,Warehouse B,FALSE,,OverStock
57280,PVC Pipe,Plumbing,374,80,$270.9,$27.1,"$10,132",MegaBuild Ltd,2/1/2024,24/1/2024,Warehouse C,FALSE,,OverStock
45377,Kitchen Sink,Plumbing,348,20,$97.9,$9.8,"$3,406",MegaBuild Ltd,2/1/2024,8/2/2024,Warehouse C,FALSE,,OverStock
22767,Water Heater,Plumbing,248,30,$445.6,$44.6,"$11,051",MegaBuild Ltd,2/1/2024,18/1/2024,Warehouse C,FALSE,,OverStock
67091,Water Heater,Plumbing,82,20,$124.3,$12.4,"$1,020",Jumia Supplies,1/1/2024,18/1/2024,Warehouse A,FALSE,,OverStock
54363,Switch Box,Electrical,332,150,$141.0,$14.1,"$4,681",Alpha Materials,1/1/2024,24/1/2024,Warehouse A,FALSE,,Other
85242,PVC Pipe,Plumbing,277,20,$324.6,$32.5,"$8,990",Jumia Supplies,1/1/2024,15/1/2024,Warehouse A,FALSE,,OverStock
61628,Ceiling Board,Interior,343,80,$130.5,$13.1,"$4,478",Jumia Supplies,1/1/2024,30/1/2024,Warehouse B,FALSE,,OverStock
21523,Concrete Block,Building Materials,326,20,$119.8,$12.0,"$3,904",Alpha Materials,1/1/2024,29/1/2024,Warehouse B,FALSE,,OverStock
50733,PVC Pipe,Plumbing,58,80,$143.0,$14.3,$830,Alpha Materials,1/1/2024,18/1/2024,Warehouse B,TRUE,22,Other
55299,Paint Bucket,Interior,396,80,$411.5,$41.2,"$16,297",Konga Wholesale,1/1/2024,7/2/2024,Warehouse C,FALSE,,OverStock
78718,Concrete Block,Building Materials,11,100,$34.4,$3.4,$38,Konga Wholesale,1/1/2024,20/1/2024,Warehouse A,TRUE,89,Other
13756,Electrical Cable,Electrical,280,80,$273.0,$27.3,"$7,645",MegaBuild Ltd,1/1/2024,6/1/2024,Warehouse C,FALSE,,OverStock
83839,PVC Pipe,Plumbing,413,50,$81.3,$8.1,"$3,358",MegaBuild Ltd,1/1/2024,21/1/2024,Warehouse B,FALSE,,OverStock
45097,Bulb Pack,Electrical,195,50,$172.8,$17.3,"$3,369",Konga Wholesale,1/1/2024,30/1/2024,Warehouse C,FALSE,,OverStock
29944,Window Glass,Hardware,85,80,$429.0,$42.9,"$3,647",FixRight Depot,1/1/2024,25/1/2024,Warehouse B,FALSE,,Other